from_addr,payments,recipients,usdc
0x2b4ee3387008e5ff1a9996fc8b48d2fd61389037,7473827,1,196433.241869
0xa39c469c59270f5403b4641131b89bfe2459889f,120530,3,725.035500
0x1cb8d1456efc633da6eeaa038033edcbcdc0bdff,78890,6,195.780000
0xcfa370b01125f985ca1be78bfda9fd790b3da8dc,50787,1,540.318000
0xada3f7da6e71875f1e21e4880081e372e2d0c3cf,18118,1,482.642000
0xd97c63d0503b506b63cae11128cc09d7c1220093,11599,2,198.604800
0x6af9fe471a40560d28737feb2832af50cd45b2f8,9116,3,70.464000
0x9d3d9410be95fa1d230734b961997427fc61d837,8890,6,317.180774
0xcc7854ae277e8ec12a6abec254b66d4d0be6f24c,7240,1,17.353961
0x14bd18e99aced6950722468f262acf8c4f085f76,6765,11,63.818600
0x7e571e959cc7c75ccdd2eac24f8775ea2eaa2f09,6567,337,178.259493
0x8a1a037b4fb377fcecd0f8a0b91a6a35df78aa53,6274,42,45.748000
0x5a3f00607c459474a994292ed55641afbba2f361,5088,2,101.702000
0x5e95cd8d85d0dc7069a9eaa9e92017bc4903a55e,4357,12,23.325600
0xa9c424d119323495c3260ef16c7813a1133cd84e,3549,1,3.549000
0x4aa50c64b321abfe9be9b4bad813c6dac354b877,3335,2,51.824962
0x6909c628167075208e7975c1668522ee629dc0ac,3328,14,16.593000
0xc85f0cf16f5e677bbe5dfc94662cc86f2fba0604,2908,31,8.519200
0x52af3e6d13f7c13ec887a2e69058a1432aa5b768,2823,1,54.270000
0xa087fa11accfff457fd259401a416c7b6ebfd648,2551,1,649.781376
0xd3f621a696278d38fe864ddf371aaff8f0132c7c,2497,7,63.170000
0x34913a202138c83d0ed5fca84e15da456d24402e,2375,1,54.075245
0xebc8c71970eeb6973bd87f1ff146b3ec4a5972f8,2210,2,809.142230
0x3a52b39f3d7447e8f747785c954b9e7b0e285169,2135,2,126.100600
0xcd513d2e063177caa937d70b4d87603a9a4946a9,1857,93,26.039363
0x902dcf34e53695bdea2ffb354b1a2e58bd598256,1715,4,71.548000
0x77d919cf27b7e9583a57e98cf66f3d2e55782ed5,1661,1,6.380209
0x3a2762c54c270a6e097d9b38970b835e5fe59c0b,1648,1,49.560000
0x8000dce4a82e68053326c1f2853d00081084efeb,1618,1,26.670000
0x4dc8cce9b9083942489857efc5597e8003380cd1,1539,4,76.100600
0x9a913dcfd47be23b8aab717d2cd672077b1792fc,1446,23,71.318700
0x0ab8e863c5f39cda36207abd07c093b7df92fd2c,1395,2,15.670519
0xeebe94d4ed4a9e52b049e44ec1c35c1f73f67f4e,1390,5,9.028000
0xdd138e963e5f381ee525aec30da47e2904a45f62,1319,50,41.055422
0x5ec04c6a462c797da50cda71d7ec2e77ebdb4da3,1309,2,118.648600
0x2b38a4bb7ce552e82d5664224bacc1c3daf1ab7d,1294,6,34.100000
0xbc9ce6efbe7c313b9c75b726d6a607ab1e80bc63,1266,1,43.266324
0x8509f588a627e908e4e7874e6b651df73425cb93,1218,4,25.486800
0x0c0d3a429c7b5745ee5fcba087b4bedf73fc6fbb,1216,3,14.726000
0xc2f9ef1a1e55560015666381df151e1079242680,1214,1,26.455600
0x5ff398044d941e9effad20f8380168b7a46a127c,1186,1,18.478000
0x47ee566e9123b39f8ae16f2e8c85996eb2fdc6e8,1175,3,24.490000
0xd14356b570bbe21e7ed652767965b75ee513f376,1163,10,361.059287
0xb46fc1cb99e8cb3afd259afcbd7091123754b59e,1163,2,63.070000
0xdb48f51a2de8f4a80cd1d0badcd18e847734a74a,1126,1,108.698400
0x5b01e3f2741a34b130857013cb7b361cd8147c72,1097,1,6.737000
0xc87763f4e1fe8a8fae04963d1122d2e1fac1d669,1086,1,97.740000
0x98978c8926ac59325b74c7070d9b71fe8d8de042,1085,12,6.419523
0x930dea6e32f07e06711b3966ab5e8962551082c1,1053,1,209.514000
0x4b8340ddc39fdd488553bfe6f98272973f1ff4dc,1037,1,10.361000
0xc533bf5268a2f64adde58dce380651f70aa92d7a,1029,276,4.950712
0xb92a2a1acd95a1eb3e1666157ba7e6abe0341e0f,968,120,9.966400
0x6575ae42e14f26e377d86c022385620297bbb92b,951,7,3.241262
0x12b24e3e980efdccab9e964d23c546c22044d9b0,902,1,4.188445
0x01c956c98b8e2938573affbf5897a6120d202816,855,15,41.561400
0x6a76ba115c9d316a900a8fa43597769263fb5bae,854,1,1.666925
0x4c610340062ada7155fa9ee8a75662fb996a0a69,822,1,293.193794
0x9218fd5a06c6c12a2b64fdc9081c26fc161c0fd2,817,1,66.471000
0x75b1af7b9bfdf04015f5acfbe54b2869d85d6fb2,814,1,12.394575
0x803efb1cc868eb9667597f0474cae0642b368894,808,9,43.762100
0x4c4138cf1cb7db0a48476b2c808cb3ce0dd1f807,807,14,8.502000
0x275ed5df425c495a69349e8c929fd001a7652204,781,1,85.271600
0x49cf38b8996895eef5703a598d94ff088fdd1dc6,749,1,113.380000
0x23b7cab2388d6743425d5abab837c57e23da41ff,739,1,143.804129
0xcc8c44ad3dc2a58d841c3eb26131e49b22665ef8,739,3,20.148019
0xa3091005a76b1480f1897a9d0c2e1c55b7767674,729,2,5.115000
0xa73be929167631229ef76cfa74c591ee9bf69287,715,1,3.886000
0xccea8c4998f62826bbb482dea6359d5936d6ca69,714,1,3.094000
0x617df6d675425ab4bc3a71e67d1915e026edcc9f,684,2,2.993000
0x1cea51c870fdaddc8c6e5b6c118bc14bcfdd2ced,675,1,4.535638
0x843b544bf5f0aa6cbf13e94563874878c98cc4a7,674,310,33.395969
0x9e9b292ea757f35af106e84cbd69fe274f724a88,672,3,13.722500
0xfd401493245323901afdd6f8a9f0c6ea39cfe0cb,655,2,3.957000
0xe82283a63fc4f43d9072e594eb3384abb7403a76,654,2,5.409000
0x07fbca218b0a0a35244e0025a036fa85a6dc97dc,635,19,33.359500
0xb76922c10b34984990b4711b399ebc9406823320,620,19,33.365600
0x991568acc0c91c199b98d00a549af2e981f0e27f,613,2,1.382000
0x2d3af92df6129878509f152e531e1bec2b34c423,606,1,11.529000
0xf04625162b616c5ad9788811b7be8cdd425b37ef,600,3,1.604000
0xd04fb395b7f4bd16f48368de8e078128e44bbb9e,595,1,0.808545
0x9e48cf4aed04cf82eafddd978b68a1a201ce9235,592,2,20.384200
0x945c4d1b97b1837a003d5094b382f67dbd2cce92,586,1,35.160000
0x8c6e26476b77193c9353a633febb80f0441c1b03,586,2,2.940200
0x27abcddd44c4959ac729d080703e677f13a3248c,584,116,25.155900
0x36a481dfd7f235f47aacdc8f6dbbcb697a6be56b,584,1,8.495200
0xe58b043fbd701b5808cffbfe7e455a7f466d2ef8,580,1,65.342804
0x801108ca1b7caf261d2e4a11e7701af7cd377e8a,575,5,0.575000
0x8a69a52b3444ca81b18d06d4158feac79e16f390,564,2,35.028400
0x5e06059a764b7343b828a3b3d0cc45b0bc0afb09,557,4,54.363400
0xc02a5da792bc24f504cee9a8e51a2ad61ba9b929,556,1,7.516200
0x0b2a6ca148a2306f56481a1ff90a84445759427b,550,1,3.850000
0x1ff3c3997916aacc80d376250b6b9b3d46538d58,538,1,13.959895
0xc939fc4369325f3160b124c407bb677da0d38af9,538,1,0.007534
0x274a61adda215d6e40aecf7f8f125a19ed2a3713,532,1,49.930000
0x7acd5b6bfb150d69ea33af78581aa7b95fabcf53,528,2,36.810000
0x680b4cecf8e3c588590684a81c9c423ef36e4ff8,524,1,5.129000
0x4ffd4390c3fb556d08f5a69c25075fc6eccc0327,515,1,7.070000
0x8920c61b1fe0b713f271e86854b0008c19113a7e,509,8,4.806000
0x9c41ad54af3263ee73d58a616c5c2ee057a3e45c,506,1,18.420000
0x0c57c346d50f73ce87d1e002dff498358e9df4e8,499,1,3.187000
0x54c9df94be00e49fd5c5323f64507d183a6b0b90,488,1,1.365358
0x29804e80ae3e01fa28dfe2afa45f7c4c34196883,487,82,2.661800
0x72f6d77a78dbec1b2fff6f6db4672ddde1bd04c4,481,210,8.257078
0xe62923133a417cee4241677865ed5a63f44f4b54,469,14,5.303000
0x37067a223993884429c6e46413eacc8ac5763a9c,468,7,10.837000
0x0bbd2fec713482d888b6d7d7ea7ec8c632297aa8,465,6,19.897687
0xe02bfea02c190661628c121ba0cff3d911d9727b,461,41,42.889325
0xfb457ef697f21bf374abf72cae52f75ab7702064,455,1,9.110000
0xdeafcd44c2509ac1ac6ea431a8b8701b337cb943,455,5,49.583000
0xf615bda54d576e757b51a6128ac8a7c67a1c3d6c,444,1,25.384000
0x1b7fb3e7ceaaa996fff979a014e55220d6c3b0ac,443,1,6.930000
0x886f0626bb49b2393767e07097fbddf1042b6c7c,442,3,9.028000
0x4824dd3974a423c2f254338e85f9e744f3b04654,440,1,7.415000
0xe7bbb12b2939b79dc2e73d6d168b5e7d23b1e1ab,439,1,1.747200
0xbbc9e5b8a35d14207340bcfc9a04bfd534e3aab5,429,1,9.490000
0x6ee6e650cd93385df57c231baae2bd92065b473f,425,6,5.937600
0xfe2d5e9c5ae6e48b7f8b0b82ac4de8b423ba0557,423,322,2.891950
0x9aebd2c87cb1c924fb0d99a17bdc6c8411c25bee,413,4,33.192600
0x04f9a27a963b9f7ebfb004487593aa8c7e19a77f,410,6,3.324500
0xeef8cb4113146e8439665c8bba83afa289a9fa87,398,6,6.807000
0x9ac60659ea5fb87aa38a6d615b220c426e0cdf2f,393,1,0.393000
0xe520049c3d13e85195229a0ce471aea50d4ae26b,381,1,15.597301
0xc7ada9c532c4cd85cb3a1f3c660d9cd474578d62,381,2,14.432000
0x9160b352c130038fd69d88f9fc9f979a75dfeb17,378,3,7.248400
0x6c1a2e59b7bfd53a591eacee652db8e8d908c61a,365,6,22.700200
0xe6478abef02b88890f671e5dec53899ee86cadb9,360,1,63.430000
0x5748c4d7348b719e63ae3a5a1e6caed595c50c1c,359,1,17.870000
0x0bb27b620e2ceb7fc5b6cc504bb80441d5c6003d,356,2,4.510000
0x0ab1c750755fabadc8c1ac9ee21bc8aad7883adc,355,1,3.550000
0xe7c7e13cb107e4d3f8e18893bd2f402fb3d5edc1,353,2,2.450000
0x8f17cc75bc9420f5554e6ad36ff15a4ed3c11616,347,5,6.289600
0x9ed1fdd10e2864d0ae7e8c6466e99c46f9f0c764,344,22,3.518000
0x97b7f63cb9f40a147775aa425589a334f7091e37,336,1,0.736279
0x1ec34cbcd685587f8015dcbf6c1b8665cc93d567,333,3,16.739500
0x6777e11fb0a7917b8110b7dab9188aa3f6d23986,328,87,8.124200
0x149a3182f0bd100ada2eb0722f030841bdff98a2,326,1,2.423000
0x012df43cb91e8aee9cb4dac20959f1b72311a89e,326,1,1.091239
0x2b84e0f341b7f4326e9aa9d111a32babc5e9b2b6,321,1,2.203000
0x6bae57ad66659cdf660e0874d948226696299c71,320,1,8.979000
0x24c97bdb1b8640d6b75d011982e2e6087fbb736f,318,1,2.112000
0x5da4d4c7263e89b770f2155e0541894483d35a5c,315,1,2.237000
0xb646a104cc03404a2883eb160ead5d471cf56e56,314,6,24.722648
0xdd95200278b69f413d6f95ec2fb3d6f56dea59bb,311,1,2.315000
0xcd845cb99dde1c0989a77c6913e4517920f62d49,309,1,2.067000
0xb3cb4654bc39c82eac46c0d1b122b137f06421ba,309,1,1.944000
0x58036314b04952b37bf77758abd6d806cfb24ecc,308,2,12.494000
0x1f143c95242d75eb806bf6ea5f90f82aa6ee1953,307,1,2.298000
0x14da4fceb35cae009f1ed5a6e72feca149595dbf,305,2,18.260000
0xb13eb9a5a650d86a0f173f8300ba28d281e5a6ce,304,28,7.404240
0x54e163e9b8edda194d83f46add921bfa5fc5f4e0,304,87,4.521000
0xfc0206e4fe671af303572d89723e2271c7481a67,302,1,2.415000
0x60b5460ed31c9775510658fe46f7922b8eea4b4d,302,1,2.014000
0x7a23bf84b36ffb93aa1b6dcf90b3e126e649397b,302,1,2.181000
0x464dc46fa2e938576e553a012a20955046fd48e7,301,1,2.225000
0x7a28b4a5dae366dee6f39b47f9d4e7297aca3e0b,301,1,2.124000
0x0fb21fa53524a416f861d5b6743bf6742896433c,300,1,2.042000
0x2fe874d1f4459ba62e563878b7d3ac4b371d67ce,300,1,2.069000
0xdf69aa5ff4766fb90e28a35f9b08b94c8af8557a,300,1,2.067000
0x6bd10d83f9b62168b74d54ca0dd8fe1ad5a77a65,299,1,2.008000
0xa3e18c1e409b9809d1bbb67bcf9ef4c95b2020d9,299,1,2.355000
0x4c3969a973e5a71d9cb992b538d3f0f5090aac03,299,1,2.010000
0xe79ec19c8b3fab9c14180ff7f228d79680611b7e,298,1,2.021000
0x3c83ef6119eb05ca44144f05b331dbee60656d5b,297,1,2662.928000
0xc6050481d76aef2c61344b277f54a712baf585ee,296,1,2.082000
0x9a4818d68cc8ea03ffe0ea9dd4ff9401f2ba3230,295,1,2.337000
0xf13d9dacb63d9f0695f8f1bd2d5f84c06dbea74f,294,1,2.058000
0x7c82acc6273d3773d6fac51950c20bd89e405975,294,1,2.142000
0x18bcaf33e2d8763845adfb686485a83041d09a14,294,1,1.881000
0xda2302e425a46194a7533852e76705cfb2fa200f,293,52,14.704000
0xa0328a74e9260d30320eaf69a716e939bf1bcd01,293,1,2.097000
0x3ec8c245c42ca872badfda5b9c29461e4560c799,293,1,2.058000
0x03aadae5bb2a705ddb77e4f68ba5345efef85132,292,1,2.160000
0x12037cfd619192520d4982352e1c94e686e46026,291,1,2.159000
0xd05e4a34f9ad1c28b6186c5dfbc80e88e36e2442,291,1,2.120000
0x2533022cafa6505042e4928c9706f4728eef04a1,291,28,9.626300
0x532587c35b46ebb7d8e3f2bce8f4cd948a235da6,290,1,2.044000
0xb5f11c660a5b3386c4e805758230ab8c96188611,290,1,2.096000
0x644678ad37833c0d52f0170f1f73a5e62bc3e6d5,290,288,2.997478
0x035a454911583ad2eed85cd9b5e28b784d9e2a55,290,5,20.336500
0x470f1c0051da4bdf9378fa33e8c34251fe63d040,290,1,1.975000
0x4e5d89a4d06139a3f7851da24a196d1e4494528b,289,3,7.762200
0x0d4d5e5eab1854ebe4a4c875a0e78c2be577555c,289,32,3.485000
0xb6334888e9bd437af3eef923f31999b4a269d962,288,1,2.150000
0xd16816cf08bb2cd996be8685b8626afe6a35f06d,288,1,1.994000
0x35ed96655dd041d840ea7a1b891c0e53b3874f58,288,1,1.964000
0x2ede2872ccd2c50a969e32fd438333af124fbcaa,288,1,2.079000
0x647c7f451dd59d0162d70b67dcfea9aaf49075c1,287,1,2.335000
0xfe21a68f21d556a3c4274a44c2fb5410c50cda1c,287,2,14.822000
0x9dd5e3a608ba321c5205688d66e11e81b67e08c2,286,21,1.308000
0x0ae3c6f4a67898ff94b6ac529a17699a6189326f,286,1,2.040000
0x5b37b24e92552f286d7ae82630c8957ccab6bd9c,285,1,27.960000
0x567c9e88f80aa1c8bbe29960e03728e0ded02b98,285,1,1.982000
0xb1de107aa96c6c55c05abb552bd224e0cc813d22,285,1,1.978000
0xafb9de04091e7318a58728f534bc6c4ad1bb8544,285,4,7.667200
0xeee0b8a38d0c55686abda7437cde5ecc73e9b11b,285,1,1.968000
0xaad756a533854cc088a499093dec28e9deb5f247,284,1,1.982000
0x8d87810742c1ed80859c6012986813c5dbc6ad7b,284,1,1.929000
0x4855b06aa4c8508d9d0a551ee821147652494841,283,1,2.035000
0x734c08705ea31726347c5855411d999139ce7699,283,2,5.406000
0x23a2820ecd9b86e476fc4095c2bfb7f65e2c84ff,282,1,1.873000
0x7ac3c52e89b958836c6ed0f16ecf504a3bed623f,282,1,2.014000
0xbcf233677bc49bbd8f9df7ab97cfb7fc4071c308,282,1,2.108000
0x3a17ca27c7d10c047818ecc3dc064419b052f2c4,282,1,2.156000
0xbe41d7813bfe40b8979d9ee211139f1e986cb317,281,1,2.093000
0x0fcbd49bf5faa1a132835e66ecf065bedd5a8774,281,5,7.481900
0xdd16911c486da7083d3ae53b6ff4fd888898fe96,280,1,1.889000
0x9871b61390a3f24ce5a4574fdc0a9b7989d5d971,280,1,1.887000
0x5e0021da376898ccf128172f8561a065703d06b3,280,1,1.967000
0xacb29332e4026eafafc7b1d03740f930f8b42c05,279,1,1.955000
0x09ca200b0ff044ac445382f68782a235910855a0,278,1,1.897000
0x35f422dc36752dfcb055f5ce5efb0e0230f3f720,278,1,2.029000
0xc65a451047094cdd723fff77334d3b9ff8cf28e7,277,2,1.297000
0x404b92a3d42d28514d0ad72e1c0209b5759b1df2,277,3,7.190000
0xe2c9ff8832e3d590bfc563bf3efcccb05c04e95e,276,1,1.873000
0x254a4ec1106ca0416a28125f0a0e6069b81ed091,276,27,6.789600
0x57c397758ab28624130fc78dda2b6799168be08c,276,1,2.011000
0x57dde46408d08821a592592366e90cf44b17c373,275,3,3.290000
0x527f9c48e7f7202230a805278c969b9ac11a989b,275,1,1.813000
0x868cf981cd12bb32b12edf9949dc87df4e76af50,274,1,2.074000
0xd344c583312266c5f9602aa133424c2eb159b3fd,273,1,1.851000
0x014025fde093f8701d86e9f38e2c3a9b779cb5c7,271,1,233.857606
0x97f64515c2dfe6cebb027bdb4debe78efe8fb47d,269,1,1.963000
0xb829a7886636bcf14e5c4db3f9ecfdcb960ea5fa,266,4,1.210000
0x9f73cd6bde1ade734a5c119717d23f778e3172c9,263,3,9.769000
0xe8dfb966dfd77ff5aa79ec8f8e8415a8b1c02b06,262,1,1.797000
0xe3e679e2b75f33f503ee6644e5933b4bcd7aae85,262,1,1.852000
0x943e7cf12a7c2a3c88f54fde013f754f506d4f1d,261,1,7.430328
0x0567abb38e84ff9676a5b9b469b0255cdabe13f4,261,1,2.201000
0xdd25176339ec3be651b946448a34233051a63468,259,1,1.819000
0x85af15f3d7ab1c4ca1abbc97a3fcd3f9615ec2a7,258,1,24.630000
0xc5264fad8d3a8a6f9e08597abe172bc4e056b27a,256,1,19.812000
0x3897f20c4de1557ba965d7404a0a36739992178b,255,1,23.135000
0xe252a9c7b602924650d834e2170982ebdd4f29e5,251,2,2.168000
0x9787266a4427d4515359aa68a952a6a7978ce114,250,2,23.320400
0x888888359e981b5225ca48fbcdceff702fc3b888,249,1,139.345951
0x5f9c874edd2182aae20a718738661a7ae05c4353,247,1,0.865000
0xbbdb7da7c240d2d8caecf17a5bd2a4e1d0b4595e,247,6,29.644600
0xcdce75a1b6487ae4c25e37c0b80daa0b6f735cd1,246,1,232.489000
0xe71fca10c3dde0f49a0068ef3ebd5e7edae192ef,245,1,2.447000
0xca11d50b661310a915b34ff17b7e9e9f74c1388b,244,5,3.443000
0xf7ce69da27bb083a6fc1e9dc5fef26899ab36db7,238,1,1.564000
0xc47e2c704941820f40a6388cf0d1f7a4ea26e801,237,7,2.161000
0x41fdaadfd3841517588ff60b5c5ab6b8a4eaf296,236,3,0.342000
0x6b0522ab8f36faddc2562a63b31f3f71816dcfcb,236,1,4.160000
0x36ff31e05d2af834759f58473681957955893161,232,3,4.119000
0x74f22b62597b1283e6dab6147883e1eb0e395bdc,231,1,0.657000
0x2e8f90bc707a4060e94431670fb5fbf681adb522,230,4,3.544000
0x141c1c8df39837f7b838f07345c9714f7ce41e56,229,5,13.001200
0x85bdb78ad4c39565f767da6733a071f86baedb6b,229,9,15.684666
0x7f85c213969179f9255b3361d7e34f031de5eb9c,228,1,45.660000
0x4b934e5e1d5f1fe2e71963a126c3bbc310dedf45,228,1,1.326000
0x1b205071515667bca455af1b69a83fd91b2769b3,228,26,1.456000
0xd554226ec1f06c87666626951010c61d2d01b764,227,1,53.038500
0x7d431e7eaeb55482fdf4b8962d18fee3b02e1280,226,9,1.560000
0xf5a65ae916474da7fb0b47c6182e6c4eb63a0c80,222,133,18.518058
0xaf573208fca75a5cb12e962ecf8b9dddc330b382,216,2,3.380600
0xd6055ff34bd5de3fd1093b2dde9ac959888cffc2,216,3,3.010000
0x0acd1c9373adef4598b44b844d9f6f6cfd7c11f5,215,1,5.289600
0xefec0ac3b360d419d6cd9d9436f40f132f7e1c64,214,3,5.420400
0xd9b102287a0a03e8977aedac6e99271fe55d6a43,212,2,4.846400
0x8f2c1b0e308e56e469a7512b2b9ada899e7e9295,212,1,20.930000
0x4c261bcb9d0e19da89d8e99a4eec0518d5e2237c,211,3,1.648000
0x599365bba1b90dd2d2dc5e700513d5ab1d1f42a0,210,3,20.706400
0x4c30fcdf35b9449ff280fed72b25341cacd66455,209,1,4.200000
0x8b551fae8fb5c254de13dfe1674d2c3458b632a4,209,1,4.594000
0x406af79bfd62a22ec87f71255fd22b56605fecb2,207,1,0.284200
0x2d29318dbe3acdd8ea2923ec95d4c2aad48fd8f3,207,3,7.280000
0x73b4c9335fa239f9c6df3d28d5bf5d3cdf4de736,206,5,26.076046
0x30d1d76598c3e657c0b3de099da0f49ca0b6a421,206,2,12.302000
0x2acb854ac185dad5d7486a45e91a5863d3fca6a1,205,1,3.179164
0x80c82b3f031f16c242988bdbfc7716230a1110b7,205,7,9.318200
0x9a6d0d6677377b7356a850e0dec00473244c9715,203,1,9.222800
0x5fa77c457a1afa353d495991db548bcc2f60057c,202,1,6.113000
0x5a9ae09e27e47afcc20904c13936d0ed14649311,198,5,13.920000
0x8ca364ec02307923505e9ded210fef622de62d15,197,1,3.227800
0x0145ee0b440300928291668edc5557f4b0779087,196,1,0.196000
0xf777fe7f2ebf6912d9e1005bee79d603f7227d43,196,1,8.000000
0x6f9df77aec5ec30fa0b156b8579b780e448c8ba0,196,1,0.196000
0xf348c3212896edd95a7906f1a145afa954e94909,196,1,2.653418
0x3e9f20304893e1a6555b2ea1b3b87c31dcaf4165,195,1,3.218000
0x91e8f2a9685703d30afcf6825d470e509cdb436f,195,2,6.112400
0xcae31081f49272357690122a400a81e6f7afaafe,195,1,4.696400
0x7cc2b3b6af760ee1b9e43c63b4a06df7bb1ae7b2,194,1,0.194000
0x30a83c52aa03312ec69d8d17f1c8c01a4628fa2d,194,4,12.985400
0x9bac0cfa9b3b7cfc66145eb6823e93527c4db0c3,194,1,3.163600
0xee68c7ad76aead6fa2ebe29e8765710b1b0c403b,194,2,11.214000
0xd50d2454acd0015ee41ef7522fc41fcef79829af,193,1,3.766600
0x33463419cbc23c7cc8b49409c35d199ca897993c,193,1,3.754600
0x67b347a8188177fbdaea38d357e11f58bf8d8f08,193,2,2.668437
0x89d10cde68e67394ed7f8b5abdf5a584189edd56,193,1,4.141000
0x460833149aceb362925a230090315735f81a2127,193,1,4.024800
0xbfcb91b5f7b84cea08da977fd39f344a8515d14f,193,3,3.673200
0x05f82ade4d52f931728fc8d6458d667f6f39ed41,192,1,0.008918
0xd7a1fcb0ac1f0a5136f584d3f07bde6aca6cdfe5,192,1,1.344000
0x14a9206f4a55679a815c44472d8a01e35b784747,188,1,14.170000
0xae9e39b4ce25361a45547775ae01be577049222f,186,14,1.238000
0x57d3af387e083f92597010d25b38ee281874cb39,185,1,3.141000
0x4a5d9c9cb3ea3b605856a7a69e035e40cdd1b9e0,185,2,5.620000
0x643c9ae0abb375aa894b3db3f03dff34f39f02fd,184,1,3.532400
0x1aee6d0378985e1ace4dca3682dc26f73d983477,184,1,0.253000
0x32586a0ad264e87da48c2efa6779a577a414ebce,184,1,6.595000
0xa4b6d209c3a129832a81d3ad8ea256c5019f3a2e,183,1,2.396000
0x2b53edf9f8335a68dd31b3e9489a15781676fe2a,183,1,4.311200
0x8f93abb3636628f0c514076b1870d68812d056d2,182,1,0.345500
0x8ae37331c3ca5bc32a643ae805998606222633b4,181,1,17.560000
0x2abc38e747b14d2471e8c44dc02e5ccfe6b61a8d,181,1,4.486600
0xf0686745dc961c50f67ba2f994b8d19cd875258e,181,1,3.949400
0x64590094d053604081d027a1da926f2a97b18599,180,1,4.400200
0x2b9efb60ae03c39f7684a9ae6eb202cd9dca41a4,179,1,4.042000
0xf5c5455b4ce98762709b28b40ed9e52466eaa03b,179,1,4.117200
0x941923fdb9c1bcb2212311a7a153f6d59e6057aa,178,1,2.976000
0x71264527f868f3ef24dd1ea842666cb02ef7004d,177,1,3.325800
0xf4972163ac415b7c90376bf08f74f5df63492fb0,177,5,8.872000
0x27ac1983342022ccb07068e029d9e29432eed237,176,2,10.463000
0x85ed02ee249edadaed9e07ec37e5d4ac150c67d5,175,11,11.128201
0x801f99741a23efa4b592b3663c6020903d6d299e,174,2,4.715200
0xaba8f54c6ca032973d42de041f55dc2b5b3cc6fa,173,2,3.276400
0xa74f75bbade9bbf497b48aff4d3bc436a03be2f4,172,69,7.332750
0x09da41e97d1434645df23591bd61d240f4e40a15,172,1,16.570000
0xff9f8d44a0dad1e3a929b40a0933fdde0fd40e32,171,1,4.593600
0x3cbe7b736c5a6fc726046d1399c8901e33a0daec,170,1,0.025500
0xba1c8b9267fb0cb89296fcf3baa60edc6d301afb,168,1,5.108800
0x1546e6b222dd17c330caabb5af723eaccf7680cb,167,1,0.326720
0x6fd92e11df636847c783b381b740aa63d9f462b4,166,9,2.323800
0x6fc8b423f8ddc38589e68006d11c7ad98ac6e167,166,1,16.330000
0xeb1af442219dbab22ae1e4130824bb7f511b6d03,165,1,5.590000
0xae24939eb3b5f0ece7db6dba8fab7b8c19144040,164,6,28.932500
0x14ee03d4413d55396147829e328eb0faf70b346b,164,1,15.680000
0xbaa124f824a58dcb06360260449ba8c3948080bc,164,1,14.780000
0xe6c57e7771c041b9ad9ef17b4ddf3611e1d7d0ac,163,2,12.847200
0xf674813da40f04f3ab9f2ef370827406287351d6,162,2,9.561000
0xe40af8d6c95358470e61ffc40e9db414518f1780,162,1,2.146600
0x01d4db3a969a9603ed6e31253dddf02941579554,161,7,4.560100
0xa51bbb6e79878240058445c498f532b63d1d6935,161,1,3.630000
0x14fb24b8553c7c51237fa8dc4ebb699d556b999b,161,2,1.099403
0xbf3416607772a7bffe543b2a9240cbd0e2efa284,160,1,15.370000
0x5969e109437015ae9e6db43d2419a34dc25db84a,158,2,2.218000
0x6a2754867af13749ec3f1974e072f8bdb6e9f993,158,1,152.265173
0x1878b2cf46816b6d99e3bc37e651b50a6a54c4ce,158,1,14.360000
0xf7dcf5489a29c6e8e83369710aab965d5e4317b8,157,1,15.571226
0xb6539e6066072fdd8a44d179e5d425e986703b1c,157,1,3.260000
0x8c51d43d34296e542506102769882855e93c769c,157,1,23.550000
0x7be0a5fbadddc2bd29dafd972ba79a92c7336aa0,156,1,13.890000
0x0a7108d28778634bfe2e74159a24e68fd3d876a5,156,10,23.660283
0x3a0aa040b8785babc28b8436065dd2057c17773e,156,52,3.120575
0x715a65d2342b520e7ae40ed8026e805c54f8f728,156,1,0.284980
0xebb314b43a468ce6509840fc91e8393f622a2f95,154,1,14.590000
0x6af60d245982296b92354aa3904844194b8be168,153,2,203.400000
0x02a8f58886f4dd25648d9e6f2db0f730804fcd60,152,1,1.641000
0x4f282bfa1f200708d4606b94f692e943c1e5fec6,152,1,2.340000
0x4b32029eeb47ed8bfdebde7b979c3f9daa043161,151,3,11.560000
0xdd5ff8f84d3f5487d3cde5dd8ef3f356fb92d05a,151,12,9.244000
0x3b3ef9fdfd010eaf75a0c8936eb55301f980e1e7,151,1,13.750000
0x5ef6329896cc44d32398b727fd0f042ba472308d,150,1,14.550000
0x3c9e6543cc1fcfedc9e75cb8fd308db7b13d68b5,149,3,16.650000
0x6d57953dde041aaa2a53934c01118045321d4391,147,1,1.902133
0xfae1427179dd5570bbe373b66bfceb5466cafd47,147,1,13.440000
0x6b6244700ceb434a2801e5adfbb3371bd426b7bd,146,1,4.320000
0xeee6d7de846a199888e629c437b3ab3090c46592,146,1,0.296180
0xdd5ea006bf8ac5493524ea60e1d17b02ba09fdef,145,1,5.061000
0x08dc5aa7d1086954886c02be127ca2c7616ad4c2,144,1,0.264620
0x7634049659b25b076282efe4604e729b2100eac5,143,2,1.449000
0x94eddf9fcf0af60fd326710fbdf39cad23fb91cc,143,1,1.824000
0x684f22f769d03e451ced5715a11f5087581d969a,143,4,3.347000
0xc1f67a414ba2c7f0e1bbe5ba71b9226e6432982f,141,1,12.300000
0x7f8c466010711fdf838323184c0bfc4cd3ceb47e,141,1,14.100000
0xb83e6924ff53d2a7ef33a3e6906617f9f03f3808,141,30,1.271000
0x28c77be1c7664081db2ce6f4e63db8db60dde3f5,141,1,0.307440
0x48112a0d3af73e88ffa6410e743d8392f8d73ac0,140,1,13.190000
0x3d95b026e3654dadf22f07c695dcf54d69193181,140,2,3.700000
0xd7c93497ee228b58995adc1ae473a7f9f7233734,140,1,2.440000
0x469807d71dee60f904ba39d4e05b862a4c64ef1c,139,1,0.252440
0x86a454d9a407dcc16ab53116cff3483241e3822f,139,11,4.091000
0x69b8fcebc1fad391888a2a7e8c42d46ec9b58fc5,139,3,24.674000
0x4df34ec73aae8bfa5efcbb429b72d90150b9f81f,139,9,0.803000
0x36be4323df26d13735986e508e799f54032de7d2,139,7,1.497265
0x4743464f1cb2bbf8e9996e06f5dfa1d21f00e1cd,137,1,0.320160
0x808111205f1d191a3279c336d5a1dce4ddb8830a,137,1,3.425000
0x20b3e765749ce1933405a1f11f4bb709cea3c3ce,137,1,0.269480
0x7ac3305096ac277bf7ac78188db0350cbfbad43c,135,1,12.240000
0xa6e4864cf6b1f58440928ec1670be5223e18eb58,135,1,12.690000
0xd82e00a98a25ffc2190b34ed8252b00c298f6011,134,1,3.617000
0x17d38086121b654c02dfc8de1fa9e15fea312255,134,1,12.050000
0xc4e78250eca72852c7165b1c325599b68ed64886,134,1,13.130000
0xbf6fcab7c9e49775e682bd5fec6a824757b73422,133,1,12.040000
0xc185be29a6546c69609ba07a98dd0b3c6c574b7d,133,7,22.403600
0x9226b6b517a8ba8329193275d3dac224ed7618eb,133,1,12.850000
0x5fca5b72e4dd47410d303463abd1a17ccfca3b3e,131,1,11.570000
0x22533e2ed4063f68842deb30dda7cd934e69c1d2,130,1,0.202680
0x46a79c78a645917682e606ea6c4f44d5f45c7651,130,1,3.288200
0x411635f2e74065c184bb6266d74db91fab07660a,130,1,0.228600
0xef4c4d5345a7ae2b8ba864343055abbc4a6cfef9,130,1,11.470000
0x5cba7a2356d427f4bb09b3d9164ef9d6264ddb19,129,1,11.640000
0x82008988d785bb39f1348b47d421e340785581ef,128,1,0.215720
0x2dbe7f0968ed1af8b941d29ae6e673cd054ade88,128,1,0.271620
0xa1eb063e50bd82f3b511bac3084abd67cf79afd4,127,1,6.350000
0xc59e74ed6386b2a12d892fff2509a6965a0498dc,126,73,0.638000
0xd3e8a1a98c54bda5b95b06fbd83ecd71a24df29f,126,1,6.300000
0xd8d3c26550395f69426da90923b060114010b63c,126,1,13.150000
0x7cd443d93a981ae154a78f4a9b4fadb6e8a7a264,126,1,6.013000
0xbc2a0834ca6f5c70e97815b34048b8362f678521,126,1,0.271200
0x1b0e3f01cd6c618e7f748d36d9ed95f8858eb6b9,125,1,0.283240
0x9fb5584ebc3e0f0ae7bfee0aad4914a6bc99984f,125,1,0.256760
0x36183b08d1bad20e0be9c0098d06f1096e682981,125,1,10.700000
0x434ca49ff096d5f077d8a579472aaa2f2f474580,124,1,10.870000
0xef5b2f1372104ec34fdbbf4c6640cec2a6d63995,124,1,0.229920
0x0d420483700b885dd378d0e6a4ad02bdab36443b,123,1,1.230000
0x09a2740e5af4a3617cd6a4743415a7675c02ac33,123,2,19.980000
0x7052ca449702e5ffafbe3dc63b74c7b7d8af402b,123,17,1.329000
0x3cc99f38df04ba3561620b712e0c7bd6a74d3834,123,1,4.762000
0x5e70427684fc7e9d33926da5729ebef97e2105cc,123,1,0.254660
0x8709d8484086312c8908247b1e9939f585189c9b,122,2,5.677800
0xf292c0d7872b90c45d54751f59fa226136334d96,122,1,10.670000
0xfdba42e17800c2104e0c42c8e03aa3b19dfd9115,122,1,10.760000
0x369eb8949922589b859b18a35d7c087327925157,121,1,11.200000
0xd16d33a1e8d2c84b5be2f9242be36cd2f9727dc3,121,1,11.560000
0xb5273f0f04ab2e42b039f826eba1d8e8ab25a0a6,121,1,61.252000
0xe3724232cd926d708737bddaa7b60e36d4bfb5f0,120,1,1.180000
0x0adbc19ca10baa33b1af12f1f7f72a4ce310798d,120,1,11.730000
0x48b181a519bacdd678e3eeb974882eec7f2507d3,120,6,1.919500
0x023dc7f02b01802dbdacaf56dfd20fcc82772164,120,3,5.453000
0x69d286543f198737459635155e3424cc233929bd,119,1,10.550000
0xbc687b498eac52f95bede6700a981dd64a22920a,119,68,1.626663
0x965736e34b26cfb77e9772ad0ad9b0cbba1b056d,118,4,11.339600
0xce18cec054148f5ffb86853c4693dd896f6b5281,118,1,0.287160
0x3cb6319ca1fcca620ffe531cb32a226bef55e420,118,1,1.180000
0x486b9d7a35688b6d1e2c781a8d8e1409d926b9cf,118,1,10.090000
0x57fa34a3602fba13ce02f81ce83ac9e17d75df98,118,4,7.990000
0xb3eabbf5fe8375c2315a10ac2baf409012585bb7,118,2,3.260000
0x34fcd74b5d16d61d1d9699020f04819a9a2d4560,118,3,3.710937
0x342dad8b7521769737c6a44dcd81a77f84ea7bf7,117,1,1.170000
0x22f785a29edf072e79d5a1d797cd80d080a3f204,117,1,0.204200
0x16060cd245d344d29134de582074f437bdbcccb5,117,1,10.160000
0x5cd36bfc08efa2296430d50387c04eeda4cdbbbf,117,1,0.296060
0xa4b431b336932b8fd0964670892a14796379240d,117,1,0.971000
0x4601a97bc3ddc9a62d6b121f32760a4b488aa98f,116,1,0.290980
0x46b488de21e80f510870324658f34c917a9c1c8a,116,1,0.116000
0xcc5b81970364a43ad15ad50eca4a609015e79580,116,1,0.207380
0xec87485cc0949e50a13e8ad5ee371f1de12281b2,116,1,0.700000
0x4a7822350648b0b6ea8ce471532b690e361313b6,116,1,0.221920
0x9fb3c0d2433270ccfb9b6eb6be4e6dbfd1c7581b,115,1,10.780000
0x7e1e7504fdc7fa3201c81a08109e60f1d93cb371,115,2,4.230000
0xe6dab0930e6cef9af5c641542b463b970d11c4ad,114,1,10.050000
0x18e4f5639d8e6b2aa3781bfe9e9228e88241f92a,114,1,10.140000
0x8b86f88a759804272dca46cafff8d3d6dd5a80ac,114,29,3.514000
0x842696e11463f8aa8dfe1b95a7d2efb499ae6786,114,1,10.140000
0xb0f917c72c14ea7ff7f3e06d032f9959c96bf12c,113,2,1.994800
0x05f26100869dcf53f86944767ecb699592b1ed41,113,1,0.006816
0x61fc36216c5b87c981ba9ebbdc34c8dc9d7c6dbb,113,1,0.349980
0x9ca0321249cb96175639855e68769b79314b802e,113,3,5.383000
0xd3fc18be4ecd7656465e5aff07dfc96e248841c7,113,1,0.186840
0x3eccad24794ca298d25378e9902a251322ea8749,113,3,0.597000
0x7d3546ef021bdc87d556081418977ca3d1439973,113,1,0.299120
0xc2c8e6227f44fb0b4b12dc639ac06e045b2a63c7,113,1,5.190000
0xb59aa1cc913f75dcaf596169f060bac3f263785a,112,1,0.246060
0xa2b333228b84293a5bf89187cd517b649c5bf2d3,112,1,0.238600
0xf225fe052ad960ff658446a2a44bc429e225631e,112,2,1.317000
0x7f1e69629eab9a5c876f517697d703c2d8851c3d,111,1,0.196240
0xa7d200324dc662bd0cf54aa1b2878939817e8977,111,1,6.660000
0x98ab901c5075b9c014b4605bb952d4b7960e521a,111,1,0.265420
0xf9a4334611343c9de0136e6e80329ea6bc309406,111,1,10.290000
0x99036dec198268f3d1a6b9f43c4e1859a1aacef5,110,25,0.198050
0x7b7c6b453f29747022fd3326fd545b3cf165ef7d,110,2,10.885200
0x2a3770e744aaf78fe499399e0c082fe25480b949,110,9,3.771000
0xd24efae646bfc3df2395d994533fd13097c898af,109,1,7.375000
0x7b2150ae8e1da4cd8c86e2597ee3bdc79f68f448,109,1,0.378000
0x9fea06ed960dc16b23ac98a8b6dfab6b8198b5ca,109,3,4.835000
0x030526f330cd035dbf1f17e6d72ec3b476df6e59,109,1,0.218300
0x2b2a367ae9846944d9961eba96c948104acdcacb,109,1,3.576037
0xd5791860ca10a6f39749fb499931c79c7c35071a,108,25,0.787000
0x430ecb9f22f28a827cc0eaadcbb7ebdda3bbf7e7,108,3,11.683000
0x33b26e111fc756887edcc2c85862056378dcfd8c,108,2,0.443000
0xce630229ed616815b418d263948a9272d0d58af9,108,1,2.132000
0x39cc88149d7fe37055f42b1238eb931e7180b266,107,5,1.190672
0x930d73eee3a1078ee20ee3db6445852e45300c5c,107,1,1.873200
0x3ec220d1e7c3fb77cbeb0f9eaa6f0f7b349508a9,107,1,0.243920
0x008f2bb8f04af3aac87703e1e666ea6d212630e8,106,1,20.445038
0x3276e505b61474c7259f951baa5a82a9c8cfcce8,106,1,14.122792
0xa9da029d87ac839573c81c51295fcdc56b3c98d5,106,1,8.480000
0xb86301b0f00ac60ac8a815360b1036e86c655c77,106,1,0.825000
0x48b83cd783a37af6a479777483d0645e174c9a0b,105,1,0.200360
0xf4a0851d956a9478f15addc549f981e2dac78c8b,105,1,0.185360
0x5b20415fff2b52bec62e4b70f6446b5eb2de0c7c,105,1,0.819000
0x40b12181955cb3a359f0ef7d61a98c7b5bffff5b,104,1,9.770000
0x81cd2967bacc9bf2d03595358b77073e48a7b451,104,1,8.275193
0x4c70c934772e8bd47b8439da6a1db1551ed8bd96,104,1,0.241220
0xf59ebf2cd26d954fe773536ceba7dc5c4efc251c,103,1,0.192840
0x529c4593d6ea250d2cbc797c6baf8cfe6c45c187,103,1,0.242520
0xae539098d5b7fac564469b1cf1ecc450966301e0,103,6,2.598000
0x93bf1613c6fc156c20cd7195eab967229c6b2b02,103,1,0.815002
0xbd99389f18c6b7f05440caf5ee6b2f4adff14efc,103,1,0.278380
0x19a91fc156cddeabb0021dd8c7897b344cb015de,103,1,0.262540
0xbb7f2074b7a443dc0cb6ff58fcb00d35de25da37,103,19,0.160550
0x9641363aa6698a50cac3586c090771f2c105adf1,102,1,0.243820
0xdec27773d76c1c365268ecefba57a00a3466d054,102,3,32.920000
0xf3be3d158274a7c2e649d10cea727aff53782390,102,2,5.317000
0x66c2eac5c5ce3f3e24367ef60278d8d73427356e,101,1,0.300160
0xd26ab1b62769924f81f4d7204147864b63a06406,101,1,1.532453
0xcc00b04910ae7a67bc0e0eda5f121af70568d003,101,7,10.624000
0x9688385469cd5d216fd5a89eb03ec7fd0e0bd92d,101,23,0.574000
0xd821670d20eef9ca75f41e5fdb65a8a8ff337773,101,1,9.920000
0x595248eba0746cc69853d20511f8a22a0468d781,101,1,0.313260
0xad1680587fb06a9541970bb006f9222146d4df46,101,1,9.380000
0xb9a8f56022c4d231a916c7d35cea7841df92e6d7,100,1,0.245380
0x39b8fc64a6f4c495bb1ef26826578bab32732968,100,12,4.459950
0x9bb46458913b423cb611324d033516f0fd10005a,100,2,3.500937
0xd09946fef7c982d5bc54ff0ff1982ce783e8bb69,100,1,0.182260
0xa52a16ca194e96a412bfbb1022cce6ddd4d60d1d,100,2,4.860000
0x9e5149bca31332f888b9ae16310afb21543da701,99,1,0.248960
0x1a6b52d366db1de516bfdc59783e0fd5f569da8e,99,1,0.179060
0x83f96eb5b6126d9b5668ed78f4b06f7b9174eb88,99,1,0.229940
0x24b5392cd0aea5708851c8bdaa1c14b3cc4d6d46,99,26,6.958002
0x8c131affc4d1dc8202be5ae4b2cdc313fa2387be,99,1,0.190040
0xc602ee5e93efcfe93ce15101c55738646e880b2f,98,1,9.530000
0xdbc418783dd69312046cc32206957b85b7751013,98,1,0.167920
0xf06077adb14c2b85fbdaaf79cfd10bd1e9859b14,98,1,0.211980
0x4b37750bef6b3278625268997a436d9f476bb956,98,1,9.710000
0x7ae47299572090883f51fe6d4ee457b1d01436db,98,1,0.252940
0x01f62d4de1a6c9ab6864c80b74156e9686894d80,98,1,0.165700
0x8007c79798c82dbd99f7fc1729677d24c03197b2,98,1,0.199200
0xd3b494d85fc01971db137ebd2c3f5b072ebb2736,98,1,0.860000
0xfba0552e4dafbfaefbc2cda822400d4e09efd164,98,19,0.139900
0xb81537f073fa9a6b8b6e576e71212c9bee3404b6,98,1,0.252740
0x9676e833b681f636809b5cd898aa8303ed3799a6,98,3,61.240000
0x77065d81e18ad403bcd6e9a0616b288e16744121,98,3,0.198000
0xf55e4f386e8759ef766fa38e214f68299958036e,97,1,0.168160
0x5d9f5b5ac58cc53f4c620f41422f09dd370980a8,97,20,0.158300
0x941b3b1c9f44746b76cf9e9b0e5a7f49da56f15c,97,1,1.046500
0x7c8d75d0b6344ccd471eaea873b92788edc059c6,97,1,27.748184
0x8d8ccc057d06d9ff8625a0c63bbb4e0599efc30d,97,1,0.185640
0xa7fcd8092ff74f9440534c62479fd6392be35464,96,1,9.600000
0x944aec981dcfe278a6ca2dfcde32a0a3c2551fc2,96,1,9.060000
0x6783c70801aa2b791a9463a46ecb5b1d7c905dc7,96,1,0.301420
0xb08c179b1651d4b8a512d90df0d55fec82d3c7bc,96,26,0.145500
0x53fee80916611148dd2af09ecb019fa617bc28bf,96,1,0.233400
0x40c5f634a24932a093c28ff05a90299b9a10f83c,95,1,9.320000
0xd591f0e9f4f85b917f95f226254a952523a8b3f1,95,2,4.111250
0xd6408bd2e5f3c4574612d375da6604154cddc8f6,95,4,6.688000
0x6112fa78d3aa625e2b93f4c566be4add4eba6899,94,1,0.658000
0x7f74ce6d34ee0180f0217a16ce05f3b91272570f,94,1,11.500000
0xd5b15f879e0bafae56e81d835eb3fe34de08e707,94,1,0.597000
0x65fc37d7285e48ef2de3b3e9aace8b7f5cfeca94,94,1,4.998978
0x08f907a3522f0b2c392176058b0da5a7da92fd5e,93,1,2.000000
0xd6b3abbc4808742b86dbf109b2fe870d57c8dc2c,93,23,0.166300
0x4d651fff10e72df23ab42340492801ca39bdcc76,93,3,8.270400
0xc7e22d02c6fc035dab7751a64834791034b96954,93,23,0.152400
0xfc6a92c2b854bcb93896987c61b5eea2178a1ba6,93,1,0.254020
0x17d5b4177a66eb11fe7fdce6c12b06bc2c6a34cc,93,22,0.147400
0x46294c0fa2a63ae51aecee4a2823c1a24dc36f82,92,2,1.227000
0x6302d9e6dbb22fec3c350551568bb39b4b35ad57,92,1,0.920000
0x5975442e9608f71cea6e9b1f3841b5a045e0500d,92,20,0.610200
0xdd7ae0c53298f8ebef61ca37f0011ce03b47842b,92,1,24.717200
0x34b1c13a67f1d491e64bef99f10cc6496f47ff9a,92,1,8.570000
0xdf21e8fb3d08c39750a150a62e24ff8d7a03c565,92,1,0.186120
0xa5f07d7936449ad5d3d8b7f2b406b1dea9ce316a,92,1,1.270000
0xee70a48a3c4486cc2dc28d18b75587f5e21dbef8,92,1,2.455200
0xc6e6df3193338633c35a759218f097555b76f70f,91,22,0.154740
0xf2b4ac7811aab15a04ae1566a2cc89a9a7b59410,91,1,0.224480
0x90f2c7d16a916c46b972ec36bb284b8a6edfe29b,91,1,0.183040
0x5e525b3cebcfc0fca20daa0e61c16a0a8daf5364,90,9,2.891600
0xa8c888eab7ad7c3ff86a1a6ffcb4bb5f2d951614,90,1,9.063000
0xe2d8dc842fc5037c99c332bd57baaba3649f66c2,90,9,5.199000
0x15d30032981a77164ee9546542ae4becdac81cc8,90,1,2.589000
0x9fc9eddc34db4000df6dc004d8e05da92b9e5d9a,90,1,5.562649
0xc4ae778dd62f98a72ca2b5351ba5d868d51a11b1,90,1,1.620000
0xbcda5e9ff35548622d3e350274fd97991f0bdc4f,89,22,0.151800
0x9a8e1d05c1dfe7810f68b5b0206e5868bec8cc8e,89,25,0.153200
0xbeccbda311a9dfd6290c997aec6e60b3b173fa72,89,1,0.263840
0x0cb5c18041cf1024e68bfbd5b7b41d8b8e435467,89,1,0.164080
0x91e45e705a3b3a9a370fcf8f5d567a746d3b789d,89,1,0.166400
0x2574c522ef2de7516a66fc307352f2aa42d9f6e1,89,1,0.532000
0xd952360e6e4f2a3fb692815f4d91decdf114523d,88,1,0.248300
0x85aad0c1f1fd3475d22489bd192fc5bbbf78616f,88,1,8.080000
0x1b43a209a8b44d5eb27e5542599559349223dd36,88,1,0.223160
0xac4a90fabd14384474a3b3ac2548ab6df9151cbf,88,1,0.154140
0x28df6843c84cac786e3605708a83eb384257a2a7,88,23,0.118440
0xe14c8d6b63dbaa4a3c2b77379f4d8075d1ae85f2,88,1,0.189600
0xdb949696bc0be52ec18c22014a64ede4603bf288,88,1,1.000000
0x82e52387632d3dba5c414f06a009ddd07251c8b6,88,1,2.060000
0x38bc1f42b92d56491eec2aec49351d35e542c855,87,1,15.640000
0x3b8c93dc82142460d636fe992a7d33d106a97f0e,87,1,0.169000
0xd2b53fe268878e38145a4823bb3e6680ba7730ab,87,1,0.206620
0xeeabfb85ebb9ea9df880a3cba88b9212d40f7bd5,87,1,0.165840
0xc77f18112f01c8885d095258fd0ea8e8018bb270,87,7,0.673000
0xea9610c1bee5567ab67cfed6fadd6c35f7e8d850,87,27,0.191184
0x4b677b0fee004b59b007e2d5d7aed68e69703043,87,1,16.776451
0x97bb79f98b84188ed165a90ee9eeb6600a4fe70d,86,4,7.790000
0x125675aa866a6e2af6a6cab57056bc3d977746a3,86,1,0.681000
0x61fb4c3b0b965164d99cf581a94e6175abba76a1,86,24,0.144400
0x9dc16cf63f6bfbba69979b665c4ad673a2ebe94f,85,19,0.128900
0x0f2931a8d619187ec3e71039d4075a94a075d799,85,1,7.960000
0x3f8284876491641abb04d193735372de86d0c465,85,4,0.105000
0x7781722fd02080078288dab78df580a9c897f8f6,85,22,0.157840
0xc4896c48cee7a97dc174054fdeb35f22216e1a2d,84,1,47.886789
0xc6827f6e0c58adaf63c3ef0c921e80edb29a4212,84,27,0.118500
0x3cd1f7d787e469b2936c3faded717c7bec3b6399,84,1,2.412600
0x8c58b660ed3996260488bb0b6c57e673d99b66a8,84,1,0.714000
0x6809025e46b1e331ef6fa3298d359fc027232fe0,84,1,1.190000
0x66d60de3f7112787add464be32d97c9b4601b0de,84,21,0.134500
0x9f5fb3706ccfb76f0bdd304e89f1cf61dc3c6e50,84,2,16.218200
0x8b22aa9fb9bc01cf7fab1953f02a40922b49f338,83,2,3.500000
0x13b2da40bea271d8756e0011eb6b7b541ad9e4b8,83,1,7.940000
0xeb7682b32ca3693c6586eeb176e749261df08222,83,45,0.646300
0x3ed93a7b87832f04a91137cacb273d39295e430e,82,61,2.616500
0xf07f2c0d2fcf05b9d2a880ff10f0c6149bb4aad8,82,1,0.897007
0xeb309af692202fb70fed1898b7bc7ddf6183e1df,82,1,0.143040
0x95fad89cbe5f368d8fa503f0d375302b06b69ba9,82,1,0.156280
0xd072cddda8371d97834859e9c840f9b0f1e51a1d,82,1,0.462000
0x9e31528fda2b18528af7ac8b9318dd65b4bbe7dc,82,26,0.128700
0xabb49e8a57cae70d7a6716a4d77db887f3eb2c6c,82,1,0.216760
0x1279bd472f097f015487c8bb1f840d4349c1e286,82,1,0.185900
0xade2681c45e136dffe60a55ae2ffb71e6b50fa7b,82,1,0.137360
0xdf9c66756a3a89ab4f5f326f732c682c60ed3866,82,1,8.110000
0xed8d7746f3a47e735eb6bb10579a3cda887a4b35,82,1,0.144560
0x1a0000d2f2530d1c4139e7160b3640e849859a8d,82,21,0.114400
0x226f1905decbed14c9a779904b7df03860bf39fa,82,1,7.480000
0x854de845d3dc10208c97014fc43f5711ea17e61e,81,1,0.208080
0xce3c6e20aab568dfe60ed99fabd82770c49fcaf9,81,23,0.155420
0x3096ecf4b1338f754909ec79a8e23bce4f008447,81,28,0.154300
0xd40240864d53c15573b705f2b9dd5d7f2390d774,80,1,0.158040
0x20a9f7be7632b0b3097768d35e3521b14154847e,80,1,0.178640
0xefafa8e3a07f9ef9c0d3e1a6d8250a2f9687af6e,80,1,1.979000
0xa27601567f1ed896e307da4b560eff5238a13095,80,22,0.129800
0x93f2ad08f1fde75f093cc33d4241a79c61e39381,80,1,0.193000
0xae529b51d736f18a371b192c8bb5eea598bf9c6e,80,2,3.500100
0xbaee4bb5c9a8aa07655f24597e20c6c4e9ca41b1,79,1,7.900000
0x28235cce94e5b866763f04113a4e3cc1ad7cee87,79,1,0.158880
0x2f71c92945ca36cfc10c4c1d19a8d0389dc20e8f,79,1,4.466278
0xe6ed85669d4dac073554f1a4bd7174a05a1bc07e,79,7,0.686000
0x260e7139865822f1e4c39c695e3e4af3fe020e81,79,1,2.822089
0x4550ed6c95b5ddcbc384e135e5d542f15b28f8b3,78,24,0.153700
0xa41493a1bade2bbb6b9c95216d92ecb45b1dc9e0,78,1,0.165360
0xa7f6fff9a49c4f9fe10db6306e74c703d477a116,78,1,0.137800
0x61591ea1d8ba4328f196f50a269a1dc3c7fa4102,78,1,0.276951
0x213ed45d225d504fb8bcd4c9eda232ad0cf2b00f,78,1,1.673400
0x798d249937c5e26e087871c4c2ff88f2eca2116f,78,22,0.131400
0xaf5ef51a293a8673ad19f9645631787476f4942d,78,21,0.133400
0x63ed6b6694ed237331d8279836deb7532d7c6420,78,25,0.126400
0x3312d4b4216ca552083b27357e0e470cce46f86c,77,1,7.520000
0xc507d39678309b2389744526a7cd86e236c6c750,77,16,1.188656
0xbe2da20cd09089e25c1b2572898f96fa1462c625,77,19,0.102400
0xaffff18dc65a5432abc2791bc032e4a399613379,77,13,1.415750
0xe3fcfc66002ac9009cf710cbea17724aa339fa00,77,1,3.927800
0xe017262261eedbbff090600daa50a40be88d3327,77,1,0.149480
0x76e9be89a3be6c1bf581a1f4519cb82dca9c57b3,77,18,0.526000
0xbc81967f34fc82138ce5a94b3084375762a7b94c,77,1,1.997800
0xf1b4db3daae7b98aac2c331e2081daf659a549cd,76,1,7.510000
0xba32d0b5387eaf07069aa582a9c575f6535e4c8d,76,19,0.141220
0xe49dd8f9c26d00395ceaebc05b2cad7fed10b3a0,76,1,0.138160
0xaa7b1ec5a3dcbc041e37db3e61084b4d19658205,76,2,1.822800
0xca16d8d5208f1889ca61cb5574328e638a91c06d,76,21,0.099500
0xbce44c259e61850f3b2515bccb0d44ae46bf2c4e,76,1,11.050000
0x7a2cd715013f5df4e5ad27e1d046605bc0effa9c,76,21,0.122700
0x7478ad4c190b2c97c947f9a29fd1ad2d46550f31,76,21,0.142900
0x1ec3056981280f2ae857575784e1e45cfffd356a,76,1,0.168400
0xac6a640d9dd3a2202fdda7d5ab41c29ac4b60a25,76,1,7.510000
0xce848c7d88e82aef379079fdc0283fc5b8d960f0,76,24,0.138400
0xb391437bba3beafb40b3db758724b6e77e19d00c,75,6,3.815000
0x43d0ef55dbd4e77068318f1be9750678b0ff7584,75,1,3.750000
0xcdc25d6ae25c6afa729184636d52eacbf0fd4d19,75,22,0.126800
0x42b3406f661327a20854eac997e4812167d2029f,75,24,0.128600
0x8dd542b75d680e6b43b6f9e3cba0519e5b69a12b,75,1,0.151040
0x7e6b6556322c4e26c567a867964ac793f5ee2b1c,75,10,0.436000
0xe132132f6edeff4955b40e7528d423b0beab47e6,75,1,0.192520
0xadd4d5ba29334e472ad78d4584551864fab92567,74,1,57.056000
0xb3a4b4f7767dc3444c99c039be3b39a080eb21f7,74,20,0.144000
0xe1b6fc671395c760e823a67ff419316f0e5a04b2,74,1,0.121200
0x4cf871998105338780a4c7d684cab797d77a57b1,74,25,0.154400
0xd8576fdae5ac3b803255b31c2c40851afb97e9a0,74,1,8.792000
0x5270ce4c0ff9865c931598258d7873fc7e0b5b1e,74,1,0.135680
0xe11ea4709e91576783bc69e5811462ffb4471048,74,1,0.145840
0x350ef06f11e87731476d567b3e5e5d865dcd6657,74,20,0.554000
0x7816b4e1dc8e59271e29332adb4b4d68836a7414,73,24,0.142200
0x3f424e875bab3d3f71f874fb0661bddd20cd4a0c,73,24,0.156700
0x70c6a88665af29fc0215e50dfeb6d2c538449636,73,1,4.773000
0x25a1858456a4c11cc24f2fa7704a14b2e027ae78,73,28,0.136112
0xf945ec82e6e94132c535a8897f35adbabf04bac5,72,21,0.158600
0x09c32b8fc0a94a1eed424499a42180e29667beee,72,20,0.464000
0xc598992e31dd7bcb01d90fae52e0f57fea5b5cd1,72,3,0.077000
0x583299630c67febf66a1ca964842a15fa1d474e8,72,24,0.169200
0xf7fc0cb470b6342b2515d59bdc4ea1faafebf276,72,22,0.128800
0xcb55842efad4cad23ba160c4e552044e3dcd11bb,72,7,1.508000
0x4bd067fd86b72df519d1fad881740ec00afa22ca,71,19,0.141800
0x384a1a2e5d2a610d7d4bc010b07f684c4c03adbb,71,1,7.710000
0xc747b9c4deffe0feed81bef27d5963d981de79d2,71,22,0.154400
0xb4c8d46eaf70031abdcb1fd6d625b456e70681db,71,1,0.352000
0xe55e5d2ef71ce3854a260f97265fbf754fefdf81,71,1,0.485000
0x7ee25ac416b0fe9d46051afd3c458f53bb7758eb,71,22,0.117600
0x9a07cea7ed111c93a233d1d12bbb68a511b59eea,70,24,2.044600
0x7c655d3d3944bd27994dd81a036c3afb19806c40,70,5,1.923001
0xa831042b5b4448e7da41ac4c14d4282b606a09fa,70,23,0.116500
0xf6df3d30d31bab44da77a2205ddc026aab9aee38,70,1,1.015000
0xac4a6c87099379e69a8f8330f536ba0e1639bb32,70,1,0.128240
0xc233d613fdd8168aa0f47fb61e9364f39c7398d9,70,1,0.138000
0xdc19d2c1775a766950e616397880dc53794b0cf7,70,1,6.190000
0x01cd7e3f005b807f7050a37920b6c59d9d691e09,70,22,0.142000
0x6ed6df744d33355010342b86474f523651af383c,70,1,3.394500
0x4f8456a60af6eab2f888eba875ebb906401e0b7e,70,1,0.125560
0x6ce05cdd5f928cde8033dd4b1398dbd214c18342,70,1,0.185080
0x6a8c6d2ab1b50a14b85c5b368dafe95feafb5f83,70,1,1.010000
0xaf95b213f44f0177e3a82e2d959524dd1e2a1174,70,27,0.569600
0x70ab7837cd6bcc35a36de51700fd3088af8ba7c6,69,1,1.010000
0x61653e3a40525250e6353112c42481142d195c07,69,1,1.005000
0x4c033cb09e80e9e8c3723bbd75c60fa859d9c05d,69,2,2.317200
0xc083d5c071ead4ca9939684403e6b3a4c4554736,69,1,0.125040
0x2fb8fb41902ee16d730253873ac5faec32733cdd,69,1,0.160360
0xa56c29897366b2f9e26f88b8ce5d62a0075ef676,69,1,1.010000
0x0ba8213b3781b3f1cbc77d2aabf44de2fe086b42,69,1,6.630000
0xb8de8d681dce5fbbea28abb9483700bf133ff7cc,69,1,0.166520
0x3bfd9a864fb7335bfb209a9bd8ac26ebbe6f79a9,69,1,2.645000
0x9d9d02abdc96d60f2b2f32d2566ef8085481a7c9,69,1,0.720000
0xc9716d4a73d2e0eac37e151efbb97ef76ea6a09e,69,23,0.143000
0x7a7b4088e5cb83034fe6b76fd62d891fd3c37393,68,19,0.105300
0x615228f4c567884603e8a956877e0d5f12e17cb7,68,21,0.104356
0x03fa0b33ec351f5d276fec8067dcb613a901c05a,68,2,0.778000
0x2110460f4292f9398a38f44e273aed0da1d367e7,68,1,8.240000
0xc33314aa60f47505acede255ae65f2b59d3b5957,68,1,6.170000
0x52639295ea4756d0e4925594f6b86edb6c8bc02b,68,17,2.241200
0xbda3608c4216ea6ef610460dd6e2a89727f63ea1,68,1,6.440000
0x81081db3b74310676122f619744d0488b9ba3893,68,20,0.133100
0x60d46f6b4c420b6405eeeb09db07d92e0bd0dcea,68,7,47.503000
0xd8c8b99354390b1219a1316d022851d5e0efa0ea,68,1,0.161640
0xc7f2c5489cc76e76d24a848dd52dc94ec21479c2,68,1,4.030000
0x3a3f992d926da3272e681dc59d23ad63fa77f3a7,68,28,0.466600
0x8281d3742c93e34012b727e21625f6aa63dabbaf,68,5,0.717800
0xa55783c90d822d065305cde44a454211f65c217c,68,1,0.155060
0x83aa13f3233477d20a38258cf67a897fd3081ac0,68,21,0.111740
0x7f9f1bf9473b83d107935fea08af29a6550e611c,67,1,0.690000
0x25fa985c110a02f92f873240bd18c317140d612b,67,1,6.700000
0x29020ea0bb03bbeb82f0b198f95ec2771f0099c1,67,1,0.146020
0x3542acd60c1dbfd99911767853d0edead14053da,67,1,8.060000
0x7569b12f89d15ab97e9afcba76d74e47fd8f26e4,67,4,1.462000
0x1392039493e0b3ce3fc7b78d276dc628d4d3d7ad,67,31,6.106000
0xfa1c6ff4ede5a8290b292f40bb7ad0fbcb1c65d1,67,18,0.510000
0xaaf1c92f2e04c17627b529b7eb58404e5b8ec775,67,1,0.132840
0xdc8bb14a601b75bb7bb56028c5998136507a6b87,67,1,0.139920
0xc02ec0ce82dc46b8f9d09741b1f82720dcfc52db,67,1,0.134640
0xddfeebfd2f4860d7b5adf05165b5338c01f09f9e,66,1,0.454000
0xc22c17fca624db679b2471f2bb099e1e29a46209,66,1,2.190000
0xa93fc5280d63d11e809b77432a941d64edc0958e,66,3,0.091000
0xffc71820c11629e6031dcde5c9ba26230b56b1cb,66,4,6.856600
0xe50c523324ecbc55fb21695a42bdd4e7fc475024,66,19,0.130000
0xddc39876a17b9ea0beb4ad1a4d672d1e658f74e2,65,23,0.132800
0x1888192fac6a69e4cd7d078ec4bcf6f24f7c767b,65,1,7.160000
0x3803a19280deefe533d177c4a169412bd341101b,65,18,1.881004
0xa2e9baf72e9f14f35c8b767190548f661922653a,65,25,0.148300
0x71d9d2783c713b012303e4f14a4aa171bffe45fa,65,1,0.192660
0x8c2649db894b2f1a4b68f15bf782ea6bc206b5e2,65,1,0.344511
0x443343a07e9ee7fa62a5ac697789181d38c775fb,65,5,3.977000
0x30ceaebdac116f99e9338617ff6ab7d804e7ca3b,65,20,0.106600
0xf09eda717ea8e77243e435db9e4f517604194411,65,3,0.813000
0x1e9668e8f18ca7e8ad71a1ee9b4a579205dbde9e,65,1,0.009750
0xe09ef4a2ccb5fcd88aa3ae51970bcc17884811de,65,2,2.160000
0x5e06a9b671b556d3348d75b5af6b3e7ff7ab02e9,65,1,0.136840
0xfc7639e9ef544bb896bb94913b6295f843dd35f3,64,1,0.118440
0xea41a19bdf39b26f004860243047b90e602db54c,64,1,1.000000
0x89771b0315d5609adc702d1c9604fbf0ac62ef33,64,1,0.149560
0x49ec070bee3b9765a8a7202cf106fb4b9d557457,63,1,0.122160
0x8fc7916edd1f48a19f70a7c68632e17bde0647fc,63,1,6.210000
0x3138e81be2ed0adb065a7bada289e2e8e6bf2d56,63,1,0.009450
0x670351647318fae433b6d682a1b53393d88daa9e,63,1,2.610000
0x7818cb9cead1e13e64a259f0867089db75e374c5,63,3,4.406000
0x2e257282eed03d7119b318bd00480a9ea6ac6a70,63,1,5.940000
0x530f1061d72e23f0068d7150f194f12137ef2a06,63,22,0.120000
0x8581784d3e598cca3482375cff2409ac9dd8c402,62,1,12.452178
0x5295dffc9779d984e698cc7bf5dad1936f216bae,62,1,6.110000
0x4b5c71082d027d16d2a146465d66f9eec11634f6,62,22,727.220928
0xf617eb3cf39e2a584a999b2e559e5653cbc61640,62,8,1.116000
0xbe2d3313ec8ca6d99a5dd6a122e0ccd842310eed,62,18,0.111102
0x2952474dc7a9783f427a2859c77ab3e0ac4fb6a1,62,1,0.781200
0xf25d421d747bb50094bffa319df30518d3a9e9cd,62,10,0.441000
0x06ad037c84ce253ef170cdec5c3194bb7a5fe233,62,1,0.999676
0x2c42e6873824541cc0ddf826dd0baf6836e81395,61,2,0.770000
0x5e93dd09c7fa6f23f096309f2e0f815073db9288,61,19,6.374500
0xbf18ce61b4ac8e80317398aabd1d4f1b840ed9fc,61,1,0.162940
0x36dcbd3ee046027269decb1deb19cb26151b41cb,61,7,1.484000
0x01f90369170c917a2c0e9d26d54c6a3a400984d3,61,22,0.360600
0xf7a4408401061df9744f93c797067150f2846db1,61,1,0.385000
0x77985fe143b7874d78db57c6b4520a7f5390b2d7,61,2,0.652000
0x8f1c680bc16d9d222c06644b194f12a33915a07f,61,1,9.999648
0x3869de7597bdea0172b97143f3eed806d8b84bf3,61,2,5.980000
0x0b6d7953591031f79c587ce08f2eec7bed6378c3,61,1,1.910000
0xfdc53bbe014818c9175e6a4319a2e2d82a918255,60,2,12.670000
0xa75f8e9b860f82c8a6fec642cf28a94dc9732608,60,1,0.600000
0x7f8837dbd1d193c925fb83a18f0859c14ca790d3,60,1,0.009000
0x965de4e1c8aaff7a24a282d97f777b5408ae3b39,60,24,0.117600
0x672d0922682c683a2c3f14d64ba351a47e1e1164,59,1,0.112680
0xb957cd220b8120c192fe4b3874ccc50e62f9d81a,59,25,0.138600
0x5d4d5ac9a30e12a43ddaf56ad3f5a9deca1a22c5,59,1,0.147500
0x8a55cf26a21bbc37fe69a353c1e729ae8021ad58,59,1,0.142100
0x5e0a9508c055f6270756a9289c0622e141d7db05,59,1,0.119720
0x4ff33ed57b5463928f0d3d5b1dd37e249074d9ce,59,3,1.210000
0x6f507780a8e846975627f086116d935dc04d6e32,59,1,3.150000
0x77a759a27761a7555e2941a6021e699f375a12ea,59,1,5.360000
0x420384048a764ca0a9e7afe810ec1393bdef24e0,59,1,0.008850
0x6fca1b74af6cf7f60f0975a6564fec0553643f39,58,5,0.323500
0x427f3e24a88d9255ea6fb3530d4f73cfb669d91f,58,1,0.158840
0x2cc43582e048de19269bde1156975ac1440cfbee,58,21,0.127900
0x1c42c3a334c7a04260962e80214601fd8aa03c31,58,1,2.740000
0x1a36afa930a15c220bb358a4b6e8f496142c41d4,58,1,4.420063
0x8872734e8d6de4a0220ce7d5fd18c47fc0e43f9b,58,2,0.536000
0xc4852c26498d3187dec2ce1b19e840710e302d1e,58,1,0.212000
0x867afca0610cdd595f52a0048e4f026256f570a1,57,1,1.830000
0xbcf4eb31fea4d0c34c327de139fa85ef83fdb307,57,5,1.690000
0xc4c61d1a2143bc0acd978311b93d60e5008d51a0,57,1,0.143700
0x37ccb4d522d7f6a7e7ae3fb40bca5c107e37ad92,57,21,1.006000
0x8a0de799c5f8938d134a96694bf12a22b54c0019,57,21,0.116200
0x034f29d2ccff01551304ad92d2599b850d076c89,57,1,5.421000
0x5eefaf3c9af022b6ebe15f946c4fb4c2dc117bdf,57,1,0.129560
0x3aebb73a33377f0d6fc2195f83559635adee8408,57,17,0.377000
0x1e0cef118281e21fd0ab9422608d2f3b60cc13df,56,1,8.430000
0xba53dc23b8c9515a0a73ba65e594e37373408ed0,56,1,0.489000
0x3b3bd24febf90001a787e2b493d6422470fb4e8c,56,1,4.880000
0x29d7837a1c19890d2ab123999e9cf8bfe40985b0,56,1,0.249000
0x80066c66e409492a6bf84596547811d35ea037ab,56,1,5.150000
0xadb57ec86af642fb371e402a27500d1f4c3cf262,56,1,0.008400
0xf733c914692a1b66f837035d995307fdab6026bd,56,2,2.475600
0xe899b090e0a6292c7f66f3a82a5a03513caf1625,56,2,7.530000
0x945659f0eb9c34487b0c0f61ed7e9d279ace8f09,56,18,0.346000
0x36a02567da956ef5d3267f37a0a6f71b265dd956,55,1,8.250000
0x92c5f0d76a0a09ad8a16edb4ab6e1a6328772003,55,23,0.093492
0xbe812aa597e1767a0229de29ce8e14a5d8ee8570,55,3,1.590200
0x8481f058d2384d5b58bace78c7ba59b3a8d18111,55,21,0.107000
0x42a09a72ec47647fe9be1f450ab8f835d0ff556a,55,1,4.450000
0x29ff890092d91988412d537b742ef854e29496d4,55,1,5.140000
0xa6ec94700a261a22d1739646299010b30a64d168,55,1,0.550000
0x908ee74710870b12ea873185d4828c52778b8d2e,55,1,13.400000
0x887458251ed0e7c1fa82c27b9e97eeb1909e7ee3,55,1,4.960000
0xdc306c7ea6bebe0a42ecfbeb12b1953511f48053,54,1,0.568000
0x01456e681f654b4597651b5436275757f891ae88,54,18,0.156900
0x1231deb6f5749ef6ce6943a275a1d3e7486f4eae,54,8,75.121377
0x0cc4d22bdcb2982fd7acf08daaf0d18f9f7d9103,54,1,5.220000
0x51de062ae988d281ee216d853331f0409873b661,54,2,1.080000
0x3351c5431f55c4d984b790e7ec4e79a9155eca44,54,1,5.130000
0xcb6c7e80f5e8b7ca45a0f9ffcaa21a162d6c4de1,54,3,0.719000
0xb28e6835ee7a4c3a177d6d2ffe0fa9a8c7bebb10,54,1,0.378000
0xe5574554d6a4be5ca39f22990492d756ebc4d6c3,54,1,60.885000
0x280d1c9c417a174ad999ded7eb48309b181e548c,54,1,0.115920
0x9b8c4094947f997699b13ff16b362607642fa338,54,4,4.130600
0xa7dbaf3c25d35c6af24270c131e6db4f38596907,54,3,0.550000
0x20b2ac3ad0af9b66390bf38c41a70907164b7917,54,2,0.949400
0xfb8859fd10647d2d7fbfff1579cebb66f2e534a2,53,4,13.703000
0x9f5bfc9746d386d351ce30b227e18546022cd697,53,1,26.200000
0x1b6ee612a5b08f25109be88c20922d0b70d8f269,53,1,0.124000
0xf33139fe79084e5debc627ec0895fbb83099507f,53,1,0.527200
0xa8c43d0c40b03ffdc43d5853673f99a990d036a9,53,3,0.063000
0x0d73ca594d34bed0c53d5a0d89f7576e05163ff1,53,1,4.580000
0x366e325be579d96f30a8f9e0357a46e6835b4a64,53,1,1.380000
0x8736a4f09f238f47aacbd0fe5161aed8446a4aab,52,1,0.001500
0x147aa1d76ab3134dc3aaff02968952f32b4ecb16,52,1,2.330000
0x18d5582969683288eee73f9740920aabf5a53b98,52,3,2.540000
0x0aabfdca2043a66f84790825bf304ed65adc8e90,52,2,0.787800
0x3382a101c7a079ec06f253ee0069cc7bb56e8e57,52,22,0.109700
0x902d8f35055c8a0a25fc8307b97992c471772256,52,1,0.000650
0x2654a82ac0a7d225a713d1843d6309a9e6e9a133,51,1,4.290000
0xdbbd1918e46d5b933b599b78132d35069f0f262c,51,1,4.920000
0x0a3cd0183b4a6396c900d3ef9d522c84be0c13e8,51,11,1.536000
0xf2ce71121c32730f7fac85ea7c8bc279a1320030,51,1,26316.870000
0x99b03b03c3fe4178ee8fc300b5efa1970fa6b6db,51,1,0.655200
0xa8cde56758b54b98bf13ae02b8507074a9d344e1,51,2,3.538800
0x2641ebcfa191bbcb32bf75f26b7dc9f925dc2999,51,4,3.708930
0xb4807865a786e9e9e26e6a9610f2078e7fc507fb,51,7,8.217142
0x7fd9f9e51c9a94b3bca2082c8332cbf708b0b529,50,15,0.391000
0x788a4177cf8bb20aa7feec342792e798c900f71e,50,3,5.075250
0x6dcbce46a8b494c885d0e7b6817d2b519df64467,50,4,3.250000
0x8d3f9bd93d95725765f0ad86b8303514824004ac,50,1,50.000000
0x36a5198f43494a1858189a366b042cbf652f7924,50,1,2.996093
0x156b7ad2e54337fdd8b023f2f5205eba37b1ff17,50,2,1.359600
0xc3a137802c324e121911f36d76c9f622e6cba22a,50,1,5.000000
0xf986c59188b87c368f91087e8dd7cc6422db6fc8,50,1,4.190000
0xcfb4a0448c323b7333be753446f5610007e56de3,50,1,0.620000
0xbaccb5005247f17df0d146737d163339c5233b5e,50,7,9.434000
0x59ca215141d6d82227e2e85ca2dbba690da2e41e,50,1,201.590000
0x81122e491a74e4475eb195dcf9f3a8febd761759,50,2,0.605200
0x36a074664f567c46d21e51215fe4e7bdc94a2af8,50,1,0.505000
0x4cee84b867b64405c3e6b49fe4885a345de86098,50,2,0.210000
0x8ddc65fd25a58e84bbab1346884b817fb5717574,49,16,0.067500
0x6c998bb6ec738c5ba5c05c33eaecf79468c34a74,49,2,9.420000
0x82c7cabcfa83b200fca7672d82e2373def9c5f69,49,1,3.752846
0xa54515859e36a5fceb1254fcafc1962deb14b1e3,49,18,0.090500
0xc299795d481a693f9c6f53b8c48b60976539c710,49,3,0.057000
0xcc9cc6628a602873360ecc2ae06f1afe83a0b9e2,49,2,2.492600
0x857053346f147aa544b451ef681c1645f447695e,49,1,4.360000
0xb1856e2bb46b0c1771392b7ad19f797f3f9f3e1d,48,2,2.300000
0x1ded5e8bb5c8135038cf05ac446f090631780649,48,39,0.679000
0x84c2e2ec19a4b467d89fe3f008591deea884d9ac,48,1,5.942000
0x7aa635d2d5cd9f03ce7c10574720c8bc68b92560,48,1,4.440000
0xcabd80536be56548645cb2b0467732e8008f444c,48,1,3.990000
0xed2ceca9de162c4f2337d7c1ab44ee9c427709da,48,1,4.270000
0xd2f6393c6a916acb98057a5920952084b838cfd1,48,1,0.336000
0xc45a2f0aee020cb58cdc37233e83bbc8e8a5491e,47,19,0.123700
0x7cef0e4d757d2a01eca228a5fe5e7c3fe15a7800,47,19,2.066000
0x11bb2929077c8eeaab9b17fc10703a241286a749,47,1,1.069690
0xc87c164e15848c7f3315f36ee59ed38bcf846769,47,3,0.063000
0xa6611bbc66df8d031ed1673916cf16d465d9e80b,47,1,0.337000
0x5b5230958af4cc50f320ae9cbdd1a731a0542e8c,47,22,0.136900
0xd34ea7278e6bd48defe656bbe263aef11101469c,47,8,3.224096
0x319a3090e6cbc5b684e2718016bc59e3753b80bc,47,1,0.143000
0xb83ddcff543eec0d0ee591481b5f9a34fed19d4e,47,1,2.030000
0x366af3d04a5e6e92b75c04fd68b2e3d18bde2e28,47,2,4.192600
0x26df2baf085f999671d4f34964eebc02a05c064c,46,4,1.479000
0x2d835f9281bbfa43eb81d3120eee353be4e37861,46,1,4.600000
0xb5d6801bc3dd17648e66ae22b80757692b1c5a42,46,1,2.490000
0x5432c72595e64eeedbdd428092c7669fd55d61e8,46,1,4.060000
0xf6165150e600eb8f4c7dedb6177c8d697774859a,46,3,0.650000
0x2f71d7d1eb5caf16919ff21790077bca516dcced,46,1,4.830000
0x2530e6f3f4c633c00d0fe14aa95a7f7581c2c97f,45,1,4.500000
0x165d03825d7a5866df668dc6c396ce48d8b104f1,45,1,0.450000
0x15c1670732fa28c20cfe0262e6d2c5e767f9c1f9,45,2,5.940000
0x747e19585a1bc3f61eb0ca57939a2bdd0f4d8b8f,45,1,3.690000
0xe5d2f1e3300282687acf613b85a48547ee45a84f,45,1,0.090000
0xbb13884a0a3db84cfdc2c28566c8028d7c6b267c,45,3,0.049000
0xeb7e626a6784f026d2f16ca762713032fc78469d,45,1,19.800000
0x739120ade7ed878fca5bbdb806263a8258fe2360,45,9,258.424774
0x40ebc1ac8d4fedd2e144b75fe9c0420be82750c6,45,6,58.256812
0x46881ea830903083655139ea38ebd82e55162857,44,1,220.000000
0xe052eb8003353c0ad3b39fe548bc6c53d263584c,44,1,0.694000
0xedc637d4b1bb9069753cc9335942be932083d2d0,44,13,0.247000
0x33e932e3c4dccb055df29db5a7eb788b540d3262,44,1,3.860000
0xaa09d6830f8dc6244c8d86576642ce1e334f94f3,44,1,1.430000
0x957e0701168d7af86648e75e911edc8551bde501,44,1,0.250000
0x57010008c35d4b9f7d651170e04486f8b7061d77,44,1,0.064880
0x68478766862eaf5e4c6d8a0a02da6ddb6a2c1f8d,44,2,6.780000
0xc7713c9ea18504bb6e8a065a7de58f29315ff775,44,8,0.468600
0xe02d93fdd03ab11b1935db0f30af8d93b909d589,44,3,2.147800
0xa935d18734906e23ff0ee16d0a7156b3c9117917,44,18,0.188000
0x62ec1a6416b5c93ed4116ebb650a37301040d704,44,1,0.091920
0xb731b6db20cd7dace16bbeea95c294fbb9f98f32,44,2,1.580400
0x270034cbfb112aacc1c80df5e4d40f9f55330f41,44,1,0.088000
0x55d088b668e3e53bee11ed5136c15c03467b8814,43,3,2.586000
0xdf83d2ccbbe9a00b63ab99981ae6d352133d03c8,43,1,3.274000
0xd86cadb414171d1155aa88076504763f7de32805,43,5,6.487375
0xe00010efa634b4d3c21761c085f741dc6592423e,43,3,1.424000
0x34468386860ac8793b7edf5e8c54f8af3e995d13,43,6,1.848800
0x9ca78ad7f3c36c2fef7c5a5ba065630caacde7d5,43,1,3.940000
0x914c38fc1aec27912b90609ca82383630d64b5e4,43,17,0.375000
0x591fe960ed29dd842a38987f4c0a43aea9a4410b,42,5,2.056000
0xc5f9a6bfa8de3767bcc0682dd743a0ee9e44530f,42,3,2.065000
0xa04403f2175149fa094182235b57905eabd8445a,42,1,3.570000
0x3770314e683380e64a6f39a0fbf1f7c2a754f297,42,2,0.348500
0x533c7498d5bcd357e72a317ee9b848fc237da307,42,1,0.089520
0xe270116023eb1951093f2f11d97149c7552e5c8f,42,1,2.100000
0x1188e8cfddf5933f2a643b51d3bc695de0a6dd2b,42,1,3.390000
0xde828456e33c95bd20b2076317dc1e94e28e7691,42,4,0.998000
0x8a68a05d00c061570e77838fe4b24f96ef0a3ad1,42,1,4.954732
0x7871d31c95125d7dc326695d69662e231271de0e,42,1,0.122500
0x6b8aaaf906087a49566e3e7fb15df049be772e41,42,1,10.600000
0x7dcf594366dc56682399d618177fe153a617db8d,41,1,3.740000
0x051b7420813e689506f6a4e295697c4368d4da22,41,9,0.574873
0xeb3d1b27e74aaa4ecbc9dc80d795512806de515f,41,26,0.478278
0x0360d000622f942b9656d59c679d19d5d12ec989,41,3,0.041000
0x4ac4e147a60a3035737fafba1767d0767e69f2f5,41,4,2.036500
0x6c7a8e6351c4aa7610073d70c2f3ac8296e2e5f5,41,1,1.650000
0xcf9313747e13648f4be27496ec308896cd32552d,41,1,1.240000
0x1eea6d5bd59091be870f156cbc0696555c3c46d1,41,3,1.109000
0x9de086771cc370e5c2c9b479e31fb246a26ece7e,40,1,3.280000
0x54dcb3c3043b57730cd1d2d523d4d51f6cace1b5,40,1,1.180000
0x9cef3fc149935a0459265e06b08a9f0b4bbfcc9c,40,1,3.460000
0x26a6b08190b6ec3ebab52f62cf0d76cbd9f83f12,40,1,3.190000
0xe2c87cdefbcf882901a81f8f01e96096c9bb42a1,40,1,3.262400
0xc96313e6e0a614d046f379e087c49ebabf8bb14a,40,1,1.000000
0xe1601c10b8d4dbf71e0c592b779520380174bc3a,40,1,0.400000
0x2a8b246cefc9cf5a7bfb30f402dfd8f6967ed7ab,40,7,1.205000
0x384279b41dc9335e3421d5d7e49799878a2e1b42,40,5,0.801000
0x9cf0163837685949a6939794c3a5063fb4b57c13,40,3,0.301000
0x1985ea6e9c68e1c272d8209f3b478ac2fdb25c87,40,9,87.691316
0x6cd5ac19a07518a8092eeffda4f1174c72704eeb,40,1,887.059848
0x313d333f7d2ee578825383bccbb1223eb50f2d56,39,1,2.071952
0x1f7e8d1257f733d9b5775e9b3f04a27a23cc6ae7,39,1,40.000000
0x910235a18de09fb353611636d973922551cb7223,39,1,3.180000
0x98d44160a9dfa0ec82ba1e0ef31d2de72fb2db2d,39,1,3.810000
0xaf1ce54be7ed2d92ff4c1d845213477af1fa7049,39,1,3.360000
0xe5996c7fe3aa243059eb86e82596b4bf6f5471c2,39,2,2.790000
0x2d3c4d3c47ae1ed8240a7ea7e582b8c7777133c2,39,1,0.390000
0x9d703de41e2f6b6085811cf28853c404b95f3303,39,1,1.820000
0x9d83b5107a7e673be8ac170c8ca7640b16a00e13,39,2,0.615000
0x07817abc10690ca3161259a08f925e24a81ba510,39,1,216.000000
0xadb8d385aab1766e1266ee717d04a52e3a2cf262,39,1,3.297714
0x1e972e1e05f92772082a1a1ed75d3326a4dbde9e,39,1,2.360399
0x848146e4886216d865edd1c2ea572d21114299fe,39,1,3.630000
0xf5f99007fc7e14133d3817dee2ba45169ea9280d,39,1,1.332807
0xf7f0cbd2594a09cc8b18d6302c7a12127af57931,39,1,0.189000
0x42605c88e86892c3fca2698d2385092664da1a6f,38,1,3.800000
0xed086db191ac3b9db5e9d3827b877f92dbe29d96,38,1,3.440000
0xdec645df20706f1f895c7d0b60e3567577f49ab2,38,5,1.480000
0x31e46688ff3f568f0b290efc330c2d9a266ec21b,38,2,0.565800
0x3b2dd425f5953dedef0069cb65c11ba1534954b2,38,2,3.590000
0x20fe51a9229eef2cf8ad9e89d91cab9312cf3b7a,38,10,46.538184
0x323f2d9cd2f5f85644dc9044d778bad8f8a10b39,38,1,0.368000
0x5f871f89b13f5c7f570a765aa54c211323f36f78,38,1,1.049001
0xb536f7053fedf05034e4e25470b1a3b8d3681503,38,1,0.340000
0x80c51bdb6846963930f1114a96b37429c5d4a238,38,1,0.076000
0x078d48038d6cfd3e1000ae8a3c0adb5f7ce19ea0,38,4,17.355800
0x4ccb868a7bd4fd91c366903f9f0cc94fdc199ebf,38,1,0.491400
0x383bc24d1377fee02b8f7bb5ab0ba65da8c36dfa,38,3,1.000000
0x1bfe17b3e36762e4c292c847066ae039dbbff883,38,1,17.950000
0x9e7d943106de14b8926504f7f2639a52793b33d9,38,1,3.530000
0xd44dff512037b398e89a5448315c86ec5bab031e,38,1,3.440000
0x6ef93ef7fb33db4f2446041374b19aebf29ebc74,38,1,0.070760
0xac6a5b8054a864caa71a766b0a18a7382367a798,37,15,0.094800
0x23b51a7bf7e25fad5e940fb1267b9ec9bfba22f2,37,2,3.220000
0xadc31b12746a44bcdaceab46787cdd9f3aed0566,37,22,0.232100
0xec4f3c6fa330fc6a99df068e4874cfefd227d370,37,1,0.211000
0xf7a0f79addf2161fef296f1bfeb1cb2640ee49d5,37,3,7.490000
0xcda7c13d8ed53df5c43dd1ed0ffeb8b59356871b,37,1,3.430000
0x576ed36fd4ba552181efdf20218a9de67894a492,37,2,2.460000
0x7747f8d2a76bd6345cc29622a946a929647f2359,37,10,1844.830445
0x02ed410804a33c3787838e7f0e807802644bd1a2,37,1,0.309000
0xdffe37c4c99f0c1338b1886c016c465e58984fa5,37,8,0.145000
0xbd4f5359afc0453f3a01ae78fe8c42aac3b8543f,37,1,0.640000
0xb30adc45bdfbd3de427de325c495337d4333b054,37,1,0.074720
0xb51f2427f7d956c1d2f7465c18015bc5a020fce8,37,1,3.700000
0x4e95611b5e35f6704d9d099a03cc098af26d4466,37,1,0.516000
0x252ad8080468ccb3d5cb34ef422138c3c891f6d4,36,1,0.730800
0x22130e5c7087e5a28bd2c7ceb8a35e0b854c936a,36,5,12.630503
0x8cd94984aeadab295aa43cfc7fb98f199393dbd8,36,2,1.521000
0x251cc2f4b09c0fe9e87b68f98dfc8b2ac1745a4f,36,4,0.921000
0x9faabb41bc675e0b0dba23ac0275fd4ae67f29f0,36,1,0.152000
0x573381bf4189bbbfa8714f7e0a87bfe35de1298b,36,1,0.668000
0x8d0a798385ac33a48bd9cc0127de6aaf4d2161bd,36,1,3.510000
0xf3e55b6244eef9bb267f82499bef8b920bcbe5e2,36,4,0.822108
0x45453a3a5bc7da55570ceedf86972ff95a7fb792,35,2,1.227000
0x9575b276537d559881ffe8565da10ee50816df4b,35,1,0.730000
0xae597387b019a853900aa6fb4bfa8b4c8b0df160,35,1,20.430000
0x584879b0daba04a7a1760312e318c59169e7aabf,35,12,0.624651
0xfbc85ab2c10b85a9dcfaf41fc23c0d082f715b81,35,2,0.747000
0xc2432775f205333d15ecae61d56cd7fe1f6c3c15,35,1,8.440000
0x7ceb03e87a25564395e0bbbc266b1f51bdb5afff,35,5,2.336500
0xc0887adf2411c4db859e497c1f931c59600b1ec4,35,14,0.128000
0x4d7e2be904a5ba7804f63d21bf86c70bed9342de,35,1,2.560000
0xb2383ae6c5ac8f25098abb595c0877a0b49e4ab9,34,1,1.230000
0x64dbe996e626260f21f5c4fad3c9ba209978c368,34,14,0.189000
0x63e402fec19b4e79a3e2b698bdfa8f9b6c2359a1,34,8,1.088500
0x838e49514563e53938dc6bd71423ce6248fd3bea,34,1,1.106000
0x26b610a059de2488ebe3e0eda02ae17907917419,34,6,6.992000
0xf4d5da2e15c68d853630d79e32f2661ed72fcda3,34,1,0.034000
0xb586cf1394c182b717b74affc53fcf30119a1c88,34,1,1.040000
0x54eba038288f1630234f2a2ef398eac474887daf,33,1,0.033000
0xaef38219d0dc1836e6d1cb7bf1d51c8554f390d2,33,1,2.859000
0x1b87f626f844d62be41c9fc8c7fd9d0d0a0f4577,33,10,15.468000
0x611f409829e7d5d2ec6a8e9f27ef23cdd4b66e0a,33,4,0.980000
0x41719233c99e4f60c71f954f087b0e2e7624aa9e,33,2,5.500000
0x1ca1f318c216708b86e4a2365498b893c6490f1d,33,3,0.414400
0xd21dd03ecbd2fc50cb7baba7535129f4e74b5445,33,1,5.543000
0x0458c1dfb47fc5aacc08173fb6010273290ba699,33,1,3.030000
0xf8e55aaa8f2f41b0d7cc2c6502c1311cb1342a39,33,1,0.057000
0xa87b4eb2dd797cca0532966402afad5327dffdec,33,1,1.030000
0xd143965c9839d959655ac79217a80a72f4dc1376,33,1,0.001713
0xd5c540fa7c02c492639ebe44b4fffd2b73c6fb87,32,2,0.310000
0xbf630253c7ad93915e37696a7542ecc190d66e41,32,2,1.340000
0x272b034e462258ecc826486a4e0f03e7f11cdb91,32,1,3.174482
0x5342e3cea7711fe89ce28e10b993d8f409d3d0a4,32,20,0.127400
0x12b59a84bf0b9d9edc7caf5f0456ee6552f1e106,32,1,1.727333
0x42076abfe0ef6af3463d692fdcd40feae31f24e0,32,1,3.431135
0x4f3c04c3f17264b83ae884df7985142b7dc8047c,32,1,0.730000
0x79e4c2ef82baaefed30410e61e24dbfbcb428146,32,1,2.872000
0x384ae15bd2b1bc08d324c784ead6a9c3f0e7be1c,32,1,5.150000
0x44299da1b6b5a27e224d5ce8d92e15a3af0de5b7,32,1,1.171000
0xcae4de2dbe944594ee85186bd72cee8defae0b68,32,2,1.520000
0xcf3dd701b16e4baa0b3250157104367e1af6c9a9,32,1,0.032000
0x7cf7a8cbe806bcafea5e4dd6ed3ef0012fbe8fdc,32,1,0.222000
0xa25de2f12600bdbf12a73086e45acaedb8b7d5c7,32,2,2.598000
0xb8406da118511533ac17a1a11d4d85ebc2fa37a9,32,4,0.996000
0xd211bb9e6412e9b1693cfeee6eb057d269e1c87c,32,19,0.227500
0xd0ec64acc83ba142ae74469caf04842dd2a44834,32,1,0.148500
0x17b8ea633287508d15055dae6e01dfc21a1caafe,32,1,1.000000
0x228440f8d5df8b2e29c37255b291599060894bfb,32,7,0.200000
0x7f29f6f19500ef45347c3a847605ae3ce2daf67f,32,2,1.866000
0xf3008c1565e5d3b5424892ba052c17f73f4aeb71,31,1,2.740000
0x3d09e5b237a82bea77bdc01fbc2a28fec8cb7e00,31,14,0.253000
0xe9aa69a2f89f6cdcf2b0552a307281680b2947da,31,1,2.830000
0x4953265220f90c325eb4e20bac04b04f52480da2,31,3,2.602600
0x6ed123f90625f2ded6e13479c2b19b59769131ce,31,1,1.860000
0x8d285bfc3263943e87cd749696611e2788cb2675,31,1,250.680000
0x64e32c7998624c43a0ae082fcae8648c04f40b28,31,1,2.830000
0x925ae9ba62caa70e45a8c5b23af7af81d12562ef,31,11,1.711000
0x9c8af9f618d0422270bb1faea9bb9188a857b7b9,31,2,1.240000
0x9c98fe8826a4ffff9af5ece9da90398b1dacf652,31,1,2.170000
0x673af0b076524e756dcc800bc8f8a44753e4df06,31,1,0.118000
0x55abba9ff59e00ff2a1cf261bb7c4f064b2e6c4a,31,1,0.470000
0xc059b9cd5b7421a28f9259adb4511418fd548b5e,31,12,0.236000
0xeda730f03390417e6ff351d0b0812983c7fc25a5,31,5,0.838000
0xaf87261b2bfb9e636235de8616049d923ad99284,30,10,0.133000
0xc2de6ef6cca426e50a962fb9af10c6dd98ceb593,30,1,0.970000
0x359fe334c35249f8bb3b7d89392cc2f1b5958637,30,1,4.540000
0x402c33d1a7cce7e7398fb39ff2daccad90b303f3,30,5,1.024200
0xa3faf4a611df66fb54dd7545ce3131f92a53666d,30,4,3.174000
0x307a11e033478a9f58a46e400d72621f117d593e,30,2,0.207000
0xb4abbfd31cde79b6165f733fd759e8ba956a8971,30,1,2.190000
0x078bf172b571ff390a2e369293dd16feffead9af,30,1,1.605030
0x6ee4a58840ab0ef7e6ed49c69d546d84bb3d8453,30,1,0.300000
0x661eb57e38827451c24e6aae9a7554e999b12c11,30,1,4.800000
0xf92892babf5ea838b856d43ca5f04abe61625718,30,1,0.515189
0x8e7e3d6cb63c99e3670c15cc39f564ecd1ae656f,30,1,3.000000
0x83e48cc33bf7b07ee648fde7acf1999ddd12b6ff,30,1,0.030000
0xdf0ebed893e510f13a7bedad8096c1c226b0b235,30,13,0.197000
0x3e8b7803fd73c096321608866f9f8d1489078cb6,30,1,0.244000
0x6549e3dee682e1087d8bfbb6539416a321fe91e8,30,1,0.042920
0x5f3b6a74f61ed68b14844af8b72c2d78bad24c6f,30,1,0.300000
0x751a2728bf348832688e75428efaf97963b1bc1e,30,1,30.000000
0x3e21bb99445f17cbdccc421dbfd9f08c9537cb36,30,2,8.693632
0x8065228a8156590a8bfca30678394e9db91f80ee,30,1,1.364493
0x5853ae286cda5e6289695d01d6a4c65745601e6d,30,1,0.300000
0x0c38100350ddb6ef5188ebdf562ee6e432052e3a,30,1,5.504000
0x309531f16c7531217223073f7d34fc632a3550e4,30,1,2.640000
0x974653ef83a41239cc1f15c69bec80f1a57583d3,30,3,1.786900
0x91bd5ddd94a8b4555d2bcfc2166daae4276aec58,30,7,0.057000
0xe5774d367e2205fdfe71db2491c531c3c741dae2,30,1,2.970000
0xb7071e0cdb6b64035c896022dc7cbe82d9d0cf4d,29,16,0.117000
0xc997090a4d757e439d2f2a97ce3f1ed06a1ce668,29,1,3.390000
0xec32d355943be6953442b35a1c335dd3b0329109,29,2,0.995200
0x316fe184ecd0dec32d80c229d7c72d1134ecde2e,29,7,1.365000
0x46bdfd8256ceeb3325725cb3b81701c3e2e32ebd,29,13,0.350000
0x21d8844377ecf82218a5fa9f42290dd3a23577c3,29,1,0.700000
0x33026b6685505b7cdf0d59c44c21fab8344590bb,29,1,2.180000
0xd4d52c995d9efbaa1a9e2ac4a500476477d4096b,29,3,0.497000
0x63f13fbcffa0956148319eafb812f639a5dd4a65,29,3,1.056000
0x126bd379d36576460041e3b8ff810f290e545dee,29,1,2.360000
0xad948962ce48746b49c7b3cd5bfce6182a21fb11,29,1,3.271000
0x59c6eda8d869a11ba5d5252491ee3ea70969a068,29,5,1.556000
0x784d6dab1a511fac851dd2ae745d57d85554c0f9,29,1,2.450000
0x61a652935655d4b7f6fd573f5c924200cec28440,28,1,0.106000
0x767c7c5b20f41dbbfa0ebf1632f88347bb95c39e,28,1,0.028000
0x6a7f5847ff5edf90b37f2a995ab0e7653258cdaa,28,2,0.093000
0xc1ba4c640e6f0ef4d8c8640c790597c6e0a12af8,28,2,1.481527
0xb37d8ec7d2fa358f3df69d499b6156948fe4ecda,28,2,0.260000
0xfe0d23810666fc140ccac7ee3ac8f9bc23b34ef3,28,2,0.279000
0xb826d3b82bd8e020711070cbed41a984e83ddef4,28,1,1.750000
0xfb173d270f0b828c9ce3e31564c72f4ba308af31,28,1,2.170000
0x61be455545f7c85f2ebb8a3868e0f52226804ddb,28,4,12.861000
0x91404f8be1cf1e319f500e5f8b57aa41d424e29c,28,1,2.710000
0x6dbbf604eef0847f3784a40107b0f8989e183a1b,28,1,2.403389
0x45831affd542da38719104a7c50e135f6ab5987e,28,2,0.223000
0x22ce1ea666a9b8fca9a3def503f62e3da6ed9302,28,1,0.410000
0x534581f80bfaa10a0caaf0a88ae2282ad4fe5db0,28,1,0.386730
0x369d1608bf83c8dd33da1e21befd10ca5c6c870a,28,3,4.962600
0x568bb09fe024379c0c025e3cff09c62c7520870f,28,1,0.028000
0xf3d5512a88f8cd74089d2e8657410c1cf6889995,28,1,0.919000
0x674394908f3be934610fa4f4f30ded54343c95b3,28,1,1.400000
0x695a76ad4c8e6d4482ab7b768574ffb6c4254289,28,5,0.219000
0x8389b685b79cd5a7aa16677715f8ec49c07393ff,28,2,0.138000
0xebef2f78a2843bdf01268d93b1c263deecfb75ef,27,2,0.410000
0x25cbb8cdb9d01ae81595b8064e566d1f86022abc,27,2,1.290000
0x993cabc4d9d87f1f2c5d1051efa62905001d39cd,27,1,0.027000
0x235b49b0750bcf6ba935469315c8f82efc84b805,27,1,0.054000
0x109584921985e60d4657aee2ec305b86b72f39d9,27,1,5.610000
0x784c132482eb08607575ab32e476d836d8057c9e,27,1,2.430000
0xc113f937830762cac23b41fecefe30de71a75610,27,2,2.770000
0xa5082719e013b86b404e93d67f770beb38705863,27,1,0.330000
0x4a28dda7c82d71bf9477050bcecef9ee1fc96e77,27,1,2.250000
0xb369f91c3c4511d825f9ca38d7f3a8669996b060,27,2,0.534000
0x80c98bafc7c2721550cf80ead87bb84cb9388b42,27,1,0.041200
0xb401bd6316c0f37a32583d74f33062939e3e995b,27,12,0.165000
0x5c80e9122e3995cf63348fccc42e7376cf911dcd,27,1,0.043920
0x8754f117d9520a51a1e36e7a7cb2b1f2822bab67,27,2,0.473400
0x338597bd4a525e9d6472e24a9ce6ad890240e08b,27,1,1.490000
0x5ee98e26045d87fccdf9832b03a9c97f338738c0,27,1,1.217000
0x49e2895647d6351b66c56733bc17c549de96708e,27,2,1.231200
0x20bf0915dbde0c5d875dd6fcff6bbb86e8a4b236,27,10,0.093500
0x0c6ed337c8f6308eb1442b0a2144c7f99cc20495,27,2,2.202676
0xd36a9057c930208594b955e6a2ac6550720da5e6,27,1,0.129000
0xa657341fc07ed12644ea60d946e7e0646f74a6a8,27,1,1.780000
0x247f70c487cb9d0fdfd141d384766e0c52fd52c5,26,1,2.600000
0xf714882d44aed6b1454789b917afe580c932ed96,26,1,2.240000
0x2df88e81fec720693e66629af20b5e9afb73ba0c,26,1,0.113000
0xcf6b8f5cb52762a2eccb67ee3bea409486a4987b,26,1,0.877510
0xce57f3f1b4d3002bb5ea5dbf8653f7b566fd58c7,26,1,0.399199
0xce079ad5b4511f2d5cb4191ecc23041971e9e0b1,26,1,1.560000
0x7f1fc09713439873553ef0d3a4240a71ce525d79,26,3,23.750800
0xdab5a562e1c0b75ed64dc55d88cf6d99de3d37a7,26,17,0.142000
0x6e5306c83602b204acaa65ceb05ec178120ea265,26,12,0.197000
0x4a810084cb66f59706621eb0549b4cd88867302e,26,1,1.300000
0xcce7b5cfd1bf1f125f736e97a4c175343ec9cc7b,26,1,1.840000
0x86eebf8e3e7290d6b176ecfdb1e78fba5b24b99d,26,1,0.260000
0x55ef1dd55da2099a982ef74fed71dbdc1669d5db,26,1,2.150000
0xf77e2d9d5a03b5f65bcfcf14dd1639b02c3bbfb1,26,1,2.330000
0xa878a31c583c0cab5cfa55959a9d4b14ba2c8e8a,26,2,1.000000
0xc3cb204e74a9795f6ae4b328b6f4c0e0af9ee892,26,1,1.970000
0xd5b40e1982b7c8fd44c592df0870dd5b079240ef,26,1,0.182000
0xdcf00140753abd706ccdf3cab42d41b36df6e02f,26,1,0.624200
0xf46daa100c37a42b0d1bc812d8420e86e8da4ac9,26,1,1.970000
0x413b8d6035950f031945a0fa655e07c1f759328e,26,1,3.480000
0x89a104cf694f9fcebd87c8d1eaf68acee08cf1e1,26,1,3.900000
0x0e31ab2ccc9f5ef5d9f85405461a2850c3e3fe22,26,1,0.245000
0xc81a0d010574651fb8b453b4827de5f045851b62,26,1,1.790000
0x3454a358c73312384bce3d69033f81edc89d395a,26,1,2.060000
0xc761a33536b1d23373d32c274b7ecbea0cdeab87,26,2,1.016000
0xe9e15c75fdf1fd9c9e4c4741a2d509dd2c400265,26,1,0.153371
0x915e7989e4e67888a53c79f634c83cb9b91a7069,26,5,1.911600
0xaf9b43bdc05fc6609515f3290693dde77a2bb3e3,25,1,3.175085
0x7ee539fd1318ef1bce29e91d0512e5faf2a7d95f,25,4,0.225000
0xbfab2371beb2a9e8c06e8fc73286f2874597e816,25,1,0.443000
0x3142ba964754d336ee42414a4935e8741f5bd69c,25,2,1.660000
0x810f6d61f7606deee2657d3083e150a222bc29c5,25,3,0.939000
0xb62962be753b46cf5d2d77a40112d0cf15a09c1f,25,2,0.131500
0x566e146702cd0008fb50eccaca93278db4c389f1,25,9,0.118825
0xfc5bdcab4951d4ad984040f6d2f96912f169d538,25,1,0.025000
0xc6c07967700f9a074c15371cce5843b8b57d2506,25,1,0.003750
0x79fc208369b81f7365d53fe0f14fd5cf440fd67f,25,1,0.350000
0xf6139c39715a942fa3473e04eaeb3663866fd867,25,7,0.702000
0x6feeb7057050f63116122b32f7356ea136ed8983,25,2,1.077800
0xce680eb354e4231ab83bb50d32b08e44679740a2,25,1,0.310000
0x3cedb3fd7ee98eae7c4c9d62210e2fbaa23a196d,25,4,0.128000
0x89ca143c42c22d0b0d24d6d2bfe00050331c6ef8,25,1,0.075000
0xe9982d03ccd11769f6d954d8f8b1b821d598a4a2,25,4,0.090000
0x137ae5e3c7ed176744226f67223de50ca3a19e5a,25,1,188.280000
0x237566125a26cfb7a0ac288bc0511eaad9483d4b,24,1,0.960000
0x661f82f579a6173b3886cc41d30555987cd371ce,24,2,0.660000
0xc35c4c5f9352a7a998cff22b031572f9c8f9fa18,24,1,2.080000
0x6e031d550e5d2ee9b2ee3518ac823000f4c2b54b,24,1,2.260000
0x24235fa9dab948e6fde2d2b369bda08d598e8242,24,1,1.839391
0xcc4e0062f875e1eefcc81949bf72e3dca7a8df33,24,1,0.240000
0x801f5d170404d9992596ccfd7669579eb4fe4652,24,2,0.706000
0x468e29c5ca79bbb66400b0b89235129a6b9ba5e3,24,1,0.000600
0x94dfa2ed40b5b58863c224998abfaab10dd5e911,24,2,5.330000
0x1d0337d2062eb3e512e2fe55b2e7a73bee371306,24,1,0.974711
0xc7463338a15e3f5fa9eeac106254ef1fa06a0554,24,1,1.950000
0x2e9a1c667d8a9616240615749d7a2504946e896b,24,1,0.440000
0x2b3758fa012574aecac41be8acffd3e42afdf060,24,1,2.040000
0x951651c8109beb89d7fbc397d014f8f05c06d23a,24,1,198.770000
0x4e5198bfc6946b4ddcb738650f0d4688f60d8966,24,2,2.300000
0xb2bcc561a74dabbaa43e0bf8a93f7439aa22f209,24,2,1.765200
0x543ae82aed1ae92427277a5a0d3d44a1905a7a15,24,3,2.657800
0xbda273de2546c868e52c7344104caa69f4423283,24,1,0.240636
0x0232f7c608b9620bb37a47372e40fbb91739e8a2,24,3,0.062000
0x9e5e6a61566987eecf0c7425bc3a274ed93f9e66,24,1,1.440000
0x42d726c9eb275b7885ba0b84865b719a5300f3e1,24,1,0.265000
0x09d5dd37ed6d7280bccd32309469e70023acfb31,24,2,1.415000
0x5ca1049b7bf88d71971af75dbe6dfc1a1ad69807,23,1,1.850000
0x7f80c2b652ddb83323e71e272b0fce1a301790d3,23,1,1.131731
0xf00bc5560cfd170181e4c848262cb88d9ef08078,23,1,2.300000
0x0af455763a9db1fc37e4d0823c81832f0b2d7b6f,23,1,0.046000
0x0b41d227c75d84b1428976c67d7a5905eb3ecb5e,23,1,1.008003
0x11fa05306e299b7578108cba446193927bd105cd,23,1,3.860000
0xe5d7043635683b7e0e8ff69ff2c06273efcf0287,23,1,0.230000
0x7920a1b85a322ae59a556fc247003ba4bc02223a,23,1,1.670000
0xe31db51665c011c3908e8b72845e7d8c5978f12b,23,1,1.490000
0x778dfdea4b18c675555626691d3c7f4c2d340018,23,10,0.390000
0x017f1003d00572f0bbb597b305dcff156ea923b9,23,1,2.030000
0x82dc61dbf82939fe24fef4ccf94fa791261ac01e,23,1,2.300000
0x3d7f76d93bbe6587e74565cd17284b66995fc82a,23,17,3.103700
0x545fc4dbb9606f2dc43263a6d0ad936ce267e6fd,23,1,0.676000
0x0cae6652b9279788445d102968e0f32aef7b8578,23,4,1.230000
0x55c1b225ad513954773ea9e867b11b9334c8b7a7,23,1,1.670000
0x56814e8299fe7d3e57e13a01af9ac29ddf990494,23,1,0.345600
0xa6629db5e2dd7ca8a554969b13c3459e5b458d8f,23,1,1.580000
0x880167e8b8c4d477517ef8f039cda4bf08af90e6,23,1,7.500000
0xaad50b95cc245bf31556b0e98b24c82876f1b46b,23,1,0.023000
0x5a2d731a7bcbfcfb2e3d91b1cb98d0c6a254f462,23,1,2.000000
0x1db6406b99da3bc5338ebcd3db2d30121f5a3438,23,4,0.095000
0x317b8925f485324374de26a867b60507ccae72a8,23,1,3.440000
0x33fadc34207dc48b479fc3ae166297116f15b1dc,23,4,0.825000
0xb240f67c6cb9901e78df8e5686769ef5dbdbb0a9,23,2,0.700000
0xbc1994a1e3c0f543f8d95ddc041783a5c13bf2eb,23,7,0.448000
0x5f1f4494e30baa940c080387d669cf808b19e904,23,2,0.167000
0xe2d9f62847f41141bacddd7d3cbdddc7973f83c0,22,1,0.300000
0xfe2470540303e9211e9e4949e8486ae5b7b04aff,22,6,0.305500
0x1d917378c84e0baa65ad24fa6004359fcdf5139b,22,5,0.637000
0x547455642ae7097c26fb372a4ec095a1c47fe545,22,12,0.133100
0x487919f380e04cdd32fe401713f399c7d5251ab7,22,2,0.484000
0x93a81d4dc0d2306a7cf89cb48c4eb01facf2eb4c,22,1,1.422000
0x1bd630bc729d981a7114cee2a18da5776d5a1fd9,22,1,0.053950
0x3481e5c9380b059821d0e013d81fcb3758fb9b93,22,1,1.320000
0x9498fc58afb897772c226c62ba19aa5cb026c246,22,1,1.660000
0x2086e24a1e7c937c1edcf87f0045e88c40937eca,22,1,1.480000
0x12e255d4eb7d7a0ea71eff5939bf656eab540c67,22,3,0.652000
0x62c8c817bde598356a12409295f823446fc906f5,22,15,0.197600
0x40758b382b620d2bcb1e3e381e7812589ba21a86,22,1,0.022000
0xd15ca75ff73aa5173c28bd82fff302204cf6c6d9,22,1,0.102000
0x65e3e64935ea709bdf1119e1fc991299c04c0154,22,4,7.426000
0x244323d7029ef2b45c20e30b03bf7271cbc191c6,22,14,0.460000
0x9f54460fed51892b3b065eae3ac1603dc3c6ece4,22,3,1.710000
0xb89ffe5882a77b0d1fb91c00fc212409dcf241b9,22,1,1.499000
0x923286a020ab7e622da7a32ec27a4c7dac3bb07d,22,3,0.835600
0xd8aa9a64f23aa41e5d0886f0d9114e287b0d9064,22,1,0.247500
0xf5d0a729fa1b20458ff6e61e0ee37562941a51f9,21,1,1.620000
0x8e8d53a67b59e6f2a28e0d6d52012a2b0e3e1886,21,1,0.250000
0xa7655bcade2a998c9f64774b988ef9a76ceb0291,21,1,0.099000
0x816e2682af98b63336c202b2bd93c1139ecd8e71,21,10,0.521000
0x4a038dbb9c98f6f17a537b72581a97c50d959778,21,1,0.021000
0xb39741f7d31e1bc80996f7b7fa1c03bf398ed030,21,1,0.031000
0x6c671ab09126f2eae85e5571ea1826e97a9622e2,21,2,0.483000
0xfcbe50c63d3491c5287caf9041486289c7bc9736,21,1,1.430000
0x8df7eded7ecbe13346b67c0c4961b8a6c3f0bf22,21,1,0.780000
0x456a9c1b3bbe01787860db865c6c5773be7598e8,21,3,0.645000
0x19329be16b37bb4e22866b0b7d27de255b973829,21,3,0.785200
0x1ed6ad237810a974b001cabefe0dcdf3e01224ba,21,1,1.560000
0x5ab9397166913feb48d28e2e693b1f490cdfb082,21,1,0.920000
0x253d32965d2e39e46dd7a2fd052fea1aa189c163,21,1,0.028000
0x56f751d3a803fc7f036e58af78113d10d2446534,21,17,0.076000
0x087cababc2fa6eda141c1b1a51a4a94f1c131eac,21,1,4.980000
0xb561683d5afe9fe487f5ad3e6c7edd74ccbcc0e5,21,1,6.970000
0xf0f0610b1580386c6e437718287ca6e06ee457bd,20,2,1.440000
0x6694ffc9d87bce468bcfdd74ddbd6e8105258d3a,20,2,1.020000
0x86ad5aa6f3f680f2cc4d713da9332cc9f9bbfd82,20,1,1.000000
0xce2489eb99e5b33d9792cf889bcfd0c983935b53,20,1,0.690000
0x2ed6f4e0828a6786f05332eb4fe8c6fb20206cf8,20,6,0.045000
0x87289f5628e5e805898ccc65e3c0e705d33b4991,20,5,0.379000
0xf84380a401382bffa9a0c8790c43fe15ac8a4930,20,14,0.035000
0x02c6dc0c8b4d08889d72e98bf180f82f6637d797,20,1,0.336800
0x5bd70c14c517dffc1bb3361274093a791306ccdd,20,2,1.712000
0x05f8d76bea62142bcae4ef9a93dace5235e0ed41,20,1,0.000440
0xc312790646db8004c9ee0703eb9ac899200e10fe,20,1,0.280000
0x52dacd40cb25b61f667016c818a9f50b1bdec3b5,20,1,1.550000
0x55b78b67b73db22dfd98e7bc89e3c8cab186a159,20,2,0.432400
0x2cae48380bfa1e294aacc4ec0f5a57f3311c270d,20,8,0.107100
0xf78711a8ae37aa9b5fe2fd0555d884c503aabae7,20,1,1.190000
0x0594c9438a419a4a10d171b15ae20af8ef54684b,20,1,1.910000
0xd9386784be36a12b11a306d03b1a25e9c71e44b1,20,3,3.414000
0xc52b35f9e8cbfa65c4b825697fd50ace754e1df7,20,8,0.043000
0xb3cdc3fb623b37763fae5b4718e425d04e1dfa49,20,1,135.450000
0xc7a403771a50e9cd9e35c61e20e95d4110a29214,20,1,1.370000
0xeeb7d19c2d99afc7c1339193b5911b268657cd01,20,1,4.385000
0xa0460f3bc3c06fd27ffcb99422eedf8bdebb3e41,20,1,0.265000
0x166986c4be76b8ba0cfdabf5e4e2978322f4a57f,20,3,1.555000
0x2566672a01bd37a7f8b39952a72fb3dcb624ec66,20,1,1.340000
0x44d2dc46f987d1f2fa55e281934addd193a1a377,20,1,1.434000
0x657f27611be76220a86aab3ddd2824d6ffd62725,20,3,0.984000
0x4dee43a46974d2766821fd9c97f1c28b5461c09c,20,3,2.210000
0xb4ad6bb516725ff69594e46c3a7daedf7c473186,20,4,0.500200
0xb0c3a337030d7ce2f869a44c65fee6bb8d18cc7e,20,9,0.099000
0x5c6e3da0039c272300620c63f783500f56e7b7ff,20,3,2.800000
0x410b7a39ea803f54fcd5fba1da216dd423dc0625,20,1,0.230000
0x22933c8d13d0da16a5f037f015736fd41a3c17fb,20,1,0.460000
0x4b6914b645e6275a7dec33271c922a78211e38fa,20,1,0.200000
0x6aee87dd05b3004d161de52d5f8ea99b1c96fc85,20,1,8.600000
0x240d3a6c0a2489365b38925f9ea4aa8d37684658,20,1,1.370000
0xbce3119ace8a2f9f81dbb8423006fd14588f551a,19,1,0.340000
0xcc9d56c478a7c9a6bbb46ab4d627dc61e53b28a9,19,3,1.000000
0xef5d128c4543cc61c387a218c7feae9aa0239546,19,1,0.520941
0xe221ad29cbcf3b3c3d2113d33f6ac4e058f5337a,19,1,0.482000
0x3432a902e1abf772853b3f7ea311a956d71fca06,19,2,0.665200
0x035e7959a5f5a24ae5ded8746c110928318bcf5e,19,1,1.270000
0x0c478b46f32cff171246a9893e814238f067cceb,19,11,0.111000
0xe94204757d7523729467cd56fe526476a7ce7c8f,19,1,0.610000
0x000f05552f24850e75793d38c2bd0cbd249a9ff4,19,1,0.045100
0x96c3ce7c6c4c28aa535c15d958eb47b6b2af0c41,19,6,0.994000
0x5a790d9bb5526ef7640820cb231eeec702293646,19,1,0.734000
0xd43cf02bea3b50a188a2cd7b2a8435a493e7440f,19,1,1.820000
0x33d1fd25db10b08c2dacb323863d3de9c5ae1d01,19,1,2.466000
0x421b1d94f443c58e263aaf5a79177b54f327cf93,19,1,19.000000
0x0c3b1a63698fc793dc29a432a0c476e8eb5827e0,19,1,0.190000
0x294b4e2e543af7bd6291bed5db277ad069061f3b,19,1,11.250000
0x4b19ee2a3de2521a3adc901989944c209c0a60ea,19,2,1.503000
0xbee19f94613174e6ce97af8f61eff1222ec040f9,19,1,1.180000
0xaa5243b0c239bf179b825d8e60e426a075f444e0,19,2,2.950000
0xcd06cdb9a6d9bf154fb3ee9504b295b4c4a67676,19,15,0.100500
0x79056901009a5e48648c62d0bac11014812cc194,19,1,2.850000
0x640b23bc018d0c811f4f67059ee810ff1d5316db,19,1,0.209000
0x50f80ff611a5455334e4822b7b797149554b036c,19,1,0.109000
0xba185e4c84a78321ff6d9da4f801f8db0ad812fc,19,2,0.148000
0xba87779f932c5b933d5032f50ea39104f5f3d461,18,1,0.180000
0xc0423dd4d91102dfff9f86e9c9d6df5d1ee5830f,18,1,0.180000
0x072a5456488cc339a24054f14ed6a44ed8b86ee3,18,1,0.180000
0x8e1ab4b84f41f251b8c76123bf39cb0186beb9d2,18,1,0.180000
0x7de0bcff77f172018a513db5cb0d45e1aff3ecde,18,1,0.180000
0x6ee4a55fd356d9f94239b4c7a257bb8a2620af1b,18,1,0.180000
0x9bf3d2bbe6676781a54ea0a3affe085936832497,18,1,0.180000
0x527ebe4a153ab22103cc98b7a95c8a2962586ec4,18,1,0.900000
0x48f12fef96684338a44eb3ce31954ab469a2633a,18,1,0.180000
0x3ece629fd5162e63a419b772f6f310ff47d60b55,18,1,0.180000
0xe52617b1de52671640b7be9b442a4404bc689e4a,18,1,0.180000
0xc8e1fd88d42e6941325d7415c3bc5671e4bea01e,18,1,0.180000
0x40481c5809c8456d678614751ca8a7a0e8ac1308,18,1,0.180000
0x96ad253c593019d097ece94e952a4d47ed6408e2,18,1,0.180000
0x886977a15c26ccabba2445c234a564d7e5e57b74,18,1,0.180000
0xfd51baf26dd70c8db2eb94453eedc5f9df2bf51d,18,1,0.180000
0xe54e04a264d660e8d707d91c4a719e1c5057a35a,18,1,0.180000
0xfd31715127f7fef3adac0e3a69fe14b5651917ad,18,1,0.180000
0x7aa1e09a27ec5bff8e57f931707ce7777dd4a88e,18,1,0.180000
0x588a0720cc6322e5afedcf6ca7cd347766946f23,18,1,0.180000
0x17970bc3a0478dbf4a04cbe99366f6c349af4756,18,1,1.100000
0x83594c8c850318056429ec4430f2988cc8399fe9,18,1,0.180000
0x404f8f2a7db5bcd36513105070df7cf142ea23ac,18,1,0.180000
0xcc526aae75740849ab6d6c9ae5e96d28ccf2332c,18,1,0.180000
0x62db407695c28fd1329d4f676bcc60fd13564c67,18,1,0.180000
0xca11cd938b59732a70589c9d79e4a538f3e5227b,18,1,0.180000
0x50255d9f4877ec02fb338c1271836a6b76fbce37,18,1,0.180000
0x0f956c416dcbbaac96acf3deb8f52f78c9bb1989,18,1,0.180000
0x05ff3903c98667198c6fd95724c068b46a2bdcb4,18,1,0.180000
0xfab11c37b47bdaa05149602e8df1c50b073f01b4,18,1,0.180000
0x3841b9b0b3288063e014063e5917dca6c9d31f28,18,1,0.180000
0xe770dc692dabdac89756af9d50d5db9985054ac7,18,1,0.180000
0xe6de9129a5ad36f85590788f5421fe696b29bb42,18,1,0.180000
0xcbbc6b4283441b31975279258009f330c4e5c754,18,1,0.180000
0x34ae8a6540e474483407a368b1d95671cea53789,18,1,0.180000
0x58f6f5be0f20573be27ca548cd766ab38112cc5b,18,1,0.180000
0x2f1695c8258b7411ad02078087456c88db6ea4ff,18,1,0.180000
0x9ed17e51fdcee53f50b7ddcd6ac36e98b462fe75,18,1,0.180000
0x79ab1b91a3cdec966a388bccd14e7587ca10262e,18,1,0.180000
0x846853795b954b4768dc12c5d725e243842cb587,18,1,0.180000
0x89949430af74cf4675922d7f70553be6258e0a20,18,1,0.180000
0xfcd848f551c59086291b1e9105708a872ef47b13,18,1,0.180000
0xff908f4bf365e87e25c048eb6ba5fa0ed69d10d2,18,1,0.180000
0x406f957e48e6c07cb74cabab9b17d6d2b3111479,18,1,0.180000
0x19e53a0cee22ec9e35d42543871ff7b0879a13c1,18,1,0.180000
0x79539aa965632a51ee54e071bd33d371384ec6ee,18,1,0.180000
0xcb12c4745af1b51c57a49f989ad4a57aa161e2c7,18,1,0.180000
0x18f4850d679541e89def2b349bdab1816bfe3274,18,1,0.180000
0xbc00300e074b53a5dc779564fd66507147633b8a,18,1,0.180000
0x8f3a685fa507ca0ba406c02f11fab9dc20ca35ce,18,1,0.180000
0xb3e4ac3395e9dc29f336ae93d8dda01ff248389a,18,1,1.620000
0xbc9f27ace68ede4d63c649feaa71b5328a80d85d,18,1,0.180000
0xd6f11cb86ca2529343f78e7fa722a16ae0713ab4,18,1,0.000190
0x9d92df597117731bb30e85ad39571b924f9b5fda,18,1,1.170000
0xf2a455649ecf98a11bb8b882002237a7cb788e80,18,1,0.180000
0xdc98b998f721219ca237aea5a1f2aebe9ae325e9,18,1,0.180000
0xbd1e8919a420f2437bdc811a3fab99015211886d,18,1,0.180000
0xd98fcd7d735d6a8a6ff57801df52fd3c9505c8df,18,1,0.180000
0x639db946de20c3fd55f65bcb471ba86ecb8cadf6,18,1,0.180000
0xb2fd5aedcfd0d78032f459e47e78ced2817a2efc,18,1,0.180000
0xf246b546681a4e6cf1555f822942bbb528fdf3e8,18,1,0.180000
0xd5f374a39b9060df0bcd178f9bbad96966c626ae,18,1,0.180000
0xf240a104d2a3c997d7786cb6cd655e41c0d2b51c,18,1,0.180000
0xbd8cb475e8c5c817af54fa7ba5c37c966b10a82a,18,1,0.180000
0x4729929242437ed26dbe0e65eadc6e3318c2da00,18,1,0.180000
0xf20a89b7c0bf073d94e087e69bc624639c4bf4cd,18,1,0.018000
0xb28fadd63377cd6032a899f6c39fd1bf30b2bc94,18,1,0.180000
0xb62b31ba2c2015185c11d04ba7eb5584a7461035,18,1,0.180000
0x8a43db4cf94282321265591e3bf0652f7bed6b14,18,1,0.180000
0xf6b480121110a8e88a974347be22c9de0664738c,18,1,0.180000
0x1d73c4449bc684cbd36b1bcada3f59c240ece10e,18,1,0.180000
0xd572728a7975f988ab1da9fa0fb4bae35629cea7,18,1,0.180000
0xbdef510b6075d8cca95a2f9e0f73ad49be971889,18,1,0.180000
0xbe3d6aea941a4511a1554ac6216f4e756d31ff22,18,1,0.180000
0x5d9f240411b7507eca85916dce4527545bc60b6d,18,1,0.069000
0x296b5b5f65743ab83b1e7b3dcaf3d1821ea2d7a4,18,1,0.180000
0xbe7c4946f7b6c47e766b82dcf14e2a8ee14c2741,18,1,0.180000
0x90cdfa3cfe637c5a37c0e2411aeb1b37f64b688d,18,1,0.180000
0xbe97d53a1187483e50d364febe8ff0d3dd14f7d2,18,1,0.180000
0x5d8fad8e228bf23a4bc2fd76a55faefe3d928f35,18,1,0.180000
0x8a51d009b25fb4bd87ce1a35bfe9a4e940c0db0f,18,1,0.180000
0x4368ddfd6cc1b405ed1a9875ff55d911b7b8f59e,18,1,0.180000
0xa26edf2b1d3b078b0131993a6f9af7e570aad005,18,1,0.180000
0xddc8fd68791f28f134252f1452f96d7ca0a7fad7,18,1,0.180000
0xb18be640ba88b712905b165d35bdfc290b0a230b,18,1,0.180000
0x10989fc916cf55a91020a917212cc3e9a1bd9d92,18,1,0.180000
0xd4e851228ceaae9d0e26d4c92a5835de501cdba7,18,1,0.180000
0xa2b6c5ff3025c31df3a5d194ec9972eada6e714f,18,1,0.180000
0x749c59b57f8d628e74d46c0bbc4bf091fb830521,18,1,1.350000
0x2bd27e7fee0b31bb59f4de8637d39bfa7c0ff679,18,1,1.530000
0x90f17ced598e5fe94d32033165c07acf903bcc36,18,1,0.180000
0x7ea1bc1e0f901a8924d3056bebe91a4cdf3490e2,18,1,0.180000
0xbf6b107ada5ef0b010d35f1ac4908a09045fbdf2,18,1,0.180000
0x912dc7cbe92593098749a8a241baf1ddf5b4e56e,18,1,0.180000
0x09d2b71122608ae9a51d93117db3269594304a27,18,1,0.180000
0xd445ee20d859cbb0d202ce9867330f9f1fffb811,18,1,0.180000
0xf0def1197b67c6c96323c8c1bdf6583c25a22b2e,18,1,0.180000
0xba6e47d75fe438b2ed6f391a3d0691f0c67fbd67,18,1,0.180000
0x7505d919f32544b9d1b47ea8e043b4c1b0797bdb,18,1,0.180000
0x18c62492e7cba3f1a93477ba450f729c4c56d20a,18,1,1.440000
0xbff7ead2d178111c8ae8c75948d1e6ca401d36a8,18,1,0.180000
0xba79e2d1f477ea2f1267318948976960a9fc2a90,18,1,0.180000
0xb11a0372e838bb6f1f892f6ba3bf2de084ed29f2,18,1,0.180000
0xd9ac9aacc7b8579004d229e1271719a353d08b2c,18,1,0.180000
0x119b0fae995d2a571a85c6e5aacc9bfea656d535,18,1,0.180000
0xc03796c547b95aafe755a5ff3fe8a6fd55339aa1,18,1,0.180000
0xafebc29cd40e0845cae3489986bebb17ff590e5e,18,1,0.180000
0x12cbf4574773eec897cc8a6ed7d57047a4aa84f3,18,2,0.100000
0x9240b9a65415e0fcf1d951abd0962844e0aaa0f1,18,1,0.180000
0xafc1a5220f66b622e617daf17e3509e92b73a605,18,1,0.180000
0x5c250818875e7b59bb0b3fa9d72001ec51a19dc4,18,1,0.180000
0x9f1dd0785688bebc63f414bcf3e7cfbaf68d40da,18,1,0.180000
0x4d40b74e03a44908a7a3e5f1d8a2e11848912b13,18,1,0.180000
0xc2c5ca034b954b1504d99743290003c6a4a4c2a1,18,1,0.180000
0xd2806b20098f7389f63fdb30a8a3f11d720934ca,18,1,0.180000
0xd27980fc4f3ff4c74de1d1584a66f15ca475fe10,18,1,0.002700
0x47e936de0a2f09bcf5d3d156a21e81bd99293178,18,1,0.180000
0x7d372c37abd21cfe08db16f508031ac997819ba4,18,1,0.180000
0xf5fbf56e478a227967eca0ae0b2e371727fe62e7,18,1,0.180000
0xfb96395b6c2ed962338164c2d9eba03ec8dc547e,18,1,0.180000
0xd1aebeff01e84cf00874ef4fedaceaf69c3c6f2e,18,1,0.180000
0xe14b88403c0952d225d13b22f480fe694811f7a8,18,1,0.180000
0x21a7ee2d6aa9933d611528ae82187496af54918a,18,1,0.180000
0x615831b9ed55fb7cf67c83395280b4911b8683bb,18,1,0.180000
0x366c5f907c24ce0405e3656c1f1ed4336b9d4d6d,18,1,0.180000
0x6290ec0fcddd0fe9700885b82620f93faaf55408,18,1,0.180000
0x3f6fd510c8ac91c2e2addfec28b125880323ea75,18,2,0.290000
0xc38ff5f14424c7a1ced2ff26f87604e3cf93bc34,18,1,0.180000
0xfaaf47f74d3d23b1666f21d7da5cd6ca155f9714,18,1,0.180000
0x938a740da4202d0848b32f1e26b9e232c3d637cd,18,1,0.180000
0xd0e4a2af17938ac11c42138bca7a58376fe481f8,18,1,0.180000
0xd0da14c2943ecde8240c566ae766e774a74d44ce,18,1,0.180000
0x9adeef46d1ec823170cdd206671c956fc6f7c65c,18,1,0.180000
0x9acf0a4bf96bde8e1742dadba39b349e4cb50c87,18,1,0.180000
0x6292da4f70d194e0a857eb3772185ae4feaedef1,18,15,0.087014
0xfacb73ac94659a5507688e7b4ecbf8e7c7f57bcc,18,1,0.180000
0xaeb8b1abd796acde5f2c6ef11c7412ea9222036e,18,1,0.180000
0xd06e3ac57a008685d45e32240b7cc95d8638410b,18,1,0.180000
0xb6c6d59728328ca6c8ad14271efa1a004b6529d6,18,1,0.180000
0x5158a3272bb82ade64b47742e922a367bf0c2b8e,18,1,0.180000
0xae6efb1335c1e85b5a7599977be09a614f91399e,18,1,0.180000
0x86854c835cb9256eb0adb333e6832aab8d10e083,18,1,0.180000
0x8b088b643a3eb57af1369d5eee0e479cd1c5444c,18,1,0.180000
0xae57c6ce6c005090493589cc93f6a8c60adacfc8,18,1,0.052000
0x1035cedfbff9788801c5cb8e6bface320f25e684,18,1,0.180000
0x4dd284d30b2a65ec5aa905a58a339bddf215f7ae,18,1,0.180000
0x779fd3117edde33b83ba599ba64b413f1aec6050,18,1,0.180000
0x099bc51a38fabd304b10be38cbc8a3a1917791b8,18,1,0.180000
0x10214faf05fbc1b229d236f4e3855e21ab052a50,18,1,0.180000
0x77b0aa29bf1e09a923288adee8a9c3ea1789de5f,18,1,0.180000
0xebf5cd76d2ebc48330e1559cbe8c3ead414f3613,18,1,0.180000
0x2cbbeeaec377c365372d9b5012fa6fbc5b696f4d,18,1,0.180000
0x67164d064f901f458897e37f95c6c3b60e92f82f,18,1,0.180000
0xb79ed1b1f286de0f8a22790f344a3f0f574734ac,18,1,0.180000
0x254e22c87981f917db7cf893e578104e86c656c0,18,1,0.180000
0x22130c8e4ee3a45ffbcf04fd88b0fb5fde2e9aa1,18,1,0.180000
0x7c36f32c3415ba25b4e9cff3f2c3c9aebb9f5afa,18,1,0.180000
0x1fde8f663ed4866c9a95244776ac464fe9bd7435,18,1,0.180000
0xa6809e799498807c5d0b51da000d3cf16bcbe28a,18,1,0.180000
0xad2ec645d73be213b1a215c7b52e337df6bdc20f,18,1,0.180000
0x88b77de33949c6cc5b7c2d0595362bf2001e44a0,18,1,0.180000
0x2323d44d694675eff5d5b87272a13c5c8cff23e5,18,1,0.180000
0xeb779bf60d4d8a8a985fb32ead99fdc4b679511f,18,1,0.180000
0x7c2213a09876e85caae5b77e6ee129ca69c03595,18,1,0.180000
0xacc277cf30f2f2f508eb0b760d95b99db355b52c,18,1,0.180000
0x81b337e8c23bd6956f15dade02bdc77b39f9d9ca,18,2,1.080000
0xd82d90b5529f138774db64432bba8a1174adec85,18,1,0.180000
0xf832bef2d439290d9986424bb6589fe6b96b4a92,18,1,0.180000
0xc65c27134f036f10c49045da747282f341ad0649,18,1,0.180000
0xc69341a72c24abb5d73f5bff9aaad6ad4f68d0f7,18,1,0.180000
0xea39110b932d62b592501a07bc2803ed0e168453,18,1,0.180000
0xe4084543a5c69918a80bcbfc7e4ac98b08817633,18,1,0.180000
0xac60907cacf8e8108cbced1d54a6243e9ce0fc50,18,1,0.180000
0x50dec0e83dd734930c6da83bd60874a404fe5f01,18,1,0.180000
0x95c0c4b4ae10fb141642e5c6f39e1c889247d7e3,18,1,0.180000
0x95c0deff5547ed21e750d5c691cdea96fa1f6911,18,1,0.180000
0xe9db55be044e7710fce91bc838866cd6823c1b88,18,1,0.180000
0x960c5912215117742f46fb2deaaab69d6fc50226,18,1,0.180000
0x0f3a92c835a13454883b6e06460fac96e30b8be0,18,1,0.180000
0x6b8c521546d0687a211c09af7fa588d8449ebfda,18,1,1.800000
0x863500e7e461b7cdb04ebe768438423594ef42e9,18,1,0.180000
0x83f6bb7f98defb5be15b83b44d0e3af38965dadd,18,1,0.180000
0x327fd6594e5c51af49ecdc9513d2717754f8bf71,18,1,0.180000
0x57f99ad3a73f4aada42897348cadb4d21735ab16,18,1,0.180000
0x1f9a3f9137d7aea513c55e8d43fbaf84d4c45e05,18,1,0.180000
0x11dc6d4055fcc00b3196e55f0623833d255d17d2,18,1,0.180000
0xa790699a74a421f47c8252d8e70fafefbccbbcd1,18,1,0.180000
0x5a8779f282095359f4f727e37599f0a8110a202a,18,1,0.180000
0x083bf5a6ed5dfd32e01fa3bb18501aff0b272306,18,1,0.180000
0xa7a17913bca6f006e88b13c4a202ae27ee6626a4,18,1,0.180000
0x787155177541bcd4a7343f2a6edf4b39a74c3a47,18,1,0.180000
0x50a1f8cac0903c56266877f185420a3d8eaa63a9,18,1,0.180000
0x47bb04719080510730c9fb2b99f95adae9cc7a22,18,1,0.180000
0x3774510b8b7fc7c33273b2a2af330654923e0915,18,3,1.650000
0x9de33598aafaa7ee59615cb8b0e114ca66c1a484,18,1,0.180000
0x02e74a1c1ee18ee592489cf6637ee211de4f159c,18,1,0.180000
0xc8bb202b6dac0ec14b257b84b48db35eab2f168a,18,1,0.180000
0x1330aa00c108b820ed960f3efa0cc59659b7607e,18,1,0.180000
0x804d2680f1764f1e90dfd88b656ce963116d46bd,18,1,0.180000
0xb090d9ceab1b65510a781a33f1a8086b313ff6e1,18,1,0.180000
0x91d3ccba0dd554de199ad7fceee08674775bb5a1,18,1,0.180000
0x91dd6262fbea3aae0456b8c873368ca6eb85690d,18,1,0.180000
0xef587f1b0957ebe558bdcc59a769dfb56d635646,18,1,887.175000
0xfff3f725e2df35b62d689ac3fa41dcf5500125af,18,1,0.180000
0xef4f846a820ae2e2d344542021fa546232cf640f,18,1,0.180000
0x2db94b7e493594fbe18ebf7f0069b0290ec2785d,18,1,0.180000
0xf745872a18578f4e25d0ba42e530ad8cb237ed23,18,1,0.180000
0x021e271ad8b4b69e6a04d7b40872ed590ea0f479,17,1,0.170000
0x054469c7ed9560706148a37e75017fa9e08b3980,17,2,0.663000
0xe121e3a8611e1f44f7cc52892ee1117fddc8f734,17,1,0.650000
0x02145cb5ef979ec00281645ecebcc6bc6a7688c3,17,1,0.105000
0x4d505853dc95242005e9b0dcb1be997aa0a4125e,17,1,3.390000
0xd3d34fa566a7e28bba9ebf644f5f51120457da2b,17,1,0.762000
0x7f8ea1267818714764f65b353b70f60eff3e6a7e,17,1,0.170000
0x50da41a4e7935a6a0c47aa3e487a88a657363082,17,1,0.114000
0x5a4e8364a6e9c02035635c13ea7bfd6b2376ae16,17,2,0.620000
0x2d2799c5a3906ffb4d0709454e17f166360c04cd,17,1,0.002550
0x35a33aa4938f9f4c7d891521389c0b04f36d7b5f,17,1,0.890000
0x72ec58fff173ca373540ccf80f091fb87987b69d,17,8,0.782000
0x535292bd258ec414485e1258ea1c2ac565bbd3c2,17,3,3.420000
0x3ad14bb0f920283b1697adaa80ef2d36920a07cf,17,6,0.790000
0xded1349888db36b4da3a352183630af6af9135f5,17,1,0.102669
0x9045a8f02c2203d0ba43d7b7d3830d309607e464,17,4,0.335000
0xdd77f07c743b8c45014ff0d452fb440ac867b112,17,2,0.543000
0xa53a878bf0d22fba877fe49f9fdd3e7eafdbf5f5,17,1,1.000000
0xf38b2643da04ec489b50b7c1d387320a5b4671fb,17,1,0.170000
0xee66fc0a75e60d13d26a466722adcf4a8e96ec87,17,15,0.091000
0x5b38c6a5ba39ca9c82cc25bfcd5a97b3e9304a94,17,1,0.356020
0x4241216400577c6bb99a704414840acbad585dfe,17,1,1.340000
0xf9d62acd0c11b2e3e28b4346405e1e64925b3902,17,1,1.250000
0x1386c9106c22375b8530f86cdd996f721512a229,17,4,5.153000
0x46e834971aece5de8e07dca52bee71a88bb4f39b,17,9,2.346168
0x8c064af4609332a0642f0d439d34b0af70e5acca,17,1,1.298259
0x597ce8887a4abddae866d6da53e244fd98c30812,17,1,0.215000
0xd15af7655c8f9e31b9f049cec7a4f1ec06aac080,17,1,6.988000
0x51d4d4effb20ce07ac71c051599fc69f2bf58f02,17,1,1.250000
0xfdf7b7bcdb38c141e75afcc99eb058c9c105df8a,17,2,2.450000
0x7408d053ea84fee214e8b33beeffe4cf18222c97,17,1,0.017000
0x489e665f6b07ad1c63abefa20bc9a902572050ce,17,5,0.577000
0xa653ef3529ab754469b64b37da2f5d191942a7bb,17,4,0.800000
0x275853fb4cff22256c8dcd096731c6613de02a76,16,1,1.420000
0xb0857656f30991ca5c901faa329681ebb69b89e6,16,1,0.016000
0xa9cace67b27b6ec66377eac30706ecc7ad409d69,16,1,0.138400
0x2da91058e2e70c60fd66a943ecd414715f938bc3,16,1,0.440000
0x4de0973c702a56303320d8377e36b9452b15b399,16,1,4.000000
0x4c2c0f0bb2631b02ac9299c59690914ee7a200b8,16,1,30020.000000
0x291b6bb92f1723671512623f4077f54ae4c3bfce,16,1,2.540000
0xa454103714c0adde781cbb53ebcb20498428f478,16,2,0.021000
0x3587e428342d912427f7596fb773dd78946b3b24,16,5,0.771000
0x4654631227a2af70da7424716ebbae83f739abf5,16,2,5.023000
0x62202f39cde6d510e21571f0916c08e9213c25c5,16,3,1.900000
0xc31305249da01c8620c64009e9266e2fbe04a5ef,16,1,0.510000
0x836c20f537e56eeb8bda763519f17490488b2d37,16,5,0.524000
0x58adfa9878c6de5542c3ca242d215c1a0f10d9fb,16,1,16.000000
0xaef7cc8640e51828cce791da1d4e1fbf0d3eda79,16,1,0.597800
0xd74e689a13f10d226fc90e549d729662ce3794c0,16,1,0.550000
0xc3f8e3b23e5ac5e06fda6653ce7d8572393bbef4,16,1,1.420000
0xc7c551911e5d46c7df760b04fa29bf695083306f,16,2,0.535600
0x0853f63e5a276cd512cc99a0e1c2cc041b1850e5,16,1,0.310000
0xd9c20da8c22d62ae67174762e6c045184625d487,16,2,0.720000
0xbd595d4b6ed1e4f22ca1e228d71b286efbaaa4e7,16,1,0.210149
0xb47c8f5e2547229b72f2c1daac220232a205d375,15,9,0.109500
0x9f6dbd2777d2a20c845632d8e8d479d77a17bb3b,15,1,0.030000
0xd8d38b7f18d44f677dfd5c0621a203546769c63c,15,1,0.000525
0x088b21ac610057c18cc50be2448e820dd95c5ea4,15,1,0.048426
0x6be2f5a15de5edbbda0826eb3883f2489dcafbb5,15,3,0.852000
0x05fd85abddeb49969106d339293178f450d1ed41,15,1,0.002250
0x9c5acb86ce509b0950f52bdec455bd3cd558d3b5,15,1,0.198676
0x0ae8248bc013bcacf36684aac49027f13b490768,15,1,0.780000
0x698969fbd7e9979d1d247522b37721173a7f58c1,15,1,0.150000
0x375b021904d6b8ffa5b6d38366db2d8a94749908,15,2,5.100000
0x3e0671426d67115471e549ff3696e1d78da71653,15,7,0.061000
0xfd9b10c94e964d89d50da34710dd1803a39be9cf,15,1,1.230000
0xb1ef5415e9d3695e16977b8be422ab7512f788c0,15,3,0.100000
0x89d018fa49eb26aed4ddae7ddfe8a9d526f5df35,15,1,0.780000
0x8855b9abb784a7000a9f12ea26bc0e8ef45a530a,15,1,0.238000
0x21f241e5ae5bf1371ec7146953720f90fb32c0ff,15,1,0.030000
0x7a15e5585c05044fff0b04a02f21c8cb295cbfeb,15,1,0.150000
0x63be2d637699c788ab3ff9cfff01d3087726d479,15,1,0.870000
0x1e646bf6367035fe196e3f0a98dc87e51692d37f,15,1,1.320000
0x0418a508f18d68ff5667a715cde2f34d0351f2be,15,1,1.410000
0x3fb0dc2035f2fb2533a53384db90475b879b9e6c,15,1,0.150000
0xf072abd135134cd84a24c4683ffa8f2e3223d210,15,1,2.300000
0x368c0a50deabe3b2caff94400e7e5023c644a361,15,1,0.600000
0xb91fd6be3a7e239ad817f01d8bafe9a056c3bf75,15,1,1.140000
0x2ef84bdf068eb3c9ccf1097b0dd57ca9d2676224,15,1,1.140000
0x9ab81891db1096b0f47a9403998f9bf08e33bebd,15,2,2.088200
0xf70da97812cb96acdf810712aa562db8dfa3dbef,15,10,685.715707
0x0cceaffd99a97ada5876a98979f7ee553cd068cd,15,1,0.300000
0xf642d454ac3b5777d61cf49b1cd28e94b59a71a7,15,4,0.021000
0xd1e607d7c996e07f61ff20e74740bf43cf6df0cc,15,1,1.320000
0x8e2e6c63d2b8304407b53ef4064d82d7efad71ff,15,8,0.221000
0x248d2b8d1cfcde268faedab565c65e1c679f6070,15,2,1.980000
0xca7ab1f41e03a928f7972b595754d44568d84b68,15,1,0.476928
0x948adbea8c404df47e1d7814533b20f5a9c0c6ad,15,1,0.386335
0x709b6154c28d0fe186eeb75d5d2aab39f616853d,15,1,2.490000
0xe136740a1bbbbe5035baac617bcdb44846bd066d,15,2,0.155000
0x84a22846696a5af840c348f220a0f468b0b2790d,15,1,0.870000
0xc4fad660624fa3b61df809322087ed9c9595fd0a,15,1,0.021000
0x9ea99556382592176c0f4b600da90b3e1659f00b,14,1,0.700000
0xfab5165eb5086d295a625ce15c8aa033019f7d8f,14,1,0.065000
0x542d9cc93c80908eb6c7c95b2e789fe65637cf6f,14,1,0.052000
0x21a3b4173d97bcbedafe5be8ce19f516b94b360c,14,1,0.060000
0x22117f5c90c1123984d5d1a8b410d75932bfcc2a,14,1,0.060000
0x0a2854fbbd9b3ef66f17d47284e7f899b9509330,14,11,90.945119
0x718bf530d2c442c13534f08740c5d0e15cb2921d,14,1,0.059000
0x0684659037f7ea10d47b44a369c523e7e7aad058,14,1,0.051000
0x9dfd3962402f7e0d6bfd8b4418ee0b69997150b0,14,1,8.400000
0xd84fcc2d54c975272c83ac16281af6da095cd784,14,1,0.057000
0x3daaeb7205ee63039bc313691d2f946970def7ed,14,1,0.076000
0xa02f05c9a409da2932312d5f87bd9657b270f583,14,1,0.057000
0x89a0e812e843845639482384c680b9a1c14a6d93,14,1,0.066000
0x54a9303921c4c02747c6fd2bc7db87d29b7669fa,14,1,1.400000
0x2ce01d348e842fc929b782450658c22d829d26a9,14,1,0.061000
0x2180aa49aaf4ef0ea2b95d33bd7cae8e957bdbf7,14,3,0.143000
0xa091819747f191525acc6cbd72fd1025e677dc82,14,1,0.047000
0x73ce1315e7b97c0b08e90c550392b951d5b45f83,14,1,0.067000
0x46e6254ba88198837c129a6abdb90e653d6369df,14,1,8.290000
0xd626feef93a7c588b16af7232369e8b43fc4c936,14,1,0.055000
0x253ff53e6de88037edf2317dd3a15811c733bb7c,14,1,0.054000
0xdcf8641b495151d83478f42780bc534550a61650,14,1,0.055000
0x3bb1a814bfbefaa0c45c531c3abfee7653148caf,14,1,0.059000
0xde9bf4485d5de18f232fa4c22780d5d7f9960dd9,14,1,0.055000
0x89300b61d16bd84da96bed906dfd08d7cf31a22d,14,1,0.062000
0x55f438edeaf04bc282b98eda39086b89b639df92,14,10,0.119000
0x6ef40b13458f6faefb38083e0ade43be0b85da83,14,1,0.057000
0x1830dadb0a16eb569b5f8526aaddf47ce85ac8e0,14,1,0.226000
0x2da5ee97ceb0f6530cf20041f6335123fc3b3d13,14,1,0.072000
0xa346be8eec612c4310fb52c58673e15bd4278986,14,3,1.230000
0xd3df83402f2412801b52a412e1708abc0ad62f29,14,1,0.061000
0xa3560bc16860900058aaa4b064ecec89ebdacfd3,14,1,0.052000
0x02faf335534f676c634c4b3a5fbc8f37a0faddb6,14,1,0.056000
0xa4044ad3683bed847cbcb251a169f1303d2d0864,14,2,2.300000
0x757802df82aac751fce4d2c369bcd6cd1af86837,14,2,0.083000
0xf9b3ea15b21a3763c7adc1ce20317d74bf3b082f,14,1,0.062000
0x08f76332785d21e2c42b92c2dde0e3e3cf322c4b,14,9,0.061000
0xd24a7396b4ac5adcae1dbfcf81f9a12f0589414b,14,1,0.060000
0x6dccec00d22276d00c72a0b6a91f73fc15e8654f,14,10,0.408000
0xfb9819456bd9248a9d3c9e12f4cb7bbda5fc2578,14,7,0.374510
0x51c9fa8f4729f688601a3723eccedb1cb3bc64da,14,1,10.500000
0xe1a75091a55980628f3722d66e93316bc856a2c8,14,1,0.069000
0x9ae6417e027d19014cb1b87457c5e60b5ab23f3c,14,1,0.028000
0x88ec18f25d9e081207a6d897531f2096aba92e81,14,1,0.075000
0x8abfc623924b5ef7c0eaa0e16848ef0cd9ea0bad,14,1,0.058000
0x2e14af07c3ae70d3a57033a69dce14c8dd1e7b1a,14,1,0.064000
0xfbd274a394b8c9e6a11846072ecb7663e164fd24,14,1,0.053000
0x8b28bc3ef1b878ab298303d0cb547a362f3e4027,14,1,0.058000
0xe34e4f70ff9d77508f82fa7d9046b4b883e4f399,14,1,0.056000
0x577cf17a584330070613219e53df523d539047da,14,1,0.770000
0xe3a385a899dcab02c90c28b22186d1d7a12b8999,14,1,0.058000
0x6bf258441c9c21c8f0cc07791b88ed3ee8dcab96,14,1,0.063000
0x2328f53d2ef311cf3dff78c36649446f4dfd8af5,14,1,0.140000
0x57e4c5f61788b903038558957177a9d7d803cb53,14,1,1.110000
0x8715eea18ec06e3dff05252be134bfa8f18d5886,14,1,0.049000
0xe44215260b0a16f6e55cae8defd3308e0c83ca8b,14,1,0.056000
0xe50381039971e9517c1c4e84a9a5438ed692f84e,14,1,0.950000
0x6b2aca9cefe74bb56de8b0382de93f01279ba972,14,1,0.062000
0xa7ebcbded7ef7ef8e094be0b4973d4bfdb97c920,14,1,0.057000
0x5857f707417ac5ff9a13ef4ead0c5197f692cd77,14,4,0.986000
0xe53c377f7e96cf5245b5b1fcf737974d3509faf0,14,1,0.063000
0xa8036f8b6f15983dd9b01f8fe1909a73bf1aca4d,14,1,0.070000
0x273a793dff8ee803fb9fa80fec1c2437600c5317,14,1,0.063000
0x2eea8f8c5ad2464ef757566f304c30cec92f1717,14,1,0.550000
0x6adc26628f506a9d6e91f3045e716f77d26b7d55,14,1,0.068000
0x0f9ae8f2e83432a13afc6c42f7491c059f937152,14,1,0.060000
0x98508ebb287be715ca77381ed3b41e18abaa0ab2,14,1,0.044000
0x791c85fc5960e664a3f87a5cdebb6513e3f3d76c,14,1,0.140000
0x017691f367e90c277fc75e0c0864d9a60723b4c5,14,1,0.061000
0xa90aea4ca41e8e367050276df7a984faf4d3f014,14,1,0.061000
0xe5d43c9bf39aa79c574e79277813822a3689abb8,14,1,3.340000
0xf913f17648ab1f3c80ab4952a167438d6a7e4371,14,1,0.057000
0xfcfbc2245d4747e6c49abbe99e7d4a745f550e13,14,1,0.107000
0xcaa09b364a74907186058bbe5593d584d0eca80d,14,1,0.071000
0x003945219705658398a5f59dd368cd3f56691829,14,1,0.059000
0x4f99773aa7ff0624f286b96aaf4da9ab9338795f,14,1,0.061000
0x8be040d5f2d8b02e5eb827af78fef3598c47a6a2,14,1,0.064000
0x16abcc35f2e77955c0ddf1b9245923fca62005f2,14,1,0.056000
0x8bf6f3b2494fc597eb43e414e5a3421e6f3e0956,14,1,0.065000
0x87e0fb71f458e561ccf0d434aa2116b1c6950eec,14,1,0.063000
0x96700040df09f2943be59f5f837a1fb34ff0312d,14,1,0.059000
0x96668f68cccb54b902526913f608a2d89f44de0e,14,1,0.062000
0x1696f0d0b607adf399aebd8c75289a85d2e95563,14,1,0.062000
0xabfd2f5d9972f78c67f926168393bb8a6d797dfc,14,1,0.064000
0xc79474bf5d95135773a6f8b5d32e0f5e9da31149,14,2,1.150000
0x9623c980f305a09d9692b590a4480e6ff151cbb0,14,1,0.055000
0x879f9973a9186fb7658c42c5373e69da2faf3b51,14,1,0.070000
0xc71175ada5097ffbfc504fa9c7b11eaa17347edf,14,1,0.054000
0x41b70ba18688e7133a8f4e86c4d42442242a5b3f,14,1,0.063000
0xf83bba559adb85b222f25361e36805cf38ee676e,14,1,9.400000
0x60b519ab7f92e0426293d69f697d2e17db5b6c47,14,1,0.065000
0x4e57638d011c0b613dc1309446a9bc17dfba1d3b,14,1,0.055000
0xeb7cc56dab293184846b109ffc4f322c3b146dd0,14,1,0.052000
0x1e308b4f322ce3e7380fa5f93b79ddfbd2316ecd,14,1,0.066000
0x0a52d500bd11f28e83bc2cb2a21218a9f2850f76,14,1,0.062000
0x94a2d91f14ab22f46fba52afcd2e90d0621f713a,14,1,0.057000
0xec25728c0f1c554df04ff6189074b0d3c41df0db,14,1,0.064000
0xf7d092f793b090403fa4b463c927eb51ed634605,14,1,0.216667
0x815c76795d591097a96da349793b734ca6d76b75,14,1,0.056000
0xae316ad34cc41e3b920e66a74ec102fff72ea75f,14,1,0.620000
0xecbb5402d0465e4e924b8eacbc9a1245a9143394,14,1,0.056000
0x66d91a83d27581cd0c458cca5f92f040e8c0709f,14,1,0.060000
0x123dbe2a09d56ab330c6da6c5fba1e7d8907c473,14,1,0.057000
0xc3e9b5e9f0e9855cb2c4fcd1c46a89244a1c7202,14,1,0.062000
0x7ce19b808de75a1eed76e8b34955af104f032d5a,14,1,0.060000
0x663c6497c4490e4ab68dc6e224375892713353d8,14,1,0.065000
0x9380242f440f73236b87669342f454d1394da5e6,14,1,0.061000
0x7d03373bc1fe7312f926979f42fca1139be85d0a,14,1,0.057000
0x0da9377838e9c8a2df17a3f6197b9c29430754c7,14,1,0.052000
0x367471814b9824f463641c441aa60e0df9d381e0,14,1,0.071000
0xf79c32b99cf8c38b332cfa649f9feed93c7dc169,14,1,0.063000
0xee6e9a2133b6f1fc54c47120b5b10992ceab97e2,14,1,0.052000
0x93332220604e1a2fdbe4ffd73d6d615c781dba5c,14,1,0.057000
0xee92b781fa4c1ab8e995c80e3432b96cfd8326f6,14,1,0.047000
0xc2e71ad8f0616c09136f700a6db5aa41d2d88993,14,1,0.057000
0x1df46877b9fc97784e82ca2ac086bd12b51348e3,14,1,0.060000
0x310c537013130b6584a5e2556b03e2172b209774,14,1,0.310000
0x42afa6f564edc7e4c3a34be4e9821757e22b2942,14,1,0.060000
0x42b87c625ed445320772e8ec98d649eef9e23711,14,1,0.057000
0xc2683154a2bce49975244261c7c38acfd5385e87,14,1,0.063000
0xc23d792b5b9fe05920f74c07ca8d43a1a04b35d5,14,1,0.069000
0x1b12651744bcd27ee682d0f87d6daae5624af99c,14,1,0.060000
0xef0db9bf3d7bfa1cfa4d2343cc28f2d67010ddcd,14,1,0.061000
0xf7638efd5f0bb4e8e8f1c166b69532bfe7a46955,14,1,0.057000
0xc13f98cecc2d52e9dd8c923c07bd3604300cf7a4,14,1,0.061000
0x4305bb981caaea360c810c4568919e567dc1dfdc,14,1,0.066000
0x917adbff02265c03bebefdeab44fa5f349dfa429,14,1,0.068000
0x4a9eb57a52149bf0f0d92d2af81cfd3c8ef4e76a,14,1,0.060000
0x431f23bc6f1ef00763d42576588b6e84717627f5,14,1,1.871200
0xb669bc7be19aafe16ee7b6585b3b587e46cd4b9d,14,1,0.066000
0x64cf9fd9a7718130dccbb575ecbe9e005eb22212,14,1,0.203000
0x640ec481a7aec6636a13444f7f3b8182c6eb70fd,14,1,0.770000
0xbdd4da5261fc224efd06f9ec7f628214dd514dd5,14,1,0.060000
0xbdc720b8323a9665651b37cdcb26130acc8095ad,14,1,0.069000
0x471458a0b8a231577aec99127259ceaef70a36c6,14,1,0.014000
0x1d66170ba5de8e4d8890db7b30b7c0c6f5d70468,14,1,0.059000
0x80e062f15f8359899b62d5092ff09c52dc5ba5fd,14,1,0.059000
0x34eebfa6ef98bad5768fd19d7adb05d5babafe2a,14,1,0.064000
0x5e6c5e96297e2625a371d440111420cac0ca4fa0,14,1,0.050000
0x4accf4c3ea47e19293148b9b82219f3044ca8141,14,1,0.055000
0x471b38a2d94a8883057916e57340bcff10aace6c,14,1,0.050000
0xf32bac5da12172e62d93d77c5e8c640831c4d721,14,1,0.211000
0x8f60b3838e6c121fcdbdbc50e7b150f8560a670e,14,6,0.081000
0x340793dc1a8f71672516086a1224605fbb1a0ef2,14,1,0.071000
0xb5d2e38c3125edc38ed282154c479c6e168ee2e0,14,1,0.065000
0x00eced46d3338b25a66c8fc360135a1f193a9a95,14,1,0.063000
0x8f59dbd89f59cf4a8503cb82ef8a24dc7b40cef9,14,1,0.070000
0x1d28f7514b42b698fcd9fc09fb4fbafe0aafe473,14,2,0.586000
0x7fde59a3791735102581b8ca2f2a6384bca43437,14,1,0.066000
0x4b620b3eabb052c21a5608cd8358c17bfdbfc377,14,1,0.072000
0x1c327694e91d1b29d1d5fad05ecb6270381cf7df,14,1,0.052000
0x8e5df44c57edfde4cde3e73b65944579c86008fb,14,1,0.061000
0xbad7a31ac8d1f9dde24a64a75059253735061a77,14,1,0.061000
0xb9f76c4f81c43a3a699f006246ef71c9f40e38f8,14,1,0.056000
0xba9b56b764b3223ad6b44c7538cf023870528c01,14,2,0.056000
0xba481ac24cdf53cd130d3f4f34cdfb20ae963841,14,1,0.058000
0xc977d7b7a6b1d7a65eb97efe09bf9db35f953c8b,13,1,1.120000
0xbe2d88054d0bbc774384e071bcd2feb585c26d8e,13,1,0.059000
0x1857249f47478bfb5d487b148cd4c58a0b160e92,13,1,0.940000
0x0e0fbc5905bfa3a3f26fd4c7458b1abf06defe15,13,2,0.082000
0x7944237b9e5df9181cc07edf3d33ae09c0c1d3d7,13,1,0.053000
0x93553007c36809fe5d4ef6bb5e35cd1ee82e997f,13,1,0.059000
0x159b221a002dcbe186fd369ced40218d275f40f5,13,1,0.055000
0x4ea221fe33ea9d8070291adb43c4acd69c5a1dfb,13,1,0.460000
0xca09d72bf801f15ce71aa19150bb286e50c67e34,13,1,0.053000
0x3711a461740da169bef109c5b2632db6acb5eb8c,13,1,0.062000
0x933e33dab41248e716418ccdbae6ac1fa24e1a99,13,1,0.060000
0x15ba0900e7166ea19e6555c8110766c31d64e709,13,1,0.064000
0x3da242859d9cf07ee44b198b253e1ebd7706d1fe,13,1,0.050000
0xd150a310ee7d78e7fd8bab283701a50cebfe4342,13,1,0.056000
0x4ef2673c0a2b03ac5b09d03efcc1e16f39b04619,13,1,0.056000
0x56f893b88042f983045d1bac2ea42e53709f2e6d,13,1,0.850000
0xa1ed1d37bfeae9479794ffd4d03ebcf5d96d3ce9,13,1,0.055000
0xe11c952f2a1a373c32434c5ce15c65d56590cc76,13,1,0.048000
0x7b37a10adb8d7a64bdd436ff7ac308401af8de4e,13,1,0.054000
0xe65e21f2d8a915313a19b7bdb006a4cd509ddade,13,1,0.059000
0x5ff228eff87ff83c666a9deef2c19f8efcd4ddcb,13,1,0.048000
0xb7388fbeb63963b3b7487a40023fe5696fae4424,13,1,3.717216
0x8380872ba3cfb7426cd0101850fe528f71a40a27,13,1,0.053000
0x62811f51488b5bfc67611a5e2b379300f5358ec7,13,1,0.054000
0xddb2af00acd88e18b3e626b78ebed1bfabeb9ca7,13,1,0.060000
0xddbd498e3ac312c43f0afc9188ac1abca1f037d0,13,1,0.054000
0xa2a942e0faf89e65be55df76842e3c669231907d,13,1,0.042000
0x82a2d14416c17655cab378cd803e5aa91551df11,13,1,0.060000
0xea73dd0222e54606588cc149839e1c83eee0780d,13,1,0.058000
0x2d622da6027431bf5faed8a4cf6085c0013c5675,13,1,0.001950
0x282e36656e3a88a9b34c162aaf77591025a05738,13,1,0.062000
0xb504bb4f7ee01fc6abe2ecbe9f079f8550bc7e35,13,1,0.051000
0x436388698a77ec710dfd8d933da283f428266eea,13,2,0.130000
0xde5ac7f3d9ba5cc3a88a0d8e8b748626d0ed5226,13,1,0.052000
0x2282afa1dc8147f3c76b982c0f56ca6c9e5fe2e2,13,1,0.056000
0x38a873b4af0c66db762b3292a8fef8cfbe897133,13,7,0.357000
0xe8223e986f0a516968dfefdcb8c9b2becc15237c,13,1,0.053000
0x072ba890cb004384a6cb656d632db011af031f1d,13,1,0.049000
0x20f07801a5a87de0905bfa52d5ce8143e29228b9,13,1,1.210000
0x6f4570820bc189e4a8c23e9d9326f44b8efabbb8,13,1,0.670000
0xa2d35a0334a1cf46d0ebe79cb3ff8e20604b8d0b,13,1,0.058000
0x6f0b383e926f38f64b67f5e31bbe797b375f77e2,13,1,0.058000
0x084c9b9c3fe64235d3421e8c57eb617a1a1931e4,13,1,0.053000
0x9249b743b17bf8f206d2d8885357f75ef727adae,13,1,0.051000
0x4d24fa9fb83fd9f1d51d61c2ccca13744e1f3b2f,13,1,0.054000
0xdf9f55980d6a0fba25f8e7909df8de0d153c7ab1,13,1,0.064000
0x6a4c5f5cd68ba5a93808d807e8f036e8d0824b3e,13,1,0.650000
0x22936d27e824704910fbd8731eec3bf4cbc62e95,13,1,0.059000
0x1b06d3baa780dbcb406fc8f61c014c9e4646b3a6,13,1,0.049000
0xf3a0c39694cbe203a787182fd18084e615d5cc06,13,1,0.058000
0xa9827c74a96ab102c920722b19dfcff5faed267c,13,1,0.062000
0xb41b26bafbb9aa36df9edff1710acd33fb66bcb2,13,1,0.061000
0x626dde29716f7e42401bc5284dabd4e9c1dc29a8,13,1,0.580000
0x720fca2dab8aaa960b6815db5566dfcc3791f6d1,13,1,1.355200
0x53819fadafd750328208ddce566f19df5bce7517,13,1,0.048000
0xd2c60c76ad873621d92b692d0bdb4b064ea2c470,13,1,0.051000
0x349e4f309ec64d70fda47292f23a24450a2e3c4e,13,1,0.540000
0xb130bc6e182662ed4cd187853813396e328c809a,13,1,0.053000
0xb51d6ccab59ad8d8dc9373cbb904cf11c0341cc8,13,1,0.056000
0x604be95e4e71ea6886cb4b6840aa95ebae2bf846,13,1,0.066000
0xf583efb6fbacb3c1ca2f4db6402c05fa5b7cd8e0,13,1,0.048000
0x30629c8bf795d58bf3357b2e6bb17978002697ec,13,1,0.049000
0x1ddfad37053224aeaa2254015ad64f9b29fd8165,13,5,0.019750
0x9e3ae9884666c3f5c0e974ecddab6ff2df716063,13,1,0.059000
0xdc2ccdd777e51e5570ae82dc451aa290a2351856,13,1,0.058000
0xa33ea59b0876a4ba4f55c3c1d4d40b9a4196b651,13,1,0.055000
0xf0623d71ed50ba3754c27fd2900f7ce9c722b8bc,13,1,0.058000
0x70dca3dae540b676db455feaf86d45cc71d6d8d5,13,3,1.060000
0xb0f137d3b59265379f50a81b7ca5cb071709d41f,13,1,0.053000
0xe3dea35a5618f2b9eacc57f4467eac2a6e05d980,13,1,0.058000
0x7906ab5c943d2f613f1584286ccb1f3263b709b5,13,1,0.050000
0x891e2eb51ebfd530447cef294e8a212d17845f1c,13,1,0.044000
0xd3d63f72b784d30141630da3ea3c505262710ea7,13,1,0.061000
0xd31d652ca05dd39e8cf2d519d1f756be9db96bd5,13,1,0.051000
0x7defbb09c7ad454f0f5f9f57c65f05a5d2ff6cc4,13,1,0.051000
0x73cb229037fbc98881291b555a29c2016b4b6870,13,1,0.060000
0x82b7fd82045e547bf1b2ff0773c43dacce1c9342,13,1,0.053000
0x68e9eea4c7f73fbbce49a86c13dfe62999e82c80,13,1,0.019000
0xad17be509cd0203c6747e725e161b2987c1e1c90,13,1,0.052000
0x8d57829f97803d44d594c20fee11400bca35021b,13,3,0.013000
0x2efb8433cabe31fe48c271cd92cd2dc04018283b,13,1,0.055000
0x096104602f259ec98ac1171b6131c498b46a665b,13,1,0.063000
0x7835a67a0a4d86d1e237dddfad561f148742c471,13,1,0.051000
0x7c386a5fde76986ada678e20063836ae4f32cf22,13,1,0.049000
0x24fbd45e3cc314f2f8353053f420b8e1da43e920,13,1,0.058000
0x3270de9c870646c69a3fa36699af05c153356f68,13,1,0.670000
0x9dbd68ee7846c5eeb42749a9e45c4a8297c35190,13,1,0.051000
0xc5426a4efc19a38e5fd8038b47254b312f71f34b,13,1,0.056000
0x50fdaffa603077348298fdaa77ecb5a868831610,13,1,0.051000
0x9ede7349bf99a39f009009f60d7a4aa446059a45,13,1,0.056000
0x81c738acd9d7fc0ec8d1287d71e2b084024eb4a4,13,1,0.051000
0x89da082db503d0256737cc908a15e76a3a421ab6,13,1,0.055000
0x3cbdec47e32a7b4c6648e4fef42bd3eb793d7ef2,13,1,0.048000
0xad8a2266dd8228537055062e521068827a35249f,13,1,0.053000
0xe5c210723e099cff3932795de7bea5c3f6c0c971,13,1,0.056000
0x81d058fa482313193a56bc8a3251c3e82490d1c0,13,1,0.051000
0x80ca66a9503e6cd04c345ecd5e9f57f5774e8162,13,1,0.054000
0x10cf0d8ca36df0a6a486216b8c2582942fe2a2a3,13,1,0.064000
0xca700a71ddac0e170aa2fa63b06dee6a368e1d03,13,1,0.940000
0x77c7130816bb42bddc2f3abf8eb8e5b53be3e077,13,1,0.054000
0xa641427b1d644eb0b51c45b3de12701c7b892513,13,1,0.060000
0xa122f53b3b6f5c76596c73e44ce7409b71576e19,13,1,0.058000
0x7c4cf5efd8df5b6edcce1a18ac08e1a55436c668,13,2,0.710000
0xb33326406d9437f575b10fb2dca5509d25bb6633,13,1,0.052000
0xadb7a756ffe5a9622419abc774f43b505fb2d60e,13,1,0.053000
0x51063e78f02f028ddce8f722e24800ed433e435f,13,2,4.015000
0x550a398d8d373587e50894f9be2817e843cd4a44,13,1,0.051000
0xf272a3b269648c36ef85b47b56519a568d711f58,13,1,0.057000
0x3d99142ac5923bd1fbd35040f1232ce04ee7ecb4,13,1,0.056000
0xec10aef8ee5a42766896a6cef82412a9418bc33c,13,1,0.055000
0x007d15633983095ad1e1974a79aa4e971d0be1f8,13,1,0.056000
0xe765ba1e390af8d53f733e4b6f0d03340ae500f3,13,1,0.067000
0xcf78652ec02cf7dcaa504116831655c31341dc2f,13,1,0.051000
0x1701d43e6d124149ad91362ddb874b2faa22b0e4,13,1,0.058000
0xe436ed5e5388c92a7bb4cb55597530b682dfd305,13,1,0.054000
0x43b5a47197d0894ce5ce61beb83624a764b67ffd,13,1,0.440000
0x4911308dceb88bbc79250b7d3fd7bed9ec3b4b48,13,2,1.250000
0xec42bed64cb6f13d9de7d095cd0f0a504d470051,13,1,0.051000
0xbd42ac15458c7da2538961224ec8c6a9b333bd2b,13,2,0.350400
0x5a56703f46be1459b9b2806968661b6bd7ce3dee,13,2,0.081000
0x8ffe8cca8af005fc8092b38f439e104e1619fc0d,13,1,0.053000
0xae1dd9b7e212dec6ec43a5462c9f0d959c536086,13,1,0.060000
0xb2c799467ccc8159373a5d94906cda5dbb712053,13,2,0.970000
0x09502cc98e30de7c4cddbc5cab0f63922a8c27a0,13,1,0.058000
0x50786344546f791616ded47c9cc3120cd2b34e83,13,1,0.065000
0xa1590496f226a04c36a2c9a3c5bf53e7952860a6,13,1,0.121000
0x369cef77f16f90cd56d7c1a989fe1131c8f18b43,13,1,0.055000
0x3cae7c61d34aad0e6a8b4759178373fe0b2604d8,13,1,0.057000
0x0a5867e7b05fc375b1e66b649017733edd1960bc,13,1,0.054000
0xac31a4940bccf2deb788a38220c31f692839fc50,13,1,0.049000
0xab4bd6f9023861a4c118bd5757c4abc135b45325,13,1,0.130000
0x277990699f5b7160a5e02fe81a297e286f234763,13,2,0.820000
0x6ff930ec61d31e69cf1e6c9638208d0773b110c0,13,1,0.063000
0xcce3737cfc1303a7ca4a561ff923a8c2bf1167f5,13,1,2.660000
0xe2ae480113d24bcd180950ad075b5c51a100b42e,13,1,0.130000
0x7c9dcf1feda1bb7ea3dea3e3500f337648002c8a,13,1,0.053000
0x7b7ff44288fade4a1829aba2584dfceb952146f2,13,2,0.347000
0x9068e86b9e5ed8203bc71f5576fc30db63aaba94,13,1,0.061000
0x9a78b2d3f2bbe1fb0e54b529106998e7139f4187,13,1,0.058000
0x67ffc9b439ae24b0f7c7ca837c4adfafa06f9d38,13,1,0.690000
0x906e8bd7e9e0013e6bad9fe3d390deaff88257ca,13,1,0.053000
0x23778b2aebfd31ee6142104d73c1162f59fc6491,13,1,0.054000
0xcbbec776ba2713fdf30f40a7b393baab668ad70c,13,1,0.056000
0xf99bfeac5b990e1fb25d3bded66f598cf3087cb9,13,1,0.060000
0x21ff9ff480f69a3204341a8f350423f8f9bbb380,13,6,0.069000
0xc4741e4c0604dca24e558471ca4b91716712a2b4,13,1,0.061000
0x96963736d60a80243706a56b787e8a2962696756,13,1,0.047000
0x185a2d5f5a75bf6a000830d141b58f2bb21dab10,13,1,0.250000
0xf99cd7ffe3aff70ff4fc57b9e2000aab9eb69935,13,1,0.053000
0xdd757d57aab3be212dc33356b23dcbf00b222aa2,13,1,0.051000
0x5a70496ec7d96abf15c51015ac6d9aaba7ccf79e,13,1,0.057000
0x368c59a3894c432d06a21ff1b4a7a351202d9716,13,2,0.480000
0x31da1598362a8d7d94f91e0fa2514d25ed06bf62,13,1,1.690000
0xfb2ff458dbbe02bb3401afbdce05a64e6e6e038e,13,1,0.052000
0xccedf0bf4d60e5b8ec790f19285bd6e2e0003037,13,1,0.060000
0x505d8117eff2a8daac550f08765a1af1b1c1fc8c,13,3,0.657800
0x832b5335882527fb28cee24730a8554e83230605,13,1,0.059000
0x171370b6e7616ede57b41b0af1a0d47278287e31,13,1,0.057000
0x93923d0baa7863e254137f24dc72309849918658,13,1,0.043000
0x6bce06e213373f9dff337e542a47377c79305775,13,1,0.130000
0xb8f397897ee05952afa955aaddcb35d3279b0768,13,1,0.055000
0xc39b2473f78d6665d3e16624d3f71157cc6a2e99,13,1,0.054000
0x5b7946ac148a4636295d5d878548d76028ffba31,13,1,0.054000
0x12e126c99b155df71d048a4515c3a4c2417b5f9d,13,1,0.055000
0xbba6ee2c9486240aebfb8876c77ffc3caad075de,13,1,1.210000
0x6d9a0f58d02a61cd355b2cf4b4c3e4403d04a518,13,1,0.053000
0xf963039b17e8dd66984311f53b2fcb46195d15b9,13,1,0.060000
0x3c6c65e676d1df5fbdd83363b1b0c291ac3ecb20,13,1,0.060000
0xf8be2f5e9a900bf8e74e09b7609a265fa8928128,12,1,0.058000
0x0f6a98e34539937eedeca991facade82656528e7,12,1,0.044000
0x98f12ec4dc84912536f490a050124c601b6c939e,12,1,0.061000
0xb95ea7db64813e04083665a9250a7c74b66f64a3,12,2,0.047500
0x581f6ea61d33ae09bc4ea310a30b299e3b3097da,12,1,0.049000
0x34a35146e7cff3a1e2d667fb7d31ff63bfaa5cd6,12,1,0.059000
0x41709cb8a37adb1c0e018e284204bd1b62758671,12,1,0.054000
0x7829a61a967ecbb1dd4af39669eb42d6fb4eed4d,12,1,0.060000
0x88916eda8ca5faf9917986e43c58a973c029aa51,12,1,0.057000
0xfaf3907732b6c9d68281b533afae292ba0ec485d,12,1,0.052000
0x7b772344a6bc5777c876fa46c94888e111286346,12,1,0.048000
0x8893a66758a08fb45b545e1ad7a240bc84b17074,12,1,0.051000
0x67f3b880a583e2a639d6ee0e1d529a8a2e8f417a,12,1,0.054000
0xc6e7ba9263f5245acd11a529498e389d405379fc,12,3,6.110000
0x84aa2b891e9a7426b871d711b6999c28bf558de4,12,1,0.060000
0xe402574e672e949b44a60682ceede6159c119686,12,1,0.054000
0xea39c5672567c60e97a3ec53a3d8f4780529635e,12,1,0.046000
0x13defdac1872608deaf8a64807b4646c96259714,12,1,0.051000
0x86470cc16053d7bec67a40c8fadd54ac750f3321,12,1,0.053000
0xea5557c66344661b1a1d117bb946f5df4220e81b,12,1,0.052000
0x34a096bc0780d530f1503b61f22bd87468eafabf,12,1,0.047000
0x25e374481a95c7a1747004d5a51a2f3b6934a3e8,12,1,0.041000
0xa6a237b21c06409acda7b1bccbe3219e8dbf1cb1,12,1,12.000000
0xeb8d7c32f06e90c723c55ebb2438b38425e182ce,12,1,0.054000
0xc594056bf20792c0ab6ed62cf33d9a267bc25fc7,12,1,0.050000
0x3ff9eb37a5a4a1610e44c6320a7ad03ee6942f95,12,1,0.053000
0xcedcfe906039a173570947e8abf346dc02198292,12,1,0.049000
0xebcd36748b0f916896207a240e3d7bd9ea217fea,12,1,0.049000
0x44707a8e519b9a83dd38987d5f9506fb92deea1f,12,1,0.480000
0xf973bf0733bd64d9f2e5c437fc9305ead891012a,12,1,0.051000
0xebd956f5c8c4b32752d87d62314f9431dc0449e9,12,1,0.674000
0x1ada6e2eacb799f16bfc1a395c06d7fb52369207,12,1,0.076500
0x6c91654ac79e02a7dbf78c6845ad4d1d1916a3be,12,1,0.052000
0x946ac55f5739c558a52e578034f9c5ece37f27e0,12,10,0.074500
0x7c73f3d47a686f35c02fa68790988bf32a149d39,12,1,0.050000
0x84aaf003fa22d1fc7657546648c19d3dc0a51915,12,2,0.201588
0xe2dfe60e7ebb5dd3f484bfd168288904719664f6,12,2,0.170000
0x8334f2e29d383970fc42fc1cf3c8998c162c4d36,12,1,0.055000
0x2a776538c08bc34a72147b0458b70ebd8ecce30b,12,1,0.050000
0x93d97049aa54673b9eeb5ba7296304ab5ed56f24,12,1,0.041000
0xff53d70d217de098997e921b0d6bc33054ece5a9,12,1,0.057000
0xa58df89304ecc80448ea5eec8cb14ff3a3802a1c,12,1,0.052000
0x5b4012c701f4f23ab48b658469107ac20eaaee75,12,3,0.440000
0x01be3b99b344879b49045356ae2c2905dd82cdd6,12,1,0.041000
0x0e8923b4a4b9114d73db01e375ba4f93693cc855,12,1,0.120000
0x9a9bc1852ff066175a9f2cda472fcaee272b6271,12,1,0.056000
0x3f7596936ee3e4828c0d5dbcc2a25292fa50282f,12,1,0.530000
0x5b5ab1b86a4c27c161dcc69c0b35aa54dc7e0596,12,1,0.143000
0x3cdfbafa4ac301fa8e774b21c6994e2dc5b3b08b,12,1,0.047000
0xc3ae444f66a3d54f63d938d92be742298a466eda,12,1,0.050000
0x1c03a131e181242b8b1d9f1a93dbfdb4b7d3a67e,12,1,0.049000
0x367c15bc03cb3454bc07db117ff173bd3e967ed2,12,1,0.040000
0xee3c9ed2e083d2daa144f4e525b13ba710b94c02,12,1,0.500000
0x9ff29214ee9e570837031c52d734e911a27334a7,12,1,0.046000
0x7d09d7e973f82066d90b3c92da61bd325b785dd2,12,1,0.049000
0xdbe95a5c590d29084d7df00957c902ea5c00d5b4,12,1,0.053000
0xc330f75892afe3cffd61263f830096962f988d56,12,1,0.052000
0x802d184b320862d688e3bc18918ff6cbaae1829f,12,1,0.084000
0x62813eea3cdb725965b253cb9df1365df9a89d05,12,1,0.057000
0xb6ab936db78687d2cd4e202c7e6a593ce81fb7af,12,1,0.053000
0xf78bc9407832e5af9f1261951a26d7dc0edb4228,12,1,0.050000
0x75ed9201d49cab7e42eb09361118c88985c31579,12,1,0.050000
0xc2dce2166d6d0a043efb369d47a0129f274b152e,12,1,0.049000
0x6278711ce1cfd8a499177671fdc1c6ff0fb08e36,12,1,0.045000
0xa4584ed2d3106c0b31367210bb89eaf0ef7d3994,12,1,0.059000
0x7d5da5563ba26b63636ecc945da92409d5a57ff9,12,1,0.600000
0x34762ae1d324cd5e114128d200e8c83215be0c00,12,1,0.050000
0xd2b7fac2702c85e06098351c92480326514701f0,12,1,0.047000
0x18189b919ed1d25c0f50264d273c3b164ec4fd57,12,1,0.050000
0x493e443cd3b6fdeccee7568ccd794461edbd649d,12,1,0.050000
0xd883e6aeb5d08797ae44b18376286e4710ea19c3,12,1,0.052000
0x0f12e5192c0ad92106eda0c7ee6fa07ac3a4b439,12,3,0.550000
0xb004a15dc7bae0946305715d6e70bf07d8299625,12,1,0.053000
0xb00b96a44f59ebf66a1fd920b6ac0643f4dbe961,12,1,0.051000
0x92155b554eb06f3b0a715cab81cb90cbb8c9d52d,12,1,0.046000
0xb046bee519b177031f827117531d17288961fcac,12,1,0.048000
0x03b1e54e56b54e717f24145ac40e6d3192344b9a,12,1,0.047000
0x7dbda3d00044c8cf839ade2460101c8bc7e90136,12,1,0.048000
0x890a5b16579b80dfff13e28374cb7a0e6e57c662,12,1,0.038000
0x65400fa9f20ec65eac56bd2c931ce05db4a86b3e,12,1,0.048000
0xb9c92469f11e28b39b11697f812609d91749903f,12,1,0.057000
0x1dc4353c7fa6b7a552eb369994464b9ade69c01f,12,1,0.045000
0xc0c9b356a6e75940c1283cab61c3e3572fa2e399,12,1,0.053000
0xd3463a834a93cc5f66433251dba1c6d28f027758,12,1,0.050000
0x91c6dbc5601231e4d2c4c4ee990be0f8deccd0be,12,1,0.047000
0x9c19191a28005e1ea986090bf903a11bf38d6680,12,2,0.200000
0xc07207ddca2b806ff8d68cf8e5d0446931d97616,12,1,0.049000
0x7192ebb0e1f918047affafae2fd2410be9dc9732,12,4,0.530660
0xf0563385e579d75e32789d4b2d0aa68775a044ae,12,1,0.058000
0x528ed284a65ddb601307686cd05901ac82aacbef,12,1,0.050000
0x495140d260bb8a38ce3a9ad6ee4161313b2a321d,12,8,0.247001
0x623e1153a1a540ce2200fb796b008f297134bdf1,12,1,0.055000
0x27600145c24e437b0550d837e73b12d51ad65d80,12,1,0.053000
0xb1871784c8b66d5381635412a8af8b42add3caab,12,1,0.060000
0x7eb418153ff8fc99012a6e81b1f46633a43da22f,12,1,0.790000
0xf6eb57c28ec2fa9f6222458ac4d71380472eb371,12,1,10.200000
0xfb36be9163181fc90f5c09c55e977bca66765db4,12,1,0.055000
0x746d8a54d0643418e24312f59727fd75b68931b1,12,1,0.373299
0x0ad1aa090893894b7f3378189e2b401d6338f32e,12,1,0.431810
0x24b34d0c49f9d3dd7a5a9ddfcce8a54cb292fd99,12,1,0.047000
0x2c529d3fd796dc5fc01d92988d51df83e610092d,12,1,0.097000
0x2d302bc9a108619671bef55bed45c8d6148eb101,12,1,0.048000
0xb256928284d821da05a899f171d3fab79ef2cc4e,12,1,0.053000
0x84c58e567786c2762f982b56b4f9521748bc1bce,12,1,0.042000
0x74511671ed1d1d5c58f2b8adc96ffd0d0d319503,12,1,0.055000
0xdd514dc12a06d1ef936bdad643fed5e3bff343b4,12,1,1.636245
0x5f5b9d0c1e3b566b9e2442208dbd2ae634eb1c52,12,1,0.046000
0x31f67ee57e5929fda48eafdf32331fb6822572c0,12,1,0.072000
0x5532cb07e7acc99ae331b48951319043851d1c42,12,1,0.042000
0x35285f0cfc077d9849d4f62a7ab71fc057bb3b7e,12,1,0.056000
0xa1521bfa1a6c4c5435f1443ee09841d6500af2a2,12,1,0.050000
0x5435cef4cf9c6fc10862b963245e9ef8340daf0a,12,1,0.860000
0x703699db7cbfaf55ad1369b05cd5772aac8d15ed,12,1,0.062000
0xd671e5673a04601dd74df67610454447c4791d90,12,2,0.954000
0x7f6b8cca62d60db7a6a3539dce513f1a2fe825c6,12,1,0.930000
0x5e6721619fc89e44ce8738e04cad9a16afe216c4,12,1,0.055000
0xbcdcad8f6f803528f6445aa02e1d9288da0f4668,12,1,0.057000
0xf299b100636a7dbf5b31d7cccd10be04df1b8891,12,1,0.012000
0x3214bf041e2110cfb1bd34b184c6691ebb748b3e,12,1,0.660000
0xa117808e39ab8176bb23449da2bb4d7948ffa6ee,12,1,0.047000
0x8e03018592d839b7852e675d2704cd6dd4a618d0,12,1,0.054000
0x0e7d75281e1c3a79941ddf36135c28744451cad0,12,1,0.056000
0x2d006db4e2e97b1ea97146787053749ba2d6394c,12,1,1.020000
0xdb926424932d83943ac344d092ad8a9c5efbcdc0,12,1,0.061000
0x1140afa21f96c7a834dcc2b626a1aaa07b4243a4,12,1,0.048000
0x8666c6232f70d2394fa6288e4e561d16580e9bcb,12,1,0.058000
0x28ee7ebe331605cd9461380d16bded544b4e3942,12,1,0.055000
0x72201228312d2b1ce16678ab52a4e29319bba8b1,12,1,0.050000
0x796ad36d54bc1d51a9e8a67db469139950c710ea,12,1,0.051000
0x0bb945d398e366dd1be2526294c603dff906d957,12,1,0.054000
0x38814c841fe42d9bee0c47398ec70679445eb19a,12,1,0.140000
0x6a61d348cab00bcea04df9a3c4416d3411412ec2,12,10,0.112000
0xcb5cf7325dd7c71aadcd0d5c9041fc93b6e8aa7d,12,1,0.059000
0xfd080d5d6bc256fba8929d7afaf8c72222542c45,12,1,0.273003
0x591db29609be59093645faa86b1627e43f14afe2,12,1,0.049000
0xd72e512543e47efacf51fb043294bfb52b3833b1,12,1,0.054000
0x58eb6ad6cf2634e29d861991bc96223ec732ec60,12,1,0.056000
0xca4b607f939374a4cd96e9c3f9bc986e4ba9bcc3,12,1,0.048000
0x791e2e47cc591ed5bc13a99e4e00b1bce5bd2d48,12,1,0.240000
0x11f52d47855a6f5f31014ce4402312640ca71658,12,1,0.059000
0x27e112a520f90e6441405037d5aa570a8e3045f0,12,1,0.050000
0x8de4e0d0e285e6840008db6017bfe9281f051522,12,1,0.055000
0x87fb876e2dcececd611980bae375ddcb0d89aa50,12,1,0.056000
0x38c14b526651a24026651f28a29200ec664de304,12,7,0.279000
0x988170612788e8a2ebefc2fd8016129e9602b3a3,12,1,0.040000
0x12fc0b3058ddb78f6f6313771dcfe421a3dd585b,12,1,0.059000
0x1c3139281c9b3e4829df553df493314d45264565,12,2,0.160000
0xc98d3bb63538da8f5e75d79608a7452dc54ddc02,12,1,0.058000
0xdb8d0c6aabcf01427deb21eb5364dbc9594a9ce2,12,1,0.044000
0xc966243b2d73b24f4d2d9a19e9d0c6c65712e4d3,12,1,0.053000
0xaaf8796cdb2e81c9cd80005b6593a26646d53287,12,5,0.067000
0x61fa98808b57cf5e01c9deeebc2898e03acf701d,12,1,0.057000
0x264043b3b3a513f1ea6ead77c3691c57144bc502,12,1,0.830000
0xc937f3f708ca0b0971f1110f2bfdc03a37610bc4,12,1,0.057000
0x6b1c92231ca69f2d65078de63bff5b5633c000a5,12,1,0.044000
0xc8d5ad73b737c67599b26289a22b4f812f0768d0,12,1,0.045000
0x1a63058a71871e13c9aa97835d4eaf7e9756c3d6,12,1,1.110000
0x79dc34c3951876e3fe91b32b26c55aa0ef0bfd66,11,2,0.480800
0x31cf6c44e2bdf7bfce26134250d7efb13f655103,11,1,0.036000
0xe1a5ddeed28b5d0abbe327265ae0d8ae12160f90,11,1,0.055000
0xa73ae845dbc6b5db9ea22da71b6b533c7ceded3e,11,1,0.043000
0xdade7ca441f13440acbb32dc34e756c3570230bb,11,1,0.050000
0x49bdef68a78b9731a18052442b834cfc53f8532f,11,1,0.044000
0x2e06e2b4d96baa78b664657809ee90ef16c48833,11,1,0.043000
0xe1f937cdf4a893d8eab4f7cf1b3141a285be0dda,11,1,0.058000
0x7ccb266361536f5cf055aca302648e8eec3fe8d7,11,1,0.054000
0x90869ea6103169733818bcc7d7ac881c731322c2,11,1,0.044000
0x85286ec2d1a3b483c40c1f6e84db492980cf4f6d,11,1,0.049000
0x44d04f42c2d83245b11680d931d3492e26ccd0a5,11,1,0.048000
0x4dac30c7cf93f3bf5c7e14ee20a5a971dcac3e22,11,1,1.100000
0x4b80d716a2ed94c324c489631b275f1660e56914,11,1,0.180000
0xc8daa01037b9431643390bcea7764c7ba3f020d7,11,2,1.200000
0xf1ea7898780d2217349b36edfd976fa6c22fcb3b,11,1,1.280000
0x2e22d2cb21f3f22a2fd4e2a019fabe31b6629c2b,11,1,0.043000
0x4c5e6473fa47fb0a9996a348c3868c6f32b7b8ee,11,1,0.056000
0xb2501c0565df91d68dd34f534c56519c92ed7f79,11,1,0.047000
0x0116997c01bdc15cac844e8a8e02c70f03f49e8a,11,1,0.047000
0xe26751eedd0a26e77cd9a09cf7fd880216d88301,11,1,0.046000
0x1a0d94552d9c5f1fe93cab3af8b96805c3906812,11,1,0.047000
0xc4a30220296e967fad47689d2a29b3efaea28060,11,3,1.070500
0xcbc628eafca76b7ad07421223048f66953ef2929,11,1,0.042000
0xcd9ed033923b46f026f77b3848b37c47e0fa4914,11,1,0.048000
0xfc5ae483cc71c1e825e05faf46dd5801ab0debcc,11,1,0.045000
0xb29d7e1471c14736dd9b5ed5ca40dcdb85277ae1,11,1,0.270000
0x83625022553b9b1def4f020c2c9f943e54cb2615,11,1,0.230000
0x583ff509e36cc4e67023a7da5c6b6887e9c48b91,11,1,0.880000
0xa5c374478f1b3896fcb145c0f5db2170d4589c23,11,1,0.043000
0xdc19af4840a5f6b8e33955c7458c4bbf503d1249,11,7,0.061000
0xd5ccac814ecb1f72a465a50afe9a3247e4816fb8,11,1,0.062000
0xf7b7c153da287b41d8067565fd5592a96077a427,11,3,5.146000
0x741f29d7da58424a1730702e84ac1ac227297c2c,11,1,0.048000
0xbd6b88cbd22310a35fa57af0cccd057f1f8aa78e,11,1,0.470000
0x9415500215c81a79ea21b7f1e428f3010c80bc8e,11,1,0.038000
0xfbdbf21745e2f70f42f9cb4be621982410c9120c,11,1,0.048000
0x6af9f7022db01006d0d0e948aa39858410a1fc76,11,3,3.431000
0x233a48ac02836e47c071b839aac3c04420b79a32,11,1,0.044000
0x69157ea8b675b7e30f2bfccef6d85cc458286c01,11,1,0.041000
0xe31694b147b6644726d79a0a6a919410dad8ceba,11,1,0.045000
0x46d3eb8f8d5a71fe88ddc9a22038baa9f5de6f65,11,1,0.149000
0x8002a68d28f823e9d44057c280d5c893c0c8ebbf,11,1,0.047000
0x7fd9e691185f33726d59ed3459c574579919e52c,11,1,0.041000
0xe80137682699570b0ff947e1ddea5ef9b966ccbc,11,1,0.046000
0x9a21a45a14d3bbee6a668255a92726582512f0c2,11,5,0.165000
0x715656ff50da1311ad116455c2d61148467e6d64,11,1,0.041000
0x9485a8688033d7f8f7f35d0744a29ead7b473b05,11,1,0.044000
0xc4fda50f4483a9a198cf8f901b285da0401b0309,11,1,0.044000
0xcf6ed38ac00720acf12fd848336ad8a85db8c1d7,11,1,0.038000
0x169fbeedfea76df9d3e182ce2be11f089898f1ef,11,1,0.045000
0x26fab1e9398bff1f41baa4bc311ad538ff3ddaa3,11,1,0.045000
0x0d8ae1d816b6fb805f1e7a5d2b130369bd97d23f,11,1,0.290000
0x33958fee260b1454147499f4cac624188d032d21,11,3,0.178000
0xe4a95088c988bca8425e589027e85722e646364b,11,1,0.057000
0x7ac88b767cec4e3edd8e72d1c0aa3ea7dd3d88be,11,1,0.043000
0x475d3fdd39d05a2559a03b37cb1594aa622af7d4,11,1,0.050000
0x13b350cd396f030cf9bac3e99659c83d725cee10,11,1,0.051000
0x458123c528e51d478c7dbfb3c25ad890dfa02cdf,11,1,0.052000
0x539aee21e09228bbb324a5b850abbb8819791462,11,1,0.046000
0x70659a94152e30d04fefb4553bf29ef385fd6e57,11,1,0.042000
0x0be9d6f9299c1d65a1b6855abff8956ffd1cdde2,11,1,0.049000
0x301b7a06135ded2c367128e78712d632cc3e52e1,11,1,0.043000
0x43eed1e9d303d47e07e9f82318539fadd7c8e289,11,1,0.041000
0xdc613150a720a5e75a316965f2a1188cbeb176c4,11,1,0.039000
0x06268224067e6e8224e2f3962beca6420b33db0e,11,1,1.590000
0xc518f297a2b073b9f71357ed8624a2229b2d30bd,11,1,0.980000
0xdc4723d82c197902ab692148db280c54f471f0be,11,1,0.046000
0xaab8454ae27682ff4791f6d8001ca64f5cf4e748,11,1,0.045000
0x830d44060ca7327b424cea6e9a4e4b1c627aad93,11,1,0.470000
0x2900791bc7ddeb38d100142cc2b104f9d0078bf4,11,1,0.078000
0x0f499c76e0e3b7ff6ae059b4984e6900f817584c,11,1,0.049000
0x12b36dd2043c723543b44eebf0900764fb17a29c,11,2,0.048533
0x96f13146c51de0c8cb33d53cc0fb2113f8797c5a,11,1,0.048000
0x7ad94b1e8b04d6efc74c3b5604584185b9bf0021,11,4,10.120000
0x3dda219a67b9e746ad4b26afdfc92f67ffeaed31,11,1,0.038000
0x5e9453496dd2c5b768b826ed4baaa968079250a5,11,1,0.048000
0xc528516c395e1c5e67dbab6c2a73ace9d6020248,11,1,0.047000
0x262058614894e8b57e413fd553d316d0388d5665,11,1,0.040000
0x5af200d64e41d8296ef8494c6f960407f154fe0d,11,1,0.410000
0x9f616d8ae8553a4634f386fe93f08b453ff50ebd,11,1,0.040000
0x276283d4ebffe9a6aaac567446226c20407c0d62,11,1,0.011000
0x2c7c14b1908ad6ba4e32244f9760d994da18db1b,11,1,0.051000
0xb3d71042641ed5a14be81651f197f9b8bcd9a85e,11,1,0.830000
0x040a5658fcf06a8763ec88ac2171f47ca2e0e536,11,1,0.054000
0x7800d347bf4749ac0d33efcc6f595a0c1681d03b,11,1,0.430000
0xff7b536a6e1ce672a60bc4791bf31cd207b0dee5,11,1,0.132480
0x4bceedeabdc66d47cdf61f2c91a4e233475641d6,11,1,0.037000
0xc5a58a9d055e1dd385967379dffa06c529e3e11c,11,1,0.038000
0xeb58a48f3e9509fd9222ecf442ab5a85b4f36063,11,1,0.040000
0x153b03ecebe1aefe01c8abb0986b5c72f26190fa,11,1,0.041000
0xeb1ddd19ca143b44e5a2aab20be31e55e2620dd8,11,1,0.049000
0x990df80677f16435c44ac7d49959b8f0b1f096ed,11,1,0.043000
0xcd575f6fc1f35eef764e7754d3887f7535c73559,11,1,0.047000
0xe63e151504da0a1b07a31a72dbabda6240359893,11,3,0.145000
0xacdc5690d845f0e7a82b5de85b36f51c946fe6e9,11,1,0.290000
0xe556935d5b4dd18e25f14ad2f9800318619119ff,11,3,0.399800
0xeb1063e26efc6023525ff2c76d5019f4ad22a33a,11,1,0.047000
0x37d1a2df1e8e4a89e460ea32250287eddaa314c1,11,1,0.038000
0x81bdcc4d948248efaf654859d9d8d27089b72e74,11,1,0.042000
0x505bba240926ee2d7764c26a67d2107ef52e12b6,11,1,0.037000
0x9bcba3e6b68604fc7128dddc7c00dc65171e3abe,11,1,0.050000
0x797b9034ed41b0e148a47a723218037bc9393c0a,11,1,0.048000
0x00a8aed3c7314f3db24c1b8fc41938cf811fe64a,11,1,0.045000
0xd349b0019f6bd350154e13496e3bdd7845651299,11,1,0.060000
0x5678921ed01d6bddaf85c5f8923bb2b67454447c,11,3,0.099000
0x0638fa9a3b23e698683703e3ccef102d5423a4e0,11,1,0.058000
0xdf563d815447feaac1679644f607866e39e32e52,11,1,0.380000
0x56779179d0997a7533a2d9b3a3b4809093691ab2,11,1,0.043000
0xf9d082390480446df31bfc40b3bc9e42ea3a6245,11,1,0.054000
0xcaa2e170fd319ce56985b7c46040bffdaddce16b,11,6,0.047560
0xdf7abd91a3e2deaec02ed7c2936871158a337663,11,1,291.008000
0x2dad6e62023403c56218c639287030e82efa7081,11,1,0.042000
0x35cbca12c808e1247d075f096457e3420a9a69f7,11,1,0.052000
0x4cc1b366d7956bc17d49008075b3be520d99ad0f,11,1,0.040000
0xfe26c154f290a95305993e6f79f031dda0660a79,11,2,0.110000
0x9214b93bf310c21baaf840217eeaf9b5494352b7,11,1,0.044000
0x23264b17957402868e9bcc97b3ed988181b54653,11,1,0.040000
0x91845d0add7440e1feb4679f33c7fc369d7eec59,11,1,0.049000
0xc966e7e2e290d708b9148be3c903b9006c6e511e,11,1,0.082120
0x45e3a2637718dbe3c394467d7bfab27816f1d1f4,11,1,1.210000
0xc1e9108cc961587df88d578b4889eab7b4f82b0f,11,1,0.048000
0xf37a309d304fe14d3223e8e65299457242021ae7,11,2,3.000000
0x2db8176148870ae179252219330b07d32c47eca0,11,1,0.051000
0x2eeafd5c4e7367a9d1b3620295f7e4fb98ae3920,11,1,0.102660
0xe91e92db19bb8c0068c92718f4b9d5116ae942ec,11,1,0.044000
0x1b5b82d07ed127d300374bdeb1160b728953cfb9,11,1,0.043000
0x29b4b4dde3872a657a71c0b2560415dba0282af4,11,1,0.040000
0x75761302b2cea39881745a8638c47eb6c9cb8130,11,1,0.058000
0xa32b3d063eb8e408c9d702a3c42f9d798aa189b3,11,1,0.052000
0x2da321771b43250adc48723b95dd9b0644ba713d,11,1,0.050000
0x2d8b1ed40fdf0218b0f461cf59e6f404b53ba23c,11,1,0.043000
0x49af63b18ac1338896c1472879ddb623766c038e,11,1,0.045000
0x5d1bfb4073a2327415070bf39c492ed7cdadf5d0,11,1,0.054000
0x750b8bae1bcdfacbcef412792da24a802e9df774,11,1,0.045000
0xb858d5cf93722c59a419d38e58d959c42e391113,11,1,0.052000
0x470234c0738673e163ff81c60d3d6d7d8cc25bee,11,1,0.050000
0x118b2aea0da4d1434faea93df5d51b8184be011a,11,1,0.038000
0x42c35a168e66605690aa6fee3448c5b9ff668e95,11,1,0.044000
0x6e62c41f6eb20e01fb24ee04cd12af4e27dfe482,11,1,0.053000
0x7d8d8e81ff48ead823575da7bb23909332ab2412,11,1,0.041000
0x3ee2b245da31f26f385171e159b612f8c3b4ad7d,11,1,0.055000
0xf4efdd693751f47fca53bf47d8ee2f9cd2435c63,11,1,0.380000
0x75e9763c0001f24570da11d4e2c816b3eff1d5d3,11,1,0.051000
0xf1016dfa050fe3384b7c33df71e656dfa6ec3b52,11,1,0.045000
0x910bb1cf1379f8859d3e210478b69bb4da631053,11,1,0.045000
0x926184668813236b5944dc42f4f0af6db8af67aa,11,1,0.047000
0xc2c51c078a087c689705888ba8a5f04a769b13c6,11,1,0.047000
0xeed62c982b9d35c6abce13d44a489c47bf0453c1,11,1,0.046000
0xf4dea268f21f19490d2fc3c0800337dab37ed6a1,11,1,0.049000
0xfdfadd01edcbabe025931e45cdc8532b00218500,11,6,0.091000
0x1e517232c8520e4464095a0baeadcea8b344a950,11,1,0.044000
0x2429ffe5271b44f319f37c1cb588b9887cb90f99,11,1,0.048000
0x2ddd26c3357675ee9c2fc455ed64968e8a2791f6,11,1,0.040000
0x6f5bf52f9cc9761a8fd9f1b52cac5b4718468359,11,1,0.047000
0xbba834f34129c04831e0e430e23a3017b3e4a85e,11,1,0.047000
0xd2285e6b7d83215a1d08c071f1a8fc70e7efa6a9,11,1,0.054000
0x92e81341855b0f75df19f432864c21239eecc7bc,11,1,0.050000
0x52e4a5ab25b2df023126b4248292e834aa8fbee2,11,1,0.045000
0x65fc727c4e998b920203a4867f7adc9df7735bdc,11,1,0.045000
0xb8ab9557d588da303562ff5f68664f71111bd5c3,11,1,0.049000
0xdd9264bd0049b716f9969ebd90d406a6e3b5d5a5,11,1,0.051000
0x1809831308ba0daad0929d5b4505e3a14054f317,11,1,0.047000
0x6436f3699d15e5ce35196b7c6bcaf8642c2edd38,11,1,0.049000
0xea1b89c6e241e757f353f1a9f5b822ff9fe30df8,11,1,0.044000
0x3e36276e7f0f35fcc0becb3d6cef4bd2a7ec2956,11,6,0.059000
0x489f4709225cd62800b4c86d678db28e1ea438cd,11,1,0.044000
0x2094fd95fe036e3487de4372e2a5889683b316d0,11,6,0.060500
0x9cf87f78ad50ff22ac4107c8e3a6d8ebb23c241c,11,1,0.046000
0x00cfbd411421a9bac6e9924f94207b6b0070b99f,11,1,0.560000
0x7ecee17667706e8004f156d1aa4248b8fb273fd0,11,1,0.041000
0xe15b96ac62b4ee33c3bbd80ffd3430f635929ee9,11,1,0.041000
0xfb9ffab05d39a0caf82c57fba9e86b6267849bc9,11,1,0.045000
0x7162d722b003cb7c5f9ee0753478bde2f0074c40,11,1,0.054000
0xb8deac994543ae86effe5692e4aee72715d103e4,11,1,0.057000
0x732c3f49e15e7e19fff667659b29e4ea48b0bd7a,11,1,0.050000
0x8624e877bcf803050575c83c9c89468c1969b6e3,10,1,0.045000
0x473fe7923b6b48ff387e1c788e3e54d106873525,10,1,0.780000
0x8634bd875984fe78af4beaf8685f1f8291d40456,10,1,0.043000
0x26b700fecc4792cd4cb7e62b4352a4552102961f,10,1,0.037000
0x477eee98a025770a6eb8753ac2577c202aa2e97e,10,2,0.050000
0x87c5d6ac3970e21fd5f4f7b457d0e9f5b0e0660f,10,1,0.044000
0x88ab444fb88e533f8f6bc1a44082b9ff4319e8a8,10,1,0.046000
0x88cd8e166e4c36855a7311e84808a82ac0123aed,10,1,0.100000
0x894a3203174a34094dedc3996c0d7041fd294253,10,1,0.043000
0x8b56eae3c54a9d29eedc95676a04a4c957d3fa9c,10,1,0.010000
0x4a06ce5f1768cfdf6a3af74f466c44d408f1a90e,10,1,0.100000
0x8c313c1ca30cd71c2ef4e390de5a2f2352b0f8f3,10,1,0.280000
0x8d0635efdc30321a6333876f0f49d21c774f2d57,10,1,0.640000
0x4ae4a9248fb1e07bd993b2fba7d7cd64083bffc2,10,1,0.044000
0x4ae6e79c5546f15e1d6695d93febf2b7102dc5bc,10,1,0.370000
0x4b3b835ecd0179ebcdbaef81c7293bb3065d60e0,10,3,0.090000
0x4b4c3f323999ccbcf48406fb6c01651c85dceda1,10,1,0.040000
0x8fcd70006d34c1f48ff015b49a03798a0e8b7455,10,1,0.050000
0x9039078834ceff90d722041a111485ad1075ff6b,10,1,0.042000
0x90ae3171cecc2b21e0ef642c1430dfe05693a82d,10,1,0.039000
0x29d98a8a2c64fe57f7b2cfbd3999184f0ac30644,10,1,2.500000
0x29e0256447168f086c6ffd38867c0dce7d5deae0,10,1,1.000000
0x4da25ce49aa6992e02b68a78fca8fb9f9e467d8a,10,1,0.410000
0x02b5813f3b653b828632b54a4e75c1d3157dd246,10,1,0.048000
0x2a6e5fccfc2e1ea63c6dbf1ae5135e2dc283e0d7,10,1,0.040000
0x0b6026893abcd5daa2c4b3eeadd8382d4aa5d055,10,1,0.042000
0x167f840a260ff0e2e3df1a0e36acf5b54085daaf,10,1,0.049000
0x96dce4f521eedb9fbc42f107e6ff353505b839db,10,1,0.044000
0x0b9d066b0235af248138cff024aa48695deea23f,10,1,0.180000
0x06006d85e22eb1827208b3378b61ca74da4cbf40,10,1,0.053000
0x9818d025c0a63bb92d8785ea6dd52201226aa4ee,10,1,0.044000
0x98c0d317a0f6dea8749b430ab7ed39bb2106d723,10,1,0.033000
0x98d0c43663f89abd2cde37077d34eac24bb1f56a,10,3,1.160000
0x17c0445e03464eb44e21fe072b301aef5b8e438b,10,1,0.100000
0x00c0bb844ee56435ff2e7c25a6ffbfbddc4c0563,10,1,0.036000
0x5107de03dab3d70aeab088d8ceea32b00eac13d3,10,1,0.045000
0x51c382f8bf525317b94ce08ffb30bdfa9a8a4879,10,1,0.030000
0x9c9b059bcc01a0bfde76a5e62c1f23d26907d3ac,10,1,0.041000
0x018920e9db52f3a9491800492360b3c8f9b29fee,10,1,0.044000
0x2c9285abce882792124d16b5495efd7a66805f27,10,1,0.034000
0xa0af720f35e66aebe881598a4da7cd550beab3b2,10,1,0.044000
0x54fadee0721c6e8600d2350602c1f663282aabbf,10,1,0.035000
0x5579f12b6507c335c7e35a5d5518b03b58e77ca2,10,1,0.043000
0xa1aa7143c6d35b711f6350e8a7f395de7498fb78,10,1,0.038000
0xa3195fcd5d9a228c4d020870a0a7f48367220c52,10,8,2.804000
0xa4132ee2b8033b4132f1549913db4069675d38a5,10,1,0.050000
0xa5fb115e4a31c12a86fe01741a0b5efc830fd364,10,1,0.560000
0x576e0c2246f6e16416e32241e8692204605d078f,10,1,0.042000
0x19bb4f9a370a0d46047d75ed38179fabd89d9f95,10,1,0.039000
0xa7cea5911b9a4a8692e51896027fd0f8845a2da7,10,1,0.041000
0xa88977deb275efcd6dfd742be5277aa9a9ccd6f0,10,1,0.044000
0x5928d9534c0423f59c458e03c21cc1e64f5eccd3,10,1,0.750000
0x035e85c5fcbab152738af6d2d5ed9cd76779cf0a,10,1,0.046000
0xabaf3e3bf9bb90c3d9ae4207f61cec1a23ec5184,10,1,0.039000
0xac589758361394bf716583002fbd0bed855b2a6c,10,1,0.049000
0x0712dbd9efa770efd85ff1fe56303e761733f9ed,10,1,0.043000
0xad462549e67a59ac4f14c713b60b6fc187d1717d,10,1,0.042000
0xadb5956df83db946227a38b033f42c79b17abfac,10,1,0.030000
0x5b84b9b48b7205c20f8aa09e4e8f7c45c0d95755,10,1,3.070000
0xaf09f730e308476d796404a1d795bb3c82b43c78,10,1,0.034000
0x5ba880bd2f9def17db889e848782538ea443f317,10,1,0.040000
0x1ae753290015a3958b934ee04e792e7236b52e68,10,1,0.550000
0x5c051e324fa645ed7f93ca63217e16cbbf7b6d87,10,1,0.047000
0x3117e364bc41b823de6294ee6998182e7ae9e002,10,1,0.035000
0x5c9e5aae8fcecf0b8d3800c7155feae0949df6f3,10,1,0.036000
0x31d49c57f02eec6f5732412fcb3a9f5543da8922,10,1,0.316000
0x5e08d55e64e2f141a466de37336ce420c0772917,10,1,0.038000
0xb33429f6d1dff5a4add080636d213a9f182fd671,10,1,1.070000
0xb480e2fa23b3649bbbdb7c5b8991258acf2a1a69,10,1,0.052000
0x03a20c69561639d840ed8784ea73e97e4038d833,10,1,0.040000
0xb708fd1577cc67b140d8e02f81507f8a67ddbe95,10,1,0.044000
0x60d9124b0070cf9d0a33f5f119356ae3a52f25c2,10,3,0.195200
0xb78fc356aa41e54462b6abdebb9691940669f616,10,1,0.180000
0x0e6d99c989f7e98d9cf8b701b4bf8ea74fe7286c,10,1,0.047000
0x61883282d14735522173b130cd22ce3bb544edca,10,1,0.059000
0xb8e041d4428fb236f529792d68a37677454bedab,10,1,0.041000
0xb9db72f27be1db17a292da68eb3618e00d79120a,10,1,0.053000
0xb9f8a2ca35978bdcb4c69455c19169f3e1ae4067,10,1,0.045000
0x620da6a35cd6ef5d125ced75d5216f928395f234,10,1,0.044000
0xbabfa555e0ee309258bc0f869f346c6dd2fe9b50,10,1,0.046000
0x6285f8378a4d086b8ccfd89d6fa68b5f4737d349,10,1,1.560000
0xbb3c44cbf0d36dd56e20fc0e16cacf01730eebc0,10,1,0.044000
0xbbd8f8e2040d4f03a56a2cb6c77cf26ce7adb2df,10,1,0.040000
0xbc2be3fd108b55b245c932409fffa6a190822bf7,10,1,0.048000
0x0ea899fe4f58b2a5642c345e43d2e347abb727a6,10,1,0.046000
0x0790844f6980d788ffafd62b95912af1d0d95649,10,1,0.048000
0xbcf6eca31e914208c131f1adb7e688e0737a6e0c,10,1,2.080000
0xbf3d15a3d3e864b82b0eb971e631800ae811bfb6,10,1,0.200000
0x0ed355ee4a436947fa9ecd3653b340fb9c17e599,10,1,0.600000
0x648caaa17849cbd6451650f001abd1d340882625,10,1,133.500000
0x3594577011d387a0bf2d9b74ca68a184f727b43f,10,1,0.222600
0x005aefb9cda018fa2f0a99a2af5aafabdaa6e131,10,1,0.044000
0x07c1c3a080c3becaa4a67482db3d07f6944f0d9d,10,1,0.034000
0xc1b2fa60785a9fd6bb1451e512fa1aa410212b16,10,6,0.081500
0xc2357f7dd25e546295aa7c65f1bdad97c8e6156f,10,1,0.038000
0xc2bbfb19239794c3a86550003e443cf1819a532e,10,1,0.036000
0x66136dd8304096aa52ec0407f3c0025b8cb2f12f,10,1,0.042000
0xc364e2a7042425893c8c0a2b279d5ef84318976e,10,1,0.280000
0xc3fc87e7e8e496bc3c1bd8272602cd2b029de0d7,10,1,0.050000
0xc49fcf05cd225efdbbf0b005fdc57fac845a0709,10,1,0.242000
0xc50db61117d0c838386f650ea0d8d67879cd3740,10,1,0.043000
0xc563c755d9ff7c0cc9169c9f4cb2922bb97fd121,10,1,0.044000
0xc5e7eb21742340dc478ea114c578de8a2706bcda,10,1,0.048000
0xc6422abc56223416b2e3fc17842a27ec246811b6,10,1,0.092000
0xc6e2f9f06d20ef1655e2c145ed8e858c28718b7f,10,1,0.730000
0x6805db9639552c698fb3b9802b091311edb04249,10,1,0.044000
0x68470fe0286ed9be92847f15ca2b4ae2eab225d7,10,1,0.042000
0x68c211c73326d8ffe10ada27db9a905e5fb2ff88,10,1,0.047000
0x37f53b9533dd3afa2a14249cb04e281382cf2cb3,10,1,0.052000
0x6943d98302c6c590c86e004e896b9b5da339d578,10,1,0.042000
0xca1eb4ff0876d4452e1d4d61057eda65cdcb3577,10,1,0.042000
0x1edd177e090c89db6d25c1aa076f49604cf300a8,10,1,0.039000
0x6a87dd44fb782ee9b09b203ac6ad412b8c146797,10,1,0.100000
0x38d617a943bc9348aef2e2490c424d2ea9c04319,10,1,0.041000
0xcc4305acebc943efc623dd8bcfb6f215fb4976aa,10,1,0.039000
0xccabf0528d1dca9665138f9bd1362eb2373480ae,10,2,0.077000
0xcce7e0990ba2332933ad2e72937ac7229a95b915,10,1,0.044000
0x6b43ffc719f6e26a37a1e7bbeb4df3359c0704fd,10,1,1.150000
0x3961d98b90b8e61174873ea057ffb8c3d809b557,10,3,0.762000
0xcd73f3d0d15dca1f6e6b1c282da0a7a0149f1a4d,10,1,0.046000
0x39765462ff7f9ddfcc0913f31916bea2e966551a,10,3,0.250000
0x011270b14e597cadd7356964c828633d97b7685b,10,1,10.100000
0xd05cb6e32e3f7ea47e513ce66488afb445aa7282,10,1,0.049000
0x6d5714a9cd3aeb147693a01fb9523a1cdfbdb219,10,1,0.043000
0xd0e42c4448115607a5c0f3d4ed4b1f61627a1054,10,1,0.070000
0xd13c388ce3913073b45604cbcddea23ad0da7f92,10,1,0.035000
0xd15abbc86d66c0188db3ca486105cd8a485625ea,10,1,0.043000
0x208e60e534cee043142408a673daa7d5e885b39b,10,1,0.042000
0xd2d2940cf3abe815289c8769d0747c04f1101a87,10,1,0.038000
0xd2dca66ba135cbbdd830876163d7e4a14bcac58a,10,1,0.039000
0x20be5635100bd8c8203ca22c99e1bca0a63b2cb5,10,1,0.031000
0xd37a790b781555d891b4e87b77a135b6ea849733,10,1,0.100000
0x6ed540391cc3aad2e9f38c53e6ccca34d02d1d81,10,2,0.044500
0xd4209f988b37287c6847fd30236b324e2d69d2b8,10,1,0.240000
0xd4dc9d09d816ac48283226ee8cde69d05efbd835,10,1,0.110000
0x21486816a1da2cde5d90b4bec4672881c4e97902,10,1,0.460000
0xd686e8ef5f9073fafec387092ac8a193f0f5e7a3,10,1,0.044000
0xd690bb99e8b2af4630d0ec8fe6189ae031942c02,10,1,0.041000
0xd69bf01b5d773b10cc5ccb3b04c51440103690ef,10,1,0.820000
0xd75d2753eec72cf675ea0a33f6e8793554344d7c,10,1,0.042000
0xd86710f26a3d9b66c6d0059f380315b1129a3017,10,1,0.042000
0x7197bd0c0a8c151357bcb9287446f128c2d5686b,10,1,0.052000
0xd900709483662cadd824d6c9afa661a7908477ac,10,1,0.052000
0x21c8dfde32aeb240dbe39e0561b6263f3a8ba8c7,10,1,0.042000
0xdaa65c6cbed3b46357967a63424e1f3e1c3bbda1,10,2,0.053500
0x3d7281f86a287650995b1da7e05dc389647a100e,10,1,0.040000
0xdb3f4a653a655eca7647a8488119add3d4e1feb1,10,1,0.100000
0x738f263c7668e5a2f9a6f2d48704987e61ec020b,10,1,0.030000
0x226455aaed9ef2dda8f7a171329830ba48b2c3ec,10,1,0.040000
0xdfad24cebd00659a80c2ad7b46e9e46937cef6ca,10,1,0.100000
0xe02617d70da124d33c379ed9fce49fe60d37a670,10,1,0.100000
0xe02cec375311fca0eb10f738a1438f55d4f4cd87,10,1,0.048000
0x3f17c4fdbacf0a75aa851bf3779fe87bd9e9da2f,10,1,0.190000
0x3f3a4172c77954148c4fe550b1fc37a42643bea6,10,1,0.040000
0xe1596c2d3036c7b1292f6d67ff32ba91d79defa3,10,1,0.280000
0xe206393d01f81e00f31e6badc47d8c8142f4177f,10,1,0.040000
0xe3ed5dc266a92decdb40c210c23bada88bf00a2b,10,1,0.044000
0x7829761bea3a57ed250cc74d82e7ffced4e028ac,10,1,0.039000
0x7855424d2f4662a9295935e1ca31d438c987af02,10,1,0.041000
0x78c440f37abe4740bb997c4aebe1908bbf5c510c,10,1,0.046000
0x794828ec75970afc960b9ada2b2491c59c6adbc6,10,3,3.410000
0xe6318d8da6072126dc2ad99472d34a49b2434ba5,10,1,0.037000
0x797be49e2ecd2766ef6396db0a916db6881236f9,10,1,0.031000
0x236a2677fdde3e1793305405f56ecb85750ea359,10,5,0.281000
0x79bae2e902b974283997dd92eeb0c226ca798ce1,10,2,5.100000
0xe6b7aecf17c5b3749eaf14af4f8db093c623811b,10,2,0.144000
0x79e32020e978cd06c9988f1c6d4382516f8f3c5d,10,1,1.000000
0x40c99a539d18b4395ac3a81d64b00946e65fe302,10,1,0.043000
0xe7b9a9d9dc2674c36c34965f51d1d83aca11e428,10,1,0.044000
0x7b837bfd8c999e448faa4161e2e146c1ead54f2a,10,1,0.044000
0x094c7afd1fa9d60bc19fbcdf843fa76e2ed5339e,10,1,0.042000
0x41f8ec3ebe72ac1c522a49fa356c0f35e05613d9,10,1,0.370000
0xec7545043e75f9765ffcfcf655ea0467328089b4,10,1,2.500000
0xeda4219082a08c9a16fef2a43933e46842561020,10,6,0.039000
0x7cd9f6697f5615cb33a96eef9d3b7964b0f44fe4,10,1,0.820000
0xef056bc7d0fab024b91353a2d7d2423468597d27,10,1,0.037000
0xef1116fb9a9dca0d92d5f857572a361a8a33bf9c,10,2,0.750000
0xf031fd435aa6987156af43d0d0848967e0a1dac8,10,1,0.035000
0xf2d50127430633cbeb9fac827d3ca84ad0ff8aa7,10,1,0.050000
0xf2d8a6e37ff55d77956f6d1b626452fc00953dce,10,1,0.650000
0xf34d06c20a9fcba0e59ceca03de7136ea3263665,10,1,0.037000
0x24fef585db58a9c9df55373eea1406c9a1ae4503,10,1,0.034000
0x446077996c60dbf81ee0f6ae642313375e795885,10,1,0.039000
0x7ff10d5b2ff82f23fc9dc1455031bf1805eee4e6,10,1,0.033000
0x7ffca86c4b771c4dadf12dbec5101c9e4120e781,10,1,0.030000
0xf55f9fd083f4a8e7988f99c0e688defd8c41b2b8,10,1,0.180000
0x81452af7f5dc9020903897682090210fa3524045,10,1,0.043000
0x25a3742d4adb154374ddff704e957b3811d4924b,10,1,0.043000
0xf85955c82d1fe2be079b3a6ac5ead497ebf168e4,10,1,1.715000
0xf94380f6e6cb4f950b5bbb97ba7985fed1e4a815,10,2,0.051051
0x8256ce6ea90c80082cc4135d7502e73f93f7dc3e,10,1,0.640000
0x25e5da409b1b816e4883bec7655c3b541a4b7313,10,1,0.032000
0x82d71c2c52e49972feeda8a6d8f84e4ca2f07e22,10,2,5.256600
0xfa2e0822de32c8be86dee10ca2369bca49c24438,10,1,0.039000
0xfb7aaeec7c7fbf29f1aa1bf82df9154b542faa37,10,1,0.347281
0xfbb9fd392e6cbea172761bfcfaf365680c42c4e2,10,1,0.042000
0x83b2341ddfeb0fb19457c8238066d9f0d88346c2,10,2,0.452600
0xfc3abf033c53a79b36a39e5da6aee77910a7e249,10,1,0.051000
0x264404aa4acd99ef6187ef495c5c610b58c30817,10,1,0.049000
0xfd9223d64171bf6180e535f731aa45a3cdbdc7a7,10,1,0.046000
0xffa8d4f4e57f1a5a889e355b3a9ddd93a0d6398e,10,1,0.038000
0x8619067e2ff52823efc3098d7414bd035bd708aa,10,1,0.043000
0x70554c67f565e3d5b7c018188e3b2c355bf725ec,9,1,0.034000
0x1e1818681cd300ddcec82b712dad6252c476cd48,9,2,0.322500
0x28c5d810331a63b0b864e294ee51de141780ee63,9,1,0.035000
0x442ff1878832fbe9e135774a6aac134233d175b8,9,1,0.060734
0x66edda63b783cee63f30263cbf2e9e64219584d5,9,1,1.910000
0xee1b99d2e860f694cbd3f5810d4ae6403ebcc7b1,9,1,0.035000
0xbb354cf5617c1e4c68192c5bd80bb9b1ab678db8,9,1,0.270000
0x1ada7b4804bfc843b1c831304a589e4f1596ac95,9,5,0.014000
0xc91f4858465be872791e77d7e5d0fb52fbbd1cbb,9,1,0.035000
0x5ec91b40f6c509e9c2b16fb226a5f6c78a9fd019,9,1,0.450000
0x75a9f5e182e84a9b308fe469bbeb33569e2c6eb3,9,1,0.195600
0x68f613f0c4c2217d15eb9b78c3802eecccaa3068,9,1,0.050000
0xee584f4ef0f7b50e13b4c464d32dd95980a28036,9,1,0.048000
0x5a619eccc688b7a64a9e210fe255d2a1e760c744,9,1,0.180000
0x0d82aa5bc1b33151d9274516cc9ab2cb455f0174,9,1,0.038000
0x8f8db8429b41702c58b140cfc3b40884b8338d90,9,4,0.023000
0x4c0f8e75437dbef9ff0d2c14e08b32af9bd350e9,9,1,0.450000
0x223adc5720e20122234075e06685d4554a2e5eeb,9,1,0.121000
0xab4cbdc178aa8af6ece62607864f8902c893aa2a,9,5,0.040500
0x701166c459328bcc6e82c1dcedb94b82c7ac4273,9,1,0.040000
0x04903e2997a3067b8d1ca5f64fd89766f17b7029,9,1,0.630000
0x8fcc13c9b4a53dec889f888000c0e6fa4972f36e,9,1,0.045000
0x06cf38705c3fd1fee6258683e0d0564e44653555,9,1,0.038000
0x1642fdc9c5998c998ab319a82154ee26c0b2a0a6,9,1,0.039000
0xc52b7d3c86c79020a2ab2798618352f3c60ecb82,9,1,0.034000
0xad62ee86830201decec5db995b8a09e5d0475a4c,9,1,0.900000
0xc54f48a4b392535ec3fbca343331cd791e21fdd5,9,1,0.036000
0xad36f11bc5d5a4b40bc2164008d5693fdafac7a2,9,1,0.044000
0x0b18be6604245896e7ac4b1a8b69c3b8f07e7af6,9,1,400.075000
0x2a079176ec3ac96cc094e9413f9d7bb54cd17bae,9,5,0.565000
0xc84abe7536d813be21408793222efd1213f6a299,9,2,0.258000
0x37633a0798a59d28b8b7aec94fa74bba8573e801,9,1,0.041000
0xc57c3bd9005a625616ce98f0ef65c90e17a2f0e7,9,1,0.039000
0x685c24ecc7fbf92107b29ac50dc61efc927df511,9,1,0.037000
0x61dbf9a095251003366bae603a1f38e33f29c80d,9,1,0.033000
0xefb30e4a910c809616adeb669b9dfe769c07217a,9,1,0.037000
0xbb7d6956689e996d6a11f4759754a3c79daca257,9,1,0.041000
0x62dd99a44d0e3f2c4e425bc32a18fb7d32900d30,9,1,0.044000
0xb2f07944403aee45cf5af29ad4623d25877f3009,9,6,0.071500
0x9a6e0ec4ed901f9340b9497fbd03c7284cff41a9,9,1,0.092000
0x848cee9ec34e1425e6877d7b88be5ade3ef631cd,9,1,0.360000
0x43a22d59926fb9ec892b8daac635073b50b631a4,9,1,0.037000
0x26eb3ad54c12fc7133a2b2b6eddc0692d94ebcea,9,3,0.510000
0x374f1ce9cd314a920461f8f6d3984394d87d117c,9,1,0.049000
0xc76ab77393d7a432b901c6e9bb8e35fe0f40bc01,9,1,0.042000
0xf105d485f3d85a5ae0a4ee539e85272bcf1ce2b6,9,1,0.034000
0xd10cb6ee71780d0e41f447cc71410121428cd56c,9,1,0.180000
0x0252488c143cf7b54d52ff83c1eb9bd5db786d72,9,1,0.046000
0x43539c7ac50b11d4df99cdbc2bdbbf2d13fc08dd,9,1,0.028000
0x67fdd73b56a55ab6ee84aec128bdccc70c0d630a,9,1,0.033000
0x1c2ad76d600e418db2f42a908fd1946d3523402a,9,1,0.043000
0xfe2521a845f6717600e63c425926a09d811698d5,9,3,0.114000
0x5e52749a920dd3094c641334d6f99ab191973ae4,9,1,0.048000
0xd645630e01a62828cea635d80c53a5f26dabacfd,9,1,0.049000
0x02e98957777fabe9f91ded94f048cecd07f39c2a,9,1,0.042000
0x893edac7618a45a3c73f383e61d9fc01c56e99be,9,1,0.090000
0x861d2ab74f20edd36d0e54828ca6a70771a9954f,9,1,0.630000
0xe38e6ac0a7d7124f48759b452c4196baceeb44f3,9,1,0.038000
0x0cf81253afbfb49be0618cf43f625f72f06cac75,9,1,0.037000
0x53941873bf57182065f22eb17ef5fc6c4b5e5481,9,1,0.032000
0x11d8778c9bb3f298f87e064c025c71e492daffb0,9,1,0.043000
0x8904df3de6dfee6a7c8cc38619d2f17806213cee,9,6,0.030000
0xfb279525df58be31a34c6faef5e1624a89e17452,9,1,0.039000
0x9b7a947a7469aa8732ee560f565e31a68a7bf022,9,1,0.043000
0xa0ac533b98f1db70d90477326a6b946edf4c96e8,9,5,0.018000
0x9e8b204123c0a282fec92791d9c2341cd60f182a,9,1,0.090000
0x6cfd8dd87c1f956ba75c469c677bc4bb74ff99b3,9,1,0.045000
0xd4846aed4b0de7748e857e13b757695ddc0b6c6c,9,3,0.080000
0xe49a5567ebf7ddda93e1c6bae3ca2f92512fe562,9,2,0.291000
0x992164149e23371964e431e9da6e834109ce62f1,9,1,0.043000
0x2173d9b04f52fdc66e2e096e75b452f17484136e,9,1,0.046000
0xa0881cc3e927cf5318b73d80e484c4522c15aaa6,9,1,0.043000
0x2c685a168aa6263baeb7ee5dfd158d2d326917b5,9,1,0.090000
0x10373589b49848fec04982d93f95d8321cdfbaaa,9,1,0.035000
0xd78b56c3925f780cdad97e91fa3d04c702617630,9,1,0.540000
0xa3da7fd416384f41a812b6426aa59433bf149061,9,1,0.036000
0x53bf3a6221ba778ed06f8e0a80076f27541a150d,9,1,0.450000
0x21efd6ccff8496e6c3d0340e61313ff04e5670b6,9,1,0.041000
0x092129b6a752c5cad02e6a9fdb9eafa3093980c1,9,5,0.030000
0xe50b846395737b7b2ded7a45cdbd1c7d8b15b4fc,9,1,0.039000
0xe044a3295b78a770bd6f650b33dc8aec508e1890,9,1,0.027000
0x503d679e6988eccfd08932ce90e04bf70b20cb7e,9,1,0.032000
0xe57a06ff8690f58d9c2e46bb010428392f5b0870,9,1,0.035000
0x31c56e8d4e6ed2d6ce67b07d3dbf269a6e882df7,9,1,0.043000
0x88a604174af73c0612ce6a388983f9482b508e62,9,1,0.043000
0xd827d619cb101faff6ff29e45f17b23594d9534d,9,1,0.090000
0x3d04506608e2101a8b7dc0a1d944f3b5d71d86b3,9,1,0.033000
0x1c27569044f2612e6658ff53794b23ef4f486abf,9,1,0.049000
0xd9cd5d2593333761817e9664d48a2b9953831a9e,9,1,0.032000
0xcf34be9d174bc0bc31e3c1f75669cf77b54d0805,9,1,0.900000
0x007ca504e06c98d8580a061f1099da8be02f8765,9,1,6.030000
0xe582b04c02f05ccf3c81c0e0cbbd3053312405d5,9,1,7.030000
0xe05f8b6d0b08b22f6e18b50a8b6e1d673da36391,9,1,0.170000
0xcefa6d4801d44a92cb44dbdef1f1a6da04897373,9,1,0.390000
0x3cba9e798c0faf47af5e453534ffb45bc649f2e0,9,1,0.031000
0xd8fd1bceb55de59d37fad60dc9dae4181d4af0a1,9,1,0.036000
0x466def58050b4d4e0dee34f4de8662de87cf7ac5,9,1,0.090000
0x4627379adf91ab56f54ec8c4f1449b6c84e54555,9,1,0.090000
0x0d016e813ce0f97845fdcbe93bf23566b1fc5dba,9,1,0.038000
0xe5b81a1b5c457fb2687e5ed9eb5894eec22bc474,9,1,0.090000
0x45fc30f2ac7187b08fb6d7b1b6ecc0cfea055c11,9,1,0.034000
0xbee2ce5da03b3e0349a680393c29b7904d3edb71,9,1,0.030000
0x5012d3f3340269bef7e0f94b65fe042c0280d959,9,1,0.042000
0x04e447fbdb0b3823664ab3483e97ce20e0b59455,9,1,0.090000
0x2d6503f39026e53febadbdf54b4f56150b4f1aee,9,1,0.540000
0x49a359db7c137469e3d3fde0a6534798791af0ec,9,1,0.044000
0xf9bc5a2d0ee8ddb24c852982f7464cda0ee5d35e,9,1,0.052000
0x7949bc613effd67ec9266ec58e1de7e9b4ca3cd2,9,1,0.630000
0x828b745bb489572e7ddaf7cf71b536378614e474,9,1,0.450000
0xce786a8d387dea498815d0eef1300b24811bb499,9,1,0.036000
0xf96df53259acf875d64124b58afdda6fbfe11ad0,9,1,0.038000
0xce781c62bc18b39e7b7c4d51e44317fcfa5df88d,9,1,1.700000
0xf95f40b57676f1d5f64a8311c7f0505509eb56de,9,1,0.310000
0x827beab09e999b75edc38b60774b4b452e271dd9,9,1,0.048000
0x823c95cc7612813a58ab253a19dac4d942dbba47,9,1,0.038000
0xbf84c55ccaf6f25e765a21da7aa673c8edf716f8,9,1,0.036000
0x225fbee98a8b79ab2a169eb7db595cd59e37a695,9,1,0.044000
0xa6ed014d9cb49ee81ecd667f27227a435fe8627d,9,1,0.180000
0xa34f47b4e2c15c39ac7a4fded8387b88d1120b34,9,1,0.043000
0x6b8e02df56b705a56f3367e41881288057d4293b,9,1,0.044000
0x8b900f97ae175b2da54c670523e81b7b2b42e791,9,6,0.046000
0x84ae7ccea7b9a6348360c9e492273fc4e910f61a,9,1,0.035000
0x52786d4603fbc7ca25e3b4c43df224a41937ccf5,9,1,0.032000
0x79fb9b7e322c97b231e9ffec70d1c31cb6632fb7,9,1,0.040000
0x79fe8d09c6bcd69a36f499cc5118349bed9cad26,9,1,0.039000
0xcd5de29c05d139023e2771f3ae628b3fc5a4e35b,9,1,0.033000
0x4f80738feed04c4ebcee59aa788e641d7ed63890,9,1,0.031000
0x16ee4cc79b7887683052e0ec890b0b66be6dd434,9,1,0.040000
0x6b54d5551c4257cd818be4071613ea3214d5c110,9,1,1.620000
0x9cf6f5efda213606e57dea9eb32de7266ac864e0,9,2,1.550000
0x2eb16f9999407a30c92198a17fc1f7fe1fdff758,9,1,0.870000
0x97235eb5508fc6a35a7ffcdf51f318da2737cac8,9,4,0.068000
0x8406fd5917f5bf7df421291ca33ce1757b647977,9,1,0.180000
0x7a6a6348be68fe92f8a7deb75bd77d103ba87631,9,1,0.029000
0x8c2abf4d91762c5fe9ef6c6f4b8bb985f458c329,9,1,0.141000
0xf7bf05a3b77ed0d6efd33eaf1d69544708bb0f7a,9,1,0.032000
0x96db92bf40b432eaad64a53a28a57da717b0e684,9,1,0.041000
0xbaa1cfa211d0382db31dfdb16a15c89881e031c7,9,1,0.036000
0x653500866d2312f6348886ddca848eb150ca53c7,9,1,0.039000
0x2bfda9bc35fc42b4dd0d11d78d05895a6f388bbf,9,1,0.041000
0x6afff0479cec2d7a3769ace7219502b4504d602c,9,1,0.037000
0xc12e727c7da55b8055037008d663c2cd837b9fbf,9,1,0.040000
0x8c5e602fb832dd3d42f5fc6413600f90787f73b1,9,1,0.035000
0x6542340948b24a9a55d6c9c3f53f89a7c6c9ee1d,9,1,245.680000
0x455afede6ddcb430e436cbcef5efa3ab91989ab6,9,1,0.034000
0x746696e7103b111c7fa5c11ed2fcc1a3517d676c,9,2,0.162000
0xc170df3264cfa2633d6a8d320e9f2986343746f4,9,8,0.096000
0xb67365df13ea478f551a556ade08f1bd58d8b961,9,1,0.040000
0x6adf9cd1611ec8cc82b1625b8fa8f3967e46e356,9,1,0.038000
0x966b7300763f0251e295a662cdde1a892f3891f4,9,7,0.026000
0xe9466baf1c66f05b5b3d145f3b9d30cb4dc926f7,9,1,0.044000
0xb05a96cceab893440b99717700aad716690c0870,9,1,0.043000
0x61bc7bbfc511958ed2d5a481e4c4a2aed98909f5,9,8,0.039500
0x35dcef6783de6348a4d3c1f24fb4bf53fc07e099,9,2,0.031000
0x859b662f469069c912617d08c354316a51f689a8,9,1,0.041000
0xbc5e1956798761fac01ed37c86d3a5f8bea03884,9,1,0.037000
0x811c1326b64fd88238bf391c1488df9aa77c9189,9,2,0.054500
0xcc51b36c7416971b4bba39b5151b2493566db86a,9,1,0.032483
0x0f9d66a2578ba68e831f4544d4dac32b52f01d50,9,1,0.035000
0xe97407f07b924fbfafd64fce0559cee1d8aa72d2,9,2,0.380000
0x58a8997f559e068066c9a7b5a7f0edae14a6abb7,9,1,0.042000
0xe99534313a5b0b054feabaacd9d3fa6190bd999b,9,1,0.039000
0xea2d639360445f79065a56a6bee44858e22e422f,9,1,0.040000
0x8cba9f90dc3c4ec02c9c300475fe98dd7c66533c,9,1,0.036000
0x4e9c4f7fa71e11b2b1077af71049a5681a6db43f,9,1,1.450000
0xcbb88bb9243e55af1c14030bb1080454c75fc753,9,1,0.038000
0xafeee9f48ad36bdfa92535feb4e6914e6c270912,9,1,0.038000
0x80ec0169f9ee326c22254644bddedb41e0ceacdb,9,1,0.280000
0x23db74fbc604f071b95bea996e0269ef6e20d9a4,9,1,0.043000
0xf6286037b55bc5daaddede4f6cedf9e4c91ba069,9,1,0.033000
0xbab38ce7ef7375a70656d65650a4a6107409c621,9,3,0.360000
0xafb3916969e71340ba976f5775cc0e830a7de1a8,9,1,0.043000
0x9b88f097a53d361878c5eddbf80a05f206e58263,9,1,0.046000
0xf6179b4238344f328db300c32e460e24abac3d6c,9,1,0.001350
0xcb2432fb06d4e70dc4686d795d8ced5ebae900aa,9,1,0.090000
0xa45d1bf2e13a7bdbada08ac94af8e46b63ea53be,9,1,0.046000
0x2dd1e7f33ce6ca067b38389e6e7808054c4740a5,9,1,0.049000
0x00d73b2e508c24bde63dada8d66a5d1938e6e629,9,1,0.510000
0x361c231d4a764cf582efb42c73fd6dfcdfddd82f,9,1,0.810000
0xcb0394c9080e4aa1d56a86341282abde59333283,9,1,0.090000
0x31da62c50d96a2f67f4cc1f9ea75d9f66a964d5c,9,1,0.044000
0xeb50820d77361546abdfe76b74696bab63e47ba8,9,1,0.039000
0xeb6af9ef88f2a85e01a59af9b230e9be310afc0c,9,3,0.014000
0x808cf7fd517e7f0be2e248be1588d0bcd2f5168f,9,5,1.095000
0x385347e837394126478f37cdb3e3f90961c55013,9,6,0.037500
0xcaae78b34ec8485636b8f8a10be2cf621b691185,9,1,0.035000
0xf57aa115bf3e51223f6e4810c2984471dea5b5fb,9,1,0.027000
0xde9510af60ab9e6f233219102fa1b960dfe5b242,9,1,0.092600
0x69d2cb0e9ede507f9234aef6be5bfdea24564d5d,9,1,0.090000
0xca898110365f2669ac83e8e064f1743709462cea,9,1,0.090000
0x254403f010c653467bf79a1947c1e0a384456ed7,9,1,0.034000
0x0f1fb744492af4d1f235cebf4775d36ef56c1e2d,9,2,1.225000
0xc3882f1913d062f438f3be20a7d405026e651c1a,9,1,0.032000
0x3682488466568412c394617b2a7f92dd4b625a76,9,1,0.043000
0xfb441a7bd4bc60e0787dea97150689faeddb9fe6,9,1,0.036000
0xd24bd994e7e6b926ced5292d022f98a96c95805c,9,4,0.021500
0xdfadfe0ff73a06de654825562e4b4401e32ee75f,9,1,22.300000
0x094ec177bd9b5f1daddb34d1e5acd7b9080690f8,9,1,0.044000
0x4e08fc64602899a1e6d6c24ff6ae546add612ecf,9,1,0.036000
0xaaa9079cd5d8ec34795e882397b562b96ad10899,9,1,0.270000
0x30e75a45286cfbe932b4c957532e0c86def65e86,9,1,0.042000
0x2d32f80849f8c5e39ee6a71b670666226624fcd2,9,1,0.038000
0xbd4d988f756c19dea43dab8b7f9e2935aeaa0804,9,1,0.048000
0x8e994da46028c5f70579ea576b1d7db0ee32d3db,9,1,0.036000
0xb5056b791a330f54311dfb57cd490ad77d29b364,9,1,0.043000
0x4483ea9e80656e6d5a11d21954a1c88be093d04b,9,1,0.046000
0x0f7ae28de1c8532170ad4ee566b5801485c13a0e,9,3,113.866151
0xc4052ba9562dec25c83ad255aaa259485ee29f81,9,1,0.034000
0x3808074e44dc88e49e4c6486e5830c85bb035575,9,1,0.038000
0xc9a6637fd83169d8167513334f9395cf4c4d670d,9,1,0.044000
0xb5e8a0eb915bb67a9dc1940b77aa0566108febb8,9,1,0.090000
0x2fe7932f0b0781033bfa3f068ed4d8d76afd6f04,9,6,0.042500
0x2b55eb831e0546ef0edc1eb0b01a20876cd0fc23,9,1,0.120000
0x1e0f1a05ead03cf08fd52cf7564cb5627afe9835,9,1,0.038000
0x93e161f427be5de10261f1bd1833b63b3c53533a,9,1,0.041000
0x66adfbef1222f254472cb1e70e85ba2b6db1a508,9,1,0.720000
0xdcbdd865cd2efdf4442adb6f3fed85238a88f370,9,1,0.045000
0xc4642e53ba2cdc4902725326016d13fea27cad54,9,1,0.041000
0xe1b48b76a15dd3e1987f4739f7d807a44134b963,9,1,0.034000
0x93ac49aa097be527dbfdee2433d37a61af121297,9,1,0.041000
0xae8a1048caa638ce6c773ab331b5327a603e1dcf,9,1,0.038000
0x957cb9e7514a89485b4a54fbb50ca34f12a15994,8,1,0.035000
0x9f7747e22b1c621b6365c1b042a6c49ba6d0c4ea,8,6,0.034500
0x35593dab21cc688729204d8b33b442fd9c463f12,8,2,0.030000
0xc23e5d3c5c11ec7b82ac4f34cb8171687f28b560,8,1,0.032000
0x3e8c001a07c10ce8f7ae4625f9e570a0531b6589,8,1,0.040000
0xfec6c0f3a5a1094b6da01d9db73dc10c1679ecc9,8,1,0.038000
0x6c60c6648e0e0fdde0a71d66f164746e917f1516,8,1,0.024000
0x4ac6c5307e9da05b575db1b3565b34c322e23753,8,1,0.036000
0xbdc1e3003049a7fa643bf8d9967db6746424a15f,8,1,0.037000
0x4615018c648879923f2f059e57f753648a2ab723,8,1,0.035000
0x32139943ca3585676ae9bd03ae6c27fbac473484,8,1,0.030000
0xb1dd665de70971358d310ffb449b077e2497150f,8,1,0.033000
0x183965b47440d67481c5b4698e6c1b71f6b93906,8,1,0.041000
0x5c2e3ccb3fbd837ea899b42feab1d67e9d575b88,8,1,0.032000
0x4959f1076dea69e05b89a73e7943f09aad64a3f4,8,1,39.320000
0x5d91ad1bc77aa0dbeeed1118a73f47cdee0f1bad,8,1,0.031000
0xbe9970bde2111f1c7ee114d417363e2a5636e502,8,1,0.035000
0xa68018f76007eb922f68300440c579510bdfad4d,8,1,0.800000
0x561f2804f70ced769482a305331b779e59ae6377,8,1,0.040000
0xbd62583d71ed52f89f8a6798a49052f5a8732497,8,2,0.022000
0xfa2157d7fc7f9c2a87f892ee9504a0004dcb193e,8,1,0.043000
0x3ac4fa4250f7452ef2bebfe8d87b03402e696852,8,1,0.800000
0xfea0c25f58689500be2328a6bccaedd4a460cfa6,8,1,0.031000
0x843bc0df0bd43bcf1939224bee9ef3623b88a4a7,8,1,0.000282
0xbc2eb44fec351eec03cdaa5748a1404f9001feb8,8,1,0.034000
0x8edb1ed79864db1b51037e6297eb592aeb9e6fe3,8,1,0.030000
0xb8c28b2dc277edf6b41cc0f8864e9ad2f9144816,8,1,0.036000
0xbe1ecf7905e0d44f6afaf039f17ac58639b310cf,8,1,0.016000
0x0184e1b55315c9ff906f47b244a13aba3ad71fa6,8,1,0.064000
0xf503ac6e6e6611a19b174f9cf6a3f49be615e4ab,8,1,0.031000
0x4fe21650bee982ea1288bf2e927ec24cd1c8a3c4,8,2,0.042209
0x62422ce703f024959b64fa922a8eaf6cf4058a7b,8,1,0.038000
0x5f9ffd6fa6c46a52884300ac942885291cc3438d,8,1,0.080000
0xeba70b499937a33427a5130205546679c835b69e,8,1,0.033000
0x17360a4564725435eda6a03c69172d60253fd4ce,8,5,0.065200
0x1d89b2d4fe209293617f38a33e33dee56ebd609c,8,1,0.042000
0x8b051dfd4288d003727559996bd1f0719e88e344,8,1,0.038000
0x12c93ca6a4716c4268fe574efe74997c5709c3f4,8,2,0.030000
0xf99737bc6a23789d8724f01bc721e45eef132335,8,1,0.031000
0xfcf37b44fc89e9754b01528a94515e801b466de2,8,1,0.042000
0x65caec92ba53b9678b8abb66e8106f2fe30ad203,8,1,0.029000
0xeb0750fffebc1977d2e9265f1510e253addf8037,8,1,0.042000
0x399118c6fb50917b560b9d70f3f7a0001e53b64e,8,1,0.034000
0x134727c547fcf1221f8194afbb67f79656d96fbf,8,1,0.039000
0xba4298178ccfe417e7dd55ab41dee96994bc4772,8,1,0.036000
0x7970b3b1e2579ba42e3b8701e5a2c8a4b04f4798,8,1,0.035000
0xfaf997e116dfdf0aa0562fc12934b8de4f833ba5,8,1,0.036000
0x86e025400d42661dbf51d69cd378875abc408b1f,8,1,0.028000
0xa6c456e8ffe8bbed538841d91b0f322e3b18f2c5,8,1,0.038000
0x4644a999f1d9f7d0c20fcd6b0bd625c14706f727,8,3,0.072000
0x742e6b9274a2563f629961c239b3cf4f8ee122a5,8,1,0.031000
0x489f51f093caade64f97c3947f841c533ceea900,8,5,0.132000
0x1b723bfdb17ab26aa301719ee0841b2cf0299fb4,8,1,2.600000
0xb14b5476f93820c27c0ef2f42f195e910201b738,8,4,0.046000
0xb89400a863673bb80d408a522de7ea365574cc32,8,1,0.041000
0x9ba85a4ac1c3abac403efc386336aae7b8e80f49,8,2,0.008000
0xfc5b82942c9daef5c0146bbdaa38ada7999b0513,8,1,0.033000
0xd4e12b1f36581951defe3cdbc90c40b36cfd3ff7,8,1,0.530000
0xe68a222f45cff0297aa028ccb134873416f91cec,8,1,0.200000
0x4807c2fdf6b6f06ffa986585fe2aad50de2c5efe,8,2,0.330000
0xca2a2913544847ddcf8b7797975741936ce9817b,8,1,0.800000
0x1eed1afa2b5d143d689951ceb94803087cdf27a6,8,1,0.036000
0xcde437784c4a92a7a4dc69e35b7dacda866cfe41,8,1,0.000256
0x1bbbe009af2cb0c0eb6a4e7da2ee439c91f611a0,8,1,0.036000
0xe72a55ad194937f2150b70322159432c2227d4d2,8,1,0.044000
0x8ef75a747bc1454ccc2ae802ccb49fad57ea3214,8,1,2.000000
0xc40cc349c6d8d41b51f7c49e9f682e44a9b570d2,8,1,0.032000
0x42069b54b700abf5c26151f705a4e75351e06c5f,8,1,0.031000
0x8768f59a2309638cdc8ecf0bbc36a47a6f992ad5,8,1,0.030000
0x0f17409ca187d91f43fc0489907de2ebfcaef234,8,1,0.034000
0xfeb1ecfef4d56d45f31e60d5210f9a4a2833f05d,8,1,0.530000
0xe15d737b350f605bff6d8e35a424b0f59eda4136,8,1,0.034000
0x1d4f716efca399cdcf9def03366e7d02b6d552a7,8,4,0.059000
0x3467d26a55cbca84c3267453047720ad2646b9b7,8,1,0.026000
0x20b8bda8c59c3fc3fc3fdc47367401ac93e7e49f,8,1,0.038000
0x471d0e0cc37f6c084c82b486a8b57428522103b8,8,1,0.028000
0x7cea8450de26506d8b3293cd85907a9e620660d1,8,1,0.530000
0x55e808caa89171e6f1dff38cc6caed718de15508,8,1,0.025000
0x0e6d758e85aa8f6fd052f73e68e4df9d79bfd1ca,8,1,0.033000
0xae5ae663371256c4fbe1fe4fe18401e5725b3fcd,8,1,0.032000
0xeb32b028a75585bf66f62b6e148b62d7b506db5e,8,1,0.039000
0xc499ee85696dfe21e7f9a863613e0e5402808284,8,1,0.037000
0x0a49a0f022e4d228782d98360baec297de87751e,8,1,0.031000
0x5165a075ec3b63af867ae9ed1cfa9cddd5023ae1,8,1,0.036000
0x76ecf3983f71f397e31d4645eaf8a493347e7ffc,8,1,3.843939
0x8f548ca56896f93f4ace58cbf4016e9c70f6a6b4,8,1,0.032000
0x9abcd215d0e030ac87e03a89c50e13addc08161a,8,1,0.022000
0xae5436c988547139a7f29823d2cad414767a7a6c,8,7,0.029000
0xc4aaf1c4fadb55f75450646e9fabefae6e8462e8,8,1,0.047000
0xc936bb1a2d3452914c162f6962dc98cea450b03f,8,1,0.030000
0xbbf731b7cb5f8558dcc9bfa3034985204a73685e,8,1,0.044000
0x7f9a476ce06ba35fb4679857e1514d888bdde93c,8,1,0.037000
0x7feb7e681f55028cd722f624d4b4e4d0683025d8,8,1,0.028000
0x6b6e301a94c141c27820d0e814aa42a0e704e912,8,1,0.036000
0x46beff3e6a19e56dc94dd3a53c40ae184abf126f,8,1,0.037000
0xf315338a85fe10d15c9cbd1942763a7ff5cf5a0a,8,1,0.032000
0x741106374ec4af1d1e317ae0a92cb3e2664bb7ca,8,1,0.042000
0xcae5c62880390feb026183c6ec079c956efd5911,8,1,0.035000
0x7c0b1a9744ea20ec1b2378e0cd5ec1bb1743f778,8,1,0.040000
0xf8bae63d2a93dd7638cb985555469dad871db2e4,8,1,0.038000
0x1ba681f2ce7761e4edaaf84f77a7c9bd2e0cf193,8,1,0.040000
0xee4bf8779a3102c378f19b5b9c553fd93e9a200f,8,2,0.037500
0xf8a75af4ac0688211dc48aebf9ea5f2f8fea22c8,8,1,0.740000
0x3a823ed489485360f53e50794189c496354fd36b,8,7,0.037000
0x000b22307b8a6850e2f4ecd0c018a87a3649e0c3,8,1,0.027000
0x7d248315f73b9fd0ff94bd2d57d1aa12cb592aab,8,1,0.036000
0xc4f7e61374cd08aa3cbd116d6b36b411e8165237,8,1,0.034000
0xadd7eae4761d9bf86e0ee14d0a34350842969071,8,1,0.029000
0x0c3985a00075080ab0ed429465ab5f7f33e7d041,8,1,0.026000
0x81d5dc6bd542639cf4ac33fb69346e331afe5503,8,1,0.026000
0xb512407e448d19e5f4e3ed3258f170e62df14f81,8,1,0.036000
0x763a9347473c67e414c2f3a66bbd64ef1ac677ca,8,1,0.033000
0xfd41815cc4383187d401994c825be96b85828b6b,8,1,0.030000
0x005582bca8dffc3d54bced1e74de18fe1980dc06,8,1,0.029000
0x670f8e7c5667eb76ea2215ac1c6f3cdd8c5884f9,8,1,0.031000
0xb8558a6f4f90119566c5e43cb723d7fd8f401757,8,2,0.401000
0xeb61e002b5aadfbff3a568974247e304775b2ab1,8,1,0.035000
0xc890009ee8c6f02bd237fe8d035f6cd211c6eb40,8,1,0.032000
0xdd8012db05c3a5b733f32e94bc4b51f9d14c232f,8,1,0.035000
0xc417287db9a73fbb0f47189676adf62b361f2f70,8,2,0.013000
0xa4aef82b60c7e25b4ef7e639866af2ca25314ad8,8,1,0.026000
0x9721db411efcf8e8b92c00a4d7b069c6a4f04161,8,1,0.260000
0x4d6823b083a7d03bce47d50e224903016353b6c8,8,1,0.160000
0x4a35387ee69bd7e1a6649557a7579180ea3afb99,8,1,0.560000
0x9d46d5bca27b452ac4c74ca610bbd04610696622,8,2,0.037500
0x61f707537ba29d92813517fc266f34cfe19beb1c,8,1,0.035000
0xc0a2f5994e4827d7a3a36a32afb588871c5a4a38,8,1,0.031000
0x773f383edbba282f20d8952265cb1e2e0259db97,8,1,0.029000
0x6726be9fa473a92db2a5d1cf40c28efee1b7bb2d,8,1,0.093000
0xd5cee93bb668ec5c2af8389417826adde55db8d9,8,1,0.037000
0x81b50301d1cec1cbffde77b36d5f93b3230b1761,8,1,0.033000
0x6518a7d226b4bc0c80a1c054c451357147994cdf,8,1,0.039000
0x585e99738d4d88c64351f8af0527738cf7322f2b,8,1,0.041000
0xdf3404c28c0c4ad5479460d20b827c4b975ebf8e,8,1,0.034000
0xc84c2329cb96a2dcecd582650f118e3693badf9e,8,1,0.029000
0x0ea80a1b0cb0e8b06b95efc4a7798384fed2bc12,8,1,0.024000
0x048a2d910d4793b5c06625f19a8c4ca97f34511b,8,1,0.041000
0xb4cf6af20f7b3578acdfc2d76ff2374d35ef6ef3,8,1,0.036000
0x0b9b7fce7dbfbd59715780b9d2e10b8a5251fb0e,8,1,0.027000
0xcca50fbda5c216ab2c7c47b252addad0082c4a6c,8,1,0.022000
0xc8259b3e9a94758f1c31d1a1340dc90118409409,8,1,0.025000
0x22fd42e73f23673b4a534adb8ff7ee2acc17ab5b,8,1,0.032000
0x73f8a0e1119d0ca9d393915c9a0f9cb196407bae,8,1,0.025000
0xad31fd6d8bbea69c09c3253f0a2ce35a3f9dfcd0,8,7,0.056500
0x457886e6400a16584dce1cdcf9c2c6a827d425aa,8,1,0.040000
0x243dcc974437fb36397b3a7e1bac30bff261e5c6,8,1,0.031000
0x4e3ae278f8aa71926b0efe26a1827d0f8a1eb7f1,8,1,0.033000
0x1d036febe69e07509f2281ee420c5abec3d1d776,8,1,0.036000
0x14c0d463e439e089ddba4274fe6c928bec29e7db,8,1,0.037000
0x801e41e4713fcc95c7e8a655c2b470dec7393c95,8,1,0.038000
0x848e8a7cc3242f28b071355b72756242fa428e2c,8,1,0.039000
0x66c3880b891c46c28bfdef46fb9fe78ecc42cb41,8,1,0.160000
0x4cc9054ce6e614d1f271992c7c20402358fc37fd,8,6,0.050500
0x4e328d34fd4d376139ddaedff2af0f79fb487132,8,1,8.870000
0x7e2e0c232ce3bae170ac6daf7dd3788f5242fb2c,8,1,0.045000
0xc5c2c52b35b3c1212b2bda3a4d9e289a9a2a45af,8,1,0.024000
0xb91798b8c8d18f23306ac80a46990d53041076d7,8,1,8.000000
0xe8b8128ecf9ad7a4391778bc2d5b27a7cc9a6add,8,1,0.031000
0x63f7f1b1fcc35155682e466725629814310001a1,8,1,0.033000
0xb787a31387d20a508120ea551f702a502b1c1535,8,1,0.025000
0x0f3fd3da3c0e7da79c2be10d8dad0473591ca88c,8,1,0.037000
0x3f008597446c6012ce2182919433401d5df2b918,8,1,0.034000
0x1aaba3c158edf07e14f25ca8262a95fd20e1d74c,8,7,0.049000
0xa4e1c3b1843f315b932855df0dcd56b15041a4cf,8,1,0.035000
0x1aa0bce1c46985b2e86fc7fec8424ca8ca8b895c,8,7,0.053000
0x249e983fcbcf78dcfe165e5f26801e25bc0462e2,8,1,0.038000
0xb08143b4b055aeca97e1ad0038c6929d99f1dadc,8,1,0.031000
0x7ec2062d5931935edaf28238fc8cea34f348297c,8,1,0.039000
0x32797e92aa637d885a470cab52b7fed1de33b8ea,8,1,0.080000
0x91875914e18a8a50e31b06b895fba848a5d50f20,8,1,0.035000
0xdf61774324a002fa974045a37e4b25affd88139c,8,1,0.037000
0xac04a10118b57cf8646f522e2a4c5ceddd3a298a,8,1,0.027000
0xc41b765dcb17941eacc5a8254cf4958fabc70f29,8,1,0.035000
0xac177d560f4dcdd3bf0fad5763e8e04b1b00fc14,8,1,0.030000
0xc772ac7b6999f0f4e2dfa0e31a5f289aa87ebf1b,8,1,0.042000
0x9183b1b91f95f18ba92d05298560976ec2722354,8,1,0.041000
0x12495f41b55a60baee99bd459dfa8d533d752c4a,8,1,0.032000
0xb9cc05d5bfbe5d58c2bd84cc9058037f61e68b20,8,1,0.045000
0x90fca032f16a0143b5cadebc37c0d2d4c8852a77,8,1,0.028000
0x67b0c90ed8151039a111f079b4a49f71c101ef94,8,2,0.080000
0xb53a452889179eee3a2a56ba2e5a874dd9f1c87c,8,1,0.040000
0xac7906e92a2025f46d4f0e47e3c58db76ab6684e,8,1,0.034000
0x7aba9c61a993d9b2c595dd9eb3d1dd7733ffbc39,8,1,0.032000
0x4cb67479f4cc462c470556b30b5b422f5aee3710,8,1,0.620000
0x96c254442d7cd799a3ce6d46ceef6bf0055d7ac1,8,1,0.034000
0x22a48c0b48d1285b5d821518f08a8734e2a0037a,8,1,0.029000
0x16a1a0805a84fad870534f1e4ee505052aee18eb,8,1,0.040000
0xc73573bb893faa797055bdce0ff826124ea071b5,8,1,0.025000
0xa26054a4188e6d5c31a4dcdfca27b0ffe247228d,8,1,1.000000
0x074b2e53fb2eb8b8df39be760260f63bc7fff141,8,1,0.080000
0x8348643ff4250e73d8d6e9b1c7d880496897b736,8,1,0.020000
0xc70b66586926441524877cff788b972b9ec7b115,8,1,0.037000
0x69051797c2e0fa3c0a3c005b8f57139ed8d0d729,8,3,0.048000
0x35ba1e5c0a7cab0336f0a06bb52552510ae1db12,8,2,0.026500
0x5129875b5aa63e3fa8244d6f8d8bcf9c7298eb55,8,1,0.026000
0xd640b8190f3300e88150bc9098a9189cb6aee81a,8,1,0.041000
0x7e81988b7187eb3c3a65229bb1536fa1039234a7,8,8,0.054000
0x15ec1aa3928bdae7ad042eb41ea5fc6fd3978afb,8,1,0.034000
0x4f1f06193ea77bf9c2b6efa0eba6ee7a5cfc29f8,8,1,0.039000
0xd64b8f58190dacc925c91203a85fd8aa45c1c845,8,1,0.033000
0xf570ba7aa41c27e719b93a8cb63cc70e96610f87,8,6,0.062200
0xa9e532e225117921708287259fc3fe5ada068b53,8,1,0.480000
0xc47d23e90d323fde8104e477143f6d40dccd45a0,8,1,0.033000
0x2672492a3b9198848b8b00284749552c2859a712,8,1,0.125000
0x5bb2f9bc1197bde42017652688a643e6643033ea,8,1,0.048000
0xdbdab8767160b1f2cbe38d2b562a6c2b2ede7932,8,1,0.036000
0x2ef830c1651b4a6f3391375e18d97b8cd5824a7e,8,1,0.034000
0xd0c9d2cab1c539064ec8957bffc6527d434cea77,8,1,0.028000
0xba4dccd189a96dd57c62a8a927c519ce88ffeca7,8,1,0.170000
0x3ff899b48d7cd04126eec38408c81a085a18796f,8,1,0.030000
0x654f72d93a1a4d4dd326c4fb7213bf450a80a4f1,8,1,0.035000
0x6d449cf31321b0a7b73c11e61f951512b74ba406,8,1,0.030000
0x3a2157ff7b760b299a66afd29f774d871aded912,8,2,0.030000
0x995f30f1a0fcdbf99567b46a3f4187de952d58f6,8,1,0.035000
0x41296715764b357b279048ec8613034e6da41b26,8,1,0.040000
0x054e658272639fbbe7bfca16fdab3b69ea7ac22f,8,1,0.034000
0xe4223cf277264cf0ad4542161b9d03ec038836fb,8,1,0.034000
0xaf1f8d9760cfaa934158adbeac182e16862823cc,8,1,0.029000
0xa558335bb60a1dc996e681848f8fceaec5d4ba97,8,1,0.037000
0xdb769f98624a231f7f5f2da0c327f73fb2236d54,8,2,1.670000
0xfacb36c4122211f4d4a2adf58ac6873a9801ef5d,8,1,0.040000
0x54e6eb5e9a8e289eae9e108a1c374d89e34bef06,8,1,0.160000
0x471042c110cd5eb7c673ad9e80ad818234628f35,8,1,0.040000
0x3c02401b472d7acf06852fa875f4d4d26fbc8206,8,1,0.036000
0x18a0edab1d293a29a10c0b81e1aaaa749c9ade99,8,1,0.028000
0x40264d9cc48be453ebab4a2bfa87e65e1c37ba60,8,1,0.034000
0x280c1bc8061f83ed137fc20228d4c51f55851e22,8,1,0.034000
0x8c7216603afa4099a4ab6a7a5d0d55a697c9c74c,8,1,0.480000
0x206ce23c218f7b3bae38da52f08e858b806b099c,8,1,0.036000
0x655d656775ed2e5d4b25ab61419047f7363027df,8,1,0.035000
0xd28e383ef4dcba692ba46f9e299e4ad4c9c98103,8,2,0.570000
0xa59f5d00328efa1c30cd3626f3da79315032d2cd,8,1,0.014400
0x6d0d38240f3cf768f994201f05b6a77ada5afe85,8,1,0.036000
0xb05bacb13845646bcc25eb6ef22336308f5d0d51,8,2,0.040500
0xbad023cb6546e15c19e8820278f76fc9dd906818,8,1,0.035000
0x8df26a562818a887320752bfc390fabfb42f34cb,8,1,0.049000
0x23fb8ed03424c10eff5c133bfdfaf27d9141cedb,8,1,0.030000
0x10e0771c6311dc4cca440527d0ee0620772ebb06,8,1,1.250000
0x341df56b2fd1ca415f341264038468c7a5b21bc1,8,1,0.036000
0xd7400750c48993bf1ec8027942fb7b09f5fec0cb,8,1,0.031000
0x3ab8adfd70bd086e7a422ac7ab90cf0ef3fab795,8,1,0.028000
0x6ce70c3a7ba5dfdeb250a89350639d3e37b44da3,8,1,0.170000
0xe10f1c157c7c706c10269b05d1e93bbc71f5af21,8,1,0.050000
0xe4b3fdf802c64e89b5c88fe8d1e147291518eeb7,8,1,0.036000
0x991b117689d0a83211cb9bbb4dcb03288cd0ee73,8,2,0.103000
0x4e2e255731290cccdd0615f932707191945d0221,8,1,0.033000
0x2daf6d3bd508332b0f154ea96163b9147951278d,8,1,0.038000
0xecb8b82ede97334230a60ddc5efe3840f1ac785f,8,1,0.056000
0x9918f94bebd5590518ba84f5b40bfe925e825ca7,8,6,0.069000
0xe4e6dbfcddacc99e85d5c749a6ada37b4eb18313,8,1,0.038000
0xdae3b5ee4b0e4c411f8e298f482f0290af884b14,8,1,0.043000
0x710cf0f14bef66fa3c312b79b0e7e5de5bc0984e,8,1,0.034000
0xaa24c0dde6c8d86cfa8c40c4b7917179bbb9af95,8,1,0.036000
0x6f30cca6ffdbb0a3002380ab12ca4c3df90f05bd,8,1,0.030000
0x75e57be020ed7d90506b0dbeaf1f257a451a519d,8,1,0.036000
0x0f211f0aa0f5556521bb89733e620cd21dfa0b0d,8,1,0.037000
0x0587761707175b28d225d1a6cb81d0641b6760da,8,1,0.038000
0xf738519bf9966a541f376a05f49df5821f0efc52,8,1,0.034000
0x05f8219da38f971d1e34b153543f4806fdc6ed41,8,1,0.000290
0x566890cf3ac51384a0c42d9f8a1ce22f6ac8522c,8,2,0.038500
0x98dbf9f9af3eeda45e093ebc801e1df84485efc1,8,1,1.031000
0x261e5a5014011936e50b1dfefc74d16712311394,8,1,0.039000
0x3d67809db4cb9a2a592649cf0138b427b6a50cbe,8,1,0.320248
0x78c8677f8635768d6e2499b98b39a121d6879025,8,1,0.023000
0x577124bc9f5675e2c822954990f28f10bd1cab7d,8,1,0.035000
0x11e88e6036841ee7b9de70ae8c6aeaa1ec59c90b,8,1,0.020000
0xaefedd4e766b6ad3f505ff622a26d6ce6577c92d,8,5,0.048000
0xaeee4c0b30703416b08b0c125738238d2b717b51,8,1,0.037000
0x7150eadf49cdcee98a3567df0d2a486a3731d1e0,8,1,0.030000
0xd1ec276ed2a0e85da5702adf93267d3a2a3dff2e,8,1,0.028000
0xd819bc2a7e9d44d544a8e00bf2008f4feee3bdef,8,1,0.600000
0xea0d60a632f09940a7e36dac528d1aa7ef5dc46a,8,1,0.027000
0x48a756fb0e1c3e7475d29d0209dc5e9cbed5e993,8,1,0.029000
0x329f0eea7a16f160e529d7e2103b9d15e7f676a3,8,1,0.037000
0xa3dc2e49e44bb4af897308fd104547c9f6e8eb98,8,6,0.041000
0xcf615b08bb58b15e2bf8c1805fcdb836577215dc,8,1,0.040000
0x0703474f1ed0f18a291c918025aa24ba9773d84a,8,1,0.044000
0xe0517b13529687b21b0e133380d0814ffc124302,8,1,0.031000
0xcf4c8145ba826cd72694a5413dbca12fa554a9cf,8,3,0.598000
0xbc0bcf29e230611f663c93e3f3fd051890ec885d,8,1,0.038000
0x4e9372056714743163e5d23972de3fcc19dc91a4,8,1,0.035000
0x5b86e3fa6f6d904518688bf272606f73d2ab5710,8,1,0.027000
0xdd42335ea5a902dcb9401848d08278adeb2fe078,8,1,0.030500
0x44a0a86562bfe8799299962b3cf5eb73e303f10d,8,1,0.220000
0x12e8bf4b5bc10bf2cad362a871acb6d66773ab30,8,1,0.032000
0x0bd01880ce3609e6b52058269cb4950705129c52,8,1,0.041000
0x38b1256e805f411501c54ad3050064ff42c2da2f,8,1,0.047000
0x00000000009726632680fb29d3f7a9734e3010e2,8,3,6.992760
0x2c959ce35e863751a821b2d3d2b6905fd6a0fb66,8,1,0.080000
0x2aff4620c3e201172046e3b610df6375d1e0ac92,8,1,0.022000
0x71f3b73dec69070a1f70fd3f53319d8155e5e07e,8,2,0.032000
0x0c6d126366716b3c822520b0e16344b28b0c76aa,8,1,0.034000
0x09f5581e78e13b547df217973803dc4014d07640,8,1,0.037000
0xba549fe453f7bf13f4d2c336ed8d220c6217044c,8,1,0.042000
0xffde406d31e99c43b369b9aa3a0c3d2245c8a1cd,8,1,0.034000
0xc0b4ac78a4871eb14e70482cd9e4ee291da9506e,7,1,0.028000
0xd3e51bf7dd0ff541267944741062d3f0b9525122,7,1,0.030000
0xa34b8c7a8c9f98ccae264df04c3e1cab1bfc5769,7,2,0.140000
0xdf0cbf7b58d1ecd8de0e504d0c1653a833e68405,7,3,0.630000
0x2bc6fb9056ee09d019ec26b4b438c19e69b41565,7,1,7.000000
0x9c50630e2a5e616d7fa1b42083ba5a5356926a90,7,1,0.030000
0x9c7559d203508ca87f4a875f129cfb7cd561490b,7,1,0.030000
0xde504afea2fbba310ab2c39134c129e70d813f9c,7,1,0.035000
0x8992d58c26f938b10696c04d818b42744d4a246d,7,1,0.001050
0x463bd8f1405df717faa2b0b98bfea29ebe0a156d,7,1,0.035000
0xfeec35b8c2de33f288fd5f7c4f3c947df4a3799a,7,2,0.029000
0xddc6cc3e4d11c1f3527b867c7dad4ed9869c33f7,7,4,6.101670
0xddbbc705e19a236e006256295449d2415ea2fe6f,7,1,0.027000
0x2bf4387f2c78f8d44b3c9e3ca6c81e901c371a4b,7,5,0.060000
0xa27f37a34f4652b34931a786c989981a110f8c11,7,1,0.035000
0x9cefebff71ef90afc1aab741bf32f93d95dc4a14,7,1,0.033000
0x0c45b6829cc87cf0a23cfb6686bed62b00a45169,7,1,0.023000
0x744cdaf6c1ca7832f3037256e01c2912f644702d,7,1,0.028000
0x6fb57f60cae253df651bccfc72078eef99bbac9c,7,2,0.043000
0x531f2f95872c685ec170a19ae545bb3dc1a84094,7,1,0.070000
0xa21a01bb635d9432b4626e60932b41655f5542e7,7,1,0.031000
0xdd0172a787d5a2c46b0a7f699f0c0a1a9dd3b1d8,7,1,0.027000
0x3e10a2d14788d917a4fa181efa45f70187970973,7,1,0.026000
0xd5b05506f772a3e32aa9f9d600cda954b5b3e576,7,1,0.028000
0x0a1bc11f92b20930c0c8cd8345b9dfd280723361,7,3,0.040000
0x9df4ee3b8899c6991cc8fdf501320587c2c9871d,7,1,0.041000
0xa13bfede92c0dab317c9dc8554d1d5c3c1d43fcc,7,1,0.430000
0xb8e59a0b203cdba51f27c070768b5d1471d29b7e,7,1,0.256000
0x3d90f66b534dd8482b181e24655a9e8265316be9,7,1,15.949703
0x6412ab98b863190b8b87e3e9a3926e7519cd25c9,7,1,0.028000
0x54dca57c1d3cd9ce546b7c6785e2fcdca55f68d5,7,1,0.035000
0xa0875ed9f6e2204e010a065de5d4b26e5ba0a648,7,1,0.000070
0xb20d90f1044f40456e911ea1c688b78d04a3941d,7,1,0.025000
0x54b5a8a2b9dc1bf7595230e5334e292903fcf889,7,1,0.031000
0x54ad8037407c5d9baf05a4d8ea60f6990ca4fb30,7,1,0.028000
0xfac5eac2672ad2fc2de79006980a125f97eb32a5,7,1,0.035000
0x18aacf494815e1a477bb4cd036bdf7ddc905a8f7,7,1,3.275300
0x08d26f1e2eaa8fe4a58b1f6bfe51cf5f549a7fbf,7,1,0.033000
0x13645560dec8b439b745e0c5e0ec6a0f4cab0892,7,1,0.037000
0xd8b2c3496905eb1ccf7958b6f0da77699c802445,7,4,0.075000
0xbe6fd18ec7809da6bdeb925d7a0a84132acc71ad,7,1,0.031000
0x4613ee99063c80650e40c47bb0ea79bb47c3df1c,7,1,0.030000
0xfa37ed8cdf96548203ebbf78a4faf15b8a95fbaa,7,1,0.032000
0xfa37dd9b7887c0ccf47fa15d045a0ae3ee5b06a2,7,1,0.210000
0xb8d14048e84b584546380e8f13ca9923d11cb29f,7,6,0.037500
0xf9f674ae81e9c290102d6a3bd4444cf784425835,7,1,0.029000
0xbf4bb928a720e34c6cc681f6e33041d05b4cb8cc,7,5,0.036000
0xbf571cd27a05329c59077476eda7aec06375a619,7,1,0.026000
0x8b68fda5ae95d4c3cb32cb16f7f7a36b48d44ad3,7,1,0.034000
0xffa0eef493018aead5d0ee02c9fce7979a906b19,7,2,0.033000
0x649a2d59d9394ebfeead88cb38c48a0b79e135e2,7,1,0.250000
0x8b8458fbd347cdd64e1b18ef9e8bbc31aeac6a71,7,1,0.140000
0x822668cf6d7a74c5e9b07c308cf1cd34b292d32b,7,1,0.070000
0x27b1b8802b6274296bc94a582898e4f54cdef82a,7,1,0.354000
0xf910d4bca3978b738f7dbd051a58bfbf7f4e94dc,7,1,0.026000
0xbfd1f31085e4ee9bf2d921f869236cabdc6ed496,7,1,0.023000
0xbfeb2fceaebddd12aed81544bd0e134906a2d85d,7,1,0.026000
0x8bc7800d1d663d01f8b304f18cea126f1fb9113a,7,1,0.382600
0xf88e00242daaa73f434363745d3139b50c76c6c9,7,1,0.038000
0x037b77e2c4c55f99eb80286ee8cfc49901b74448,7,5,0.020000
0x0ee596efc2c2e60ede7c272fc4a87de5d76fce44,7,1,0.030000
0x35b22bc457ae717629a40a4e2499e9aa1e143672,7,1,0.001300
0x8c5da6760e4cad174bfb11830a253f67678f783c,7,1,0.732600
0xc16f9ef79bccfe7f9fdc46aff7450958df2f6dc8,7,1,0.032000
0x84cc1fcb53330ae136ff85970159726e3ce6c21f,7,1,1.830000
0x8137e68afd118371d59513cb3d4e3b0b1d552da2,7,1,0.037000
0x8c89d91d1de763506d17d7cbe4e8a1225335c857,7,1,0.025000
0x4536b62577a8e277642fd765939420393f289fe3,7,1,0.030000
0xbab0212c423c582ec2f92eeb98437ae9b10bb446,7,1,0.024000
0x14e0f0bfbb205addb3627302cbe51a46dff9dd66,7,3,0.270000
0x8d6b6cab488a77cf03898bbf58e2fe1673f53ade,7,1,0.021000
0x65aae6c47e8a802bb7f94215b014cfeccdb3e812,7,1,0.030000
0x0a7e9e9c3d28277f8a3c8fd9f02c8363a08c9180,7,1,0.025804
0xafa4a33a993fc693cddee5a5557cb73e2b22e5f9,7,6,0.042000
0xc29e61c0db6d7539691cd0cd49b42d5492c503fc,7,4,0.030000
0x2570fca3266774efce011c89de1136be11d5d20c,7,1,0.028000
0xb6a444e995d0e9c87b36eb070b4d4e49066135e2,7,1,0.098000
0xf5ef9c2a4507e5ffe02c54352c62cf01b58f2d38,7,1,0.021000
0x44c517667349aa16819f81eb4bda3b8bebb28167,7,1,0.032000
0x285efbf9037fcfe2933e9d072d3ae21ac6ab8f1c,7,1,0.037000
0x5be9d1efbdfe39c91f21db4a57a78461e5c67dbb,7,2,22.800000
0xaf2ff783d91928cb5100655d948adfe685fe8427,7,3,0.095000
0x661831d8b37d15da06497e0dfd69bb2c88ef4ea2,7,1,0.035000
0xc391f02ab115d329fdb58f9cf8b1e9250a4c63d2,7,1,0.028000
0xaeda275bda8b3e496f471067b17d731f5f80b204,7,1,1.750000
0x66456a9a5dfc0f25e349e37907e72d533a57325a,7,2,0.048500
0xf4e08ad9c45e53e59fe4098f7a3b4add3f885d83,7,6,0.070000
0xf4c1fa0d1f965f7a96933c77d98c4935e48f553f,7,2,0.075000
0x30eb7a221014cba3a4cd4c8b1cb77db7195d9620,7,4,0.050000
0xf47e3eb4fe36cefe1862fc85d24134ba7e643cf5,7,1,0.032000
0xb80230fdb35171a0dff6f5d1476fc9b5bd7cf74a,7,1,0.028000
0x7fe79600d7c2ad2ffae20845a8ad5b52957ba857,7,1,1.100000
0x66b146a486131e064e519f6dead33dbe90424681,7,1,0.070000
0x28a79e00ff90070334ab40bac771b4cdb4bfd62c,7,1,0.033000
0xf3ca87b918ea15aad1cadf6544e085c7796b1785,7,1,0.029000
0x4bc946e9c8e4db24656f5f67f9cd449e3d36a5ac,7,1,0.029000
0xb7f5b946e640eda56ce8da7859f217ec7666eaf6,7,1,0.023000
0x4be07fb49cc00cda5a2cfb9b930b5f30665192c3,7,3,0.130005
0x5b3622984ffbcb8d2303a31767adde436ea2454e,7,1,0.037000
0x7f91cdfa9e2a43084ca91e708230de6337dcdbd3,7,1,1109.584439
0x5f365000b9249e1c3a57bf15abd51a229db23573,7,1,0.390000
0x7f70e5bf69523aa0265cad83f72fd37b9426570f,7,1,0.000016
0x6118983ec1b991098937c46e5814683673845641,7,6,0.029000
0x3485ef2081ebc05ece2f7d3e5862878e6feb73d7,7,1,2.073126
0xad8caf1dcdda4e813c5ffbb3e36ab95ca3693b99,7,2,0.042000
0x5af36f3a3fe40324fce528621e4e679333f3bf1a,7,1,0.027000
0x1aca5f2dad98e02a81dca96856a76da8c34d7576,7,1,0.017000
0x7f4b675695354e89693708c311781c653516c8f8,7,1,0.035000
0x4c3ceead4cc221450450f990055debd29a131290,7,1,0.025000
0xc5836235bb1a0ff0af4daf05fa921db07f62019d,7,1,0.980000
0x0f27d81a0cffb97951c6f8521a98ed29bf740cbe,7,1,0.380000
0xb7a4d77756958405efe29fa8d8f4a71520f77da1,7,2,0.011000
0xc5b39fb47a54ba577a8ce28928e07f0cc675cbcc,7,1,0.023000
0x5f1bf6040bbf8cda67d0888fe3dacd5e3cb5d384,7,1,0.028000
0xf18a9c4723c4807fb5d5aaba5744d619fe4b42c7,7,6,0.057200
0xf16f5b665576dafb8dd96d73e8cd3873e826dcb1,7,1,0.496500
0xac9b8d061b1534b8bfa5ea5603bd628857e71a02,7,1,0.021000
0xac9328ba32d783e6d85af8a849e0a4055279a2b5,7,1,0.070000
0x67b4b456894bc9b244ffc671c80f374fa5023bd2,7,1,0.031000
0xb78671e5c716832d24bfcea3980b7018073e2a1f,7,1,0.034000
0x15e8c0d6deedeb2dcedfaeb266aafd61290845e7,7,1,0.030000
0xf0e8c76ae405963dc49aae5806d71c3fa3a709d6,7,1,0.070000
0xac56ca125c3b4ce60a230e8f5e9365c6dd6f2f69,7,1,0.023000
0x5f06d83b09214583370b9daf167d9481a08e463f,7,1,0.035000
0x433dc5e8092e540877680224f0bdad046c6766fa,7,2,0.469800
0xf0974e846bd6c20bed63c789c276e6921f34359a,7,5,0.041000
0x4c91c7e10c10b32561c4191e295a635513e7ef5c,7,1,0.070000
0x5aa69dc9cf4352c84835ea131b61253e8762c9c9,7,1,0.028000
0x03e882af33feb948dd816f523c8b3a431102ec29,7,1,0.160000
0xb70b6d6e56eed4d23d5b32887b5450e900f768b0,7,1,0.028000
0x62b932c5be3be48d893035c9eae124e995c56502,7,1,0.028000
0xac0ce85a538a38ce170dc0d1c11be052655df2d9,7,2,0.020000
0x42ed4ccf10d69d4a14821ef64a4471292276cc78,7,2,0.086200
0x4cf73b79fb61284200e8ba98cce421db66d89c96,7,1,0.023000
0x4d03f6a11cc28a17530148785156f109ef8c3838,7,5,0.045500
0x92180fbe2703d30c82bd20f2e0bb7e8b22aadfd2,7,1,0.000280
0x375e5c87a05b38c2136dd5803f52f71462bc0a14,7,1,0.027000
0x29e3c9e597a1b0cb12b801200dc7acc676502cb3,7,1,0.038000
0x68a14203953130ae840e37dbe3d64c1e6858da7b,7,2,57.854413
0x05e1a4f78a53bb8595facf733d52601c297f211a,7,2,0.029000
0x4d79c470eaeb9d76ecb9240fc7cc283a2723ca34,7,1,0.038000
0x5a678bbbcb0ad0cca918525b19d05aaaccba76f2,7,5,0.027500
0x2728ade5c2d84a72aaadca04212eb28b10e0a68c,7,1,0.031000
0xb9e450936856058a1d2b9bd660ebafb081053bd7,7,1,0.032000
0x934eaf1f360ff038d4f9b401eb71985a7dc305f3,7,4,0.066000
0xc922647c0f3989f5cee64ee69191d0699c3949d9,7,2,0.037500
0x7ccd23ca6f167e20960c9067628f70b457fe86c6,7,1,0.023000
0x7cbabe09687d56579b5d102386e3ddd714e587be,7,1,0.520000
0x93b8e61b3b445560a42cdaf0a1b038fc00c3ef9c,7,6,0.041500
0x3417e4af559e33a50e02208dd7c6cc6df89f5178,7,5,0.035000
0x4dac78feac55bc1657d485447da50a51f01cdf21,7,2,0.070000
0x4de63371177b9498d177ceb83483b777511c1280,7,1,0.023000
0x2fdeb5fc5d1ca38501d96872bc09efb6f8cf6873,7,1,0.169017
0x84759ca5786c5b4d08a83ca7802c519dce1cd0c3,7,6,0.034500
0x1663c83b4ae6cb34236a8e60319654c94de16c45,7,1,0.033000
0x4240a1175c5645af49a4d63f4ec9a77cd14bda5b,7,1,0.031000
0xc9ca0fb795080c591cbc45959ab868eaab1c9add,7,6,0.040000
0x0b57a0bd68f02864929ab86ba0386c00e0b06c17,7,1,0.035000
0x69c929064f3afd9f9890f186499fc140d10bc346,7,1,0.980000
0x59b0b758b39cc120d0c0448946089b0921c30545,7,1,0.033000
0xa9d50407ca12e38e8f386a404b0c22ea9b08b716,7,1,0.028000
0x2f588f06241c5dfc55541ea6847399b9755c41a1,7,1,0.660000
0x6a0724d9835766f6500fe3880876465a609a60a4,7,2,0.035500
0x484754d9a0e311c58db4360bcbd981c72a3c0952,7,1,0.040000
0x955a296e235f687d259dce1e5eaa053128d110d6,7,2,0.043000
0x41c7f813bebbb56efbdf1cd1ef929f6b100010b5,7,6,0.041000
0xa8ea8e4c963f9831a185d8bef187dbf935a6a649,7,1,0.031000
0xb950648ff2f5364c177583531ea4701e5f2e8cb9,7,2,0.050500
0xcbf336181e219e7900c1de539f85decc1509e3a0,7,1,7.000000
0x2ef8c43bf676012757e6a0ed55b6fbe1c851be81,7,1,0.029000
0xcc00d16167f716d8f64e074c0f954c1d96ce99c4,7,1,0.031000
0x7b68c061a0458b44c48da5355c344734165c5d2e,7,1,0.022000
0x964d0a7963a307865a96c270a2c5f8e8d8ace44d,7,1,0.028000
0x415a9b16db0a76f642234527670e3993effcda61,7,1,0.070000
0x34d7ee586e7c628845bfc5fa9b1a0e19c30a0cdd,7,1,0.029000
0x03fb007cf08f5db8c8ba58faed1257de74dc2683,7,4,0.028000
0x96644fa9d8fe1f702482a4dfbfdfb1316ed7719b,7,1,0.029000
0xe8ab21a236d6ddea0b4b46260629bfa08919a8be,7,1,0.032000
0xcca25cf82ca7d9b92748302cb932a04083900141,7,2,0.036500
0x6b0e54c3c549642c39437be16e1362bbfb8e9b26,7,1,0.035000
0x2ed0ace4998c3e3e42d86e3d07c139718d55b7ac,7,2,0.022500
0x97311a47738f5e185529ee528c08b790213bbd05,7,6,0.039000
0x1f56082a1208e64eac9d72a51b860bf0a50d3bfe,7,1,0.019000
0xa7b1e9ba3ed92634534215711ae30024396f661e,7,1,0.023000
0xb3b0fe9f0a2deb8415218357e2b89f87fec5affb,7,1,0.039000
0xe7bbb12e10be183e25244a4da4708003280cccfc,7,1,0.349200
0xe79161d2a44976c82071d0b9223e8343a3f553c3,7,1,0.028000
0x4683b62ee65443d6dac7f4b4bf923b149a42dd3f,7,1,0.036000
0xcd8a0cf42107c91af44474aacf64dda6c198f31f,7,1,0.037000
0xe741c47e51b4d5d6e3c35fe929cd60f4ee0ee3df,7,1,0.030000
0xb3a134bccfdbae19cd3ecf4382fa252cc375a831,7,1,0.007000
0x13fef5e79562e9c8f0c4df9ecbad662a165afd77,7,1,0.024000
0xa6dfc28245599abd5e0ea42a29c66303a380cc8b,7,1,1.750000
0xa6dbb455811dc818e5cbf1495e5a6a6773cace04,7,5,0.047000
0x6be6733735925f10db31430b6c410e0878478f8e,7,1,0.700000
0xe646c37ff994d99e6690999742c8a327d6b6b424,7,1,0.028000
0x6bebfbfb24653308579020a34d563c6f3a8a3a7d,7,1,0.064000
0xe60f16673e089f5ef5af3af700fdcbaae53d9d1a,7,1,0.031000
0xe602f8ad1a034a900fb759eaa6aa6d981c143c68,7,1,0.035000
0xa69f5333214329f8f822ceb94d33a9c2dab49476,7,1,0.037000
0x1d57f4955027c2feb03f92107603d85b0a662767,7,1,0.035000
0xcf015960d37187c90b138816bd6b906f4a0fd652,7,1,0.029000
0xcf4967fb67bd8a395ffb84c5e3c767f332c38b32,7,1,0.032000
0x508704ad78340d87ef327ffba074bc49f8217f4d,7,1,0.038000
0x39f2a232d90d632bb10b7e4cc02eebc70942d32f,7,2,0.047500
0x02880ea747d1e5e633a0cbb97377b02666893560,7,1,0.083000
0x261e1d9b748d55ee92106d3bf9d0aa2e2e592335,7,1,0.032000
0xe4a47cec31658cc9cf89bddd5e3b9b695829d527,7,1,0.032000
0x6cf7cbb2d64e733b8602806fa24b625b634df432,7,4,0.028000
0x784a8cfd0571217f236d7054e08766547ac3d20a,7,1,0.028000
0x20741be350cb0108804fcae12cec45912ede5a3b,7,1,0.034000
0x9942b56cc01c8ef461f7559b603fa439b35bd63b,7,4,0.019000
0x103bccd920d8269a62954d8903cc4594f0bdd89a,7,1,1.190000
0x77d4e2212d7e35f7894cbe591837f205819624b2,7,1,0.022000
0xe3530f93a0ffdd2f8337917c63cd84c52bf99f18,7,1,0.070000
0x0238fc6d99979258156709883089c059513e88cb,7,1,0.700000
0xe31e0a5d68ac89648734371790348d5597c5dfac,7,1,0.030000
0x1048de7441f32c387a0779265066bb5d256ac356,7,1,0.036000
0x5137acb04249aec6eda6122d27fbf36df06dda50,7,1,0.031000
0x197bdd424ea797cf3e45f0e78ccc8124696333b1,7,1,0.026000
0x3522600ac34d8fbe0b9506d91f9741886201387e,7,1,0.033000
0xfb670ac2b90c75a89c0fe9cbeeb71789682cdb63,7,1,0.019000
0x77564c702d5f5fdfcf15e9ebb99511c1afd0c788,7,2,1.420000
0xd1b50dc5cb1255550ca30d615a478a2a1acfdf36,7,1,0.036000
0x9ac7bfec2f0f14c45a64f17686a3e02b94e294e1,7,3,0.182000
0x20971587df3ad7357aeff73a3e726e4f61f3e03f,7,5,0.044000
0x3a9e92c8ddc0a5e6a4b919af86c9e4aabfb2dfab,7,1,0.033000
0x19626dee6d8c4d32fdafc59b19948f5dd4f59564,7,4,0.045000
0x9b5d1b2c5c507c928045e9e52ea59161ea5ca10b,7,1,0.180000
0x7662836b1544cab6607c95364ebb54ab494980ad,7,1,0.000028
0x76390ecdb7ef92cfe45cb78cb8d4bff44feb3c1b,7,1,0.030000
0x3312c6be066aaea646813365328e1893a6a2c156,7,1,0.080000
0x06ce575520c7c7be0dcfafdecd78137b3c4c4246,7,1,0.028000
0xa3fe3ae1c888681d0daec281df2d74db08f077cf,7,1,0.027000
0xb2c6fda9d696eaf663badf0498022f4cee2ce14b,7,1,0.031000
0xa3e4171c0f33adb5b0c588f07535d401370c8873,7,1,0.037000
0x6ea933f8faf75d73bef8555d4a7202a98f722e6e,7,1,0.350000
0xb2af1cd249fc900df3a06cd417c18af7a2e17e72,7,1,0.035000
0xdf8472c0617e45de763b336d7db22cf58c32dc8c,7,1,0.038000
0x45c87ac96865202e9b47a6b02fed49d7638cc89c,6,2,0.020500
0xca4fd4a57b6b5e0ce411f32590c9a5643b68076e,6,1,0.018000
0xf9a316b8044e757cf709f390583e671e0c087338,6,1,102.498201
0x01479f47ab84d9ef65b146b36cb6751353d06f59,6,1,0.034000
0x09fd504665a5de72c27e0cf90d1a1cadef94cf21,6,5,0.037500
0xa23c85d2fb7c101169e75829f98209365c6938dc,6,3,0.035000
0xe5e0a967014d77fe80b4b66b73bcc9bec48c681a,6,1,0.030000
0x4a93ae06b056ec6cb82f627f3da59941998e2941,6,3,0.030000
0x7b8589b39296b07caeaee204b8183fb7406bcfcf,6,1,0.028000
0x6c35fa1cd9626ff6e6af659c533a473a6122059a,6,1,0.023000
0xceb2f7a4e87a3b2ba48667b3ea9aa849f67ecfe0,6,5,1.240000
0x2d571aca02beac347bccf5f164583fb37fa10fea,6,1,0.028000
0x5b70bce4a5eeafbaa68a75926d10242a51427cd0,6,2,0.028000
0x145369dc0b5982869e0d3c9d4856c16dd534f496,6,1,0.060000
0x644ce4cc4767b9487e50dec18641854d0a7409e6,6,1,0.060000
0x495b988a50d75499c989103acf3cd5bde2a5fb7b,6,1,0.023000
0xaacb04f918ab70fa7075efa3eb43f60933b13761,6,5,0.034000
0x94ce711dec66bb27901af5706164ab5870510e9a,6,1,0.100000
0x0d6ac0f0a79de6ab08cd07954d7fdca3045b6f3e,6,1,0.027000
0x89da500ff2748257a16a8e6e87ba7160d29fd47e,6,1,0.025000
0x983834384ad39e24a3635fc703edf31fb3213fc4,6,1,0.025000
0xbde126109ec0449cdcd2ef91a3a1ccc7d9ee88a4,6,2,0.034500
0xe9a4caf6144efe8bcc583ff25257f050a38e6548,6,1,0.025000
0x9f5a5784d272c09195ced73d6512faa34cd1a36d,6,1,0.008000
0x071ab5e86dd2d55b8220edd84b4c73005c7ecfc0,6,1,0.021480
0x9becbcd60c7a46365f2ff2588b18979eef554c14,6,2,0.027000
0x1d5d2599eca92825cbf6d9526c5974d3699df29e,6,1,0.044000
0xd995d5449250cdc085a6c8b18243e817d035b0ae,6,6,0.035000
0xe584a834823990f1a9c0b36a200b8022f701d011,6,1,0.022000
0x53fbb2d8068f17a5c4d370bb6af4c0542027f990,6,1,0.026000
0x57825d9b26271896277e68110a0d8f851fbcec55,6,1,0.031000
0xd84da532c6ed73a0ea7b0d5d8761735b60636ea1,6,2,0.041000
0x81126061c687ca1189a529029beeccc041eba204,6,1,0.021000
0x2e36bbc306c906f806e8e5134f4427e74424f632,6,2,0.032500
0x08f7d07cfdb9f1aec70979cfe721d5ae65de4539,6,1,0.032000
0x2245bb51ac9a2235e4acb0cdeba5f18ff6255c6d,6,1,0.026000
0x694b73378c1c86d0cb42e7519253515d008c7a5a,6,1,0.060000
0xfff25c7140d48732808fff113d64f394145d2ad1,6,1,0.027000
0x08d6ad2609c959858a310ad2f5664162d3bd44a1,6,1,0.030000
0xb24150e36559f8a5e1ff725c70bac6ab8c83a484,6,1,0.022000
0x4a890f221fad194b1ea6db973107d18690464d6f,6,1,5.180000
0xcc376a8298228b77b45eb380d3e4bd834dad88da,6,1,10.284000
0x0cfec360ceb2564f840762154a6a73ace1cc7abd,6,1,0.035000
0x1ed61998b81e2466a3c26b7206c97d74f72eb5c1,6,1,1.500000
0x531274c273a4d2b344a6c9ddf61b768a4997cc73,6,1,0.240000
0x78dc8e5bd7a5e615054654f4de8c5bc8a48c995c,6,1,0.036000
0x48b2bbef162d66468bd27f336dae2a6be6c77074,6,1,0.060000
0x9d2b4ceb5cece90164a0899d9caa13345a41c244,6,1,0.060000
0x98a5f4c3ad032a0d6da9c6ecf9632e41db3d13c5,6,1,0.240000
0xfbd07c1692015c7ec199ef332032e316f5b57561,6,2,0.040000
0x0952e98930fa5ba19ad3d8da262b2721ea935db9,6,1,0.041000
0x6c93a8e325de292f86ca53478533855e8eec923c,6,3,0.042000
0xda96a40a53ad08bc3c60101b16bb64836e23710c,6,1,0.032000
0x59c8506d75425b9cf77dcfa3cae836f467b31837,6,1,0.025000
0x72d378144db5df1d9c1f6615510dd8fcde2d4e11,6,2,0.027000
0xaaf20a7a7c81c3dbb81df3ea574ca7680c8fb7c4,6,3,0.019000
0x35de1c391bc3f8eae1bce84caa3261778d431dfa,6,1,0.032000
0xa5d729a1a00d14cc4707b26797280d730825ef25,6,1,0.120000
0x44a84af2b81875db9cf90ab8710adc66255073b0,6,1,0.025000
0xca8c0a3417b36aa67c1a643fe193eb330217cac9,6,1,0.016000
0xe50938cad4317bf07d034fc6e4bd0b9a3a56ca3e,6,1,0.060000
0x9500c2267c8ec262c5fee3cfdf6b6fc6082f8b3f,6,3,0.279000
0x74d2085c70d5753c4cd8be18fa187ed9a2922fd4,6,5,0.039000
0xf556aad8433450054922c00b53c66f7ef2f85b37,6,1,0.200000
0x212903cdf9a790a5ef0e9696aa4c139bd8ddd07a,6,1,0.029000
0x6564eb0a2b63d02f7dae6a6f5223b00bf9c367f8,6,2,0.055000
0xe4dd14b6df827e708b116de6d32985271ab9993e,6,2,0.029000
0xcfdf0aa18e3de36bde4e73697a785167c01a6899,6,1,0.060000
0x38f5bcb0b23098a757f886a11b122b5b61d9fa65,6,1,2.100000
0x615598f78542905657c7bb59c4d811809f3b30c5,6,1,0.025000
0x47477d01ddafc11f75bce48accc9a2c836cff2c7,6,1,0.024000
0x88fa20ec07012bbecd8c54ccf11940bcee03659c,6,1,0.111321
0x10f847d1f41ae3212b2224237cb505b51e225870,6,2,0.123000
0x61feb15062ed6fee9f8f19422161664a060cd0cb,6,1,0.045000
0x4121b940b6b6a23624f61d87ff74b95d1d213ad4,6,4,0.023000
0xdaf8f15202550cb4c67137bb8e7897d8c9f2796c,6,1,0.026000
0x86dcfca29e8d39b41363952682af6a599a03f714,6,1,0.015000
0x0689ca001d5e3e03dc1e4ca6fe3570e49b8449ca,6,1,0.014000
0x7aca029611d81d6d333afcc1efbf34af9818525d,6,1,0.026000
0x7321cefd759f74ec6f5666cefea615bd539bb7cd,6,1,0.028000
0xc31dacd1c7b86fd32eeeb591bf38e469f74c16a3,6,1,0.034000
0x6ceb87d2404e8c1bc87b3bd1f71e596b69e041d1,6,1,0.026000
0x992f7b5612a3ca2d62a12c7efc9f910c5d016cc4,6,3,0.029000
0x3e96ee475ab6b775898e4696c8c4e583b7dee558,6,2,0.026000
0xa849bc07eeab00f561224f212e1df648b2e69f68,6,4,0.039000
0x6546c4e660f955b3e50682707a19853e6a2fd20a,6,1,0.031000
0x9e854d513ec158d20d8506ba66e47cbe187ec25d,6,2,0.019500
0xa49296145304c258e44b030bec5d9dfc60d921aa,6,1,0.014000
0x2c638af55b58ac209a9230b8d47d54e4047188d3,6,1,0.360000
0x96c168bab02f60641964b0b9b53f5b97dd298a86,6,1,0.020000
0x19ff14194b740edccfe28420c24a538eeef76043,6,1,0.600000
0x734a73ba48b58994a72caa1e307460e669c93719,6,5,0.045500
0x63d3ba1275ba2558102f2997713c3e80c791a264,6,1,0.605000
0xc13a07c4d2e9b95ef5b1625b4fa216ce1cc7eab6,6,3,0.050500
0x35b287ea62b66865b24528502e22b909c1707672,6,1,0.000300
0x734e4d578a939285b0e76edbf14ab0e09343f00c,6,1,0.023000
0xe8cd947d2a228b9ab1b858b0c80b8c1186f6ee60,6,1,0.018000
0xd47a8de703c0f8e85072e7f09cd9535e390a1667,6,1,0.025000
0x0135db110cc9205650172dbd1a556eabed300b6c,6,2,0.051000
0x350f465310f0854856d5f904706a7b943a5e37c1,6,1,0.199923
0x0c5ed3b397f7aafc990125c53f9320eabf263247,6,2,0.047500
0x9e53ad4fa1a80c16e56cd12a52a61d73ec8f43a6,6,1,0.026000
0xe4192a008f4bfded4735b316fda4d9fd2987dfb9,6,1,0.240000
0xdbb3e7d5a1ba5c44c1015513c16de3981e928cb8,6,2,0.023500
0xa496b69bd2db99abcded705cfaf44468d49908bb,6,2,0.017000
0x99bc15be8a3cceed01c20bafd3118cf60e34469b,6,1,0.034000
0x5bf6247ef2a651605391fd143b16a14cf72bbe94,6,3,0.038000
0x780b32aa5330091e7d9e6d17ead3a66a318772d0,6,1,0.027000
0x52ee3eb48a41c5d9db564dc16762a930360791fe,6,2,0.021500
0x780900e07d71c939d485d722d4a115d2568f223f,6,1,0.027000
0x667e0d5dd2db147a63684a61e3eeddf47b2d9e83,6,4,0.040000
0x2316dde91d9cb6c79cb8df3d69aa9d22dd45f4be,6,5,0.056200
0xe39571b0d13c8dc0f8da270846bd87bd682ba3be,6,1,0.020000
0x5359c0794759ed8a64eea09323a8815bbc84a74d,6,2,0.370000
0x239ead4674b96e3d76a926d8622a81558691eed3,6,1,0.025000
0x078c450807025f6433267740a71e0f989d7a1232,6,1,0.031000
0x652050737e1f26424a01b107a39a18a09f37f4ea,6,1,0.068016
0x0c99be0ad9b06577957ad1ea4bffa70e59f8b542,6,1,0.023000
0x10c720af6a78b53ed137647f45c3bec05fbf8a0d,6,1,0.021000
0x1e25e617cc1b6ac524ef4312b0e55180a3c0048e,6,1,0.034000
0x187b11fc46606edc378591a061fd61deb2245b4b,6,3,0.044000
0xcac2ee302671adf00b05c258e633bf6fcd3dcc95,6,1,0.127412
0x5706440c679bb73e12338129540ac5b8db881459,6,1,0.600000
0xe00fbc11116b4aa3c863154823ffb23425844500,6,5,0.028500
0x9d6cbcd555f75854d6bc05f7295571869a52248e,6,1,0.060000
0xb0a66779a21b755fa6e2e1879e056221f288769e,6,1,0.021000
0x9dfc245aa536330e2c34ff27c8335d5ed89dec2d,6,6,0.010000
0xd6362fe07d575692980f85ab0a46d999fcaad925,6,1,0.028000
0x48423aa824a1b3b22dd76eeb039b3b9d5d0dd5be,6,1,0.025000
0xd108e14a942e25703b4ef58d6a417f11bc8f4a47,6,1,0.018000
0x5e7ec5311aa22246d5a9d1dfccf76c2bc78c7753,6,1,0.032000
0xe2f4b472c2c882c049b2a2038bcdba521ef9c20f,6,1,0.023000
0xd47247bb1dfd243138db94918bb06e4c49b471d6,6,1,0.028000
0x359e63e7fc81a89f6106ddef9aaf064ad17154cd,6,1,0.140000
0x35220b4e035b4eeaa5add8f2c8dc366c48c8435e,6,1,0.180000
0x514ae9e95b74abebeefd2868897aa1514b0d2bba,6,1,0.010000
0x17f4ba534c14f19b020bcc6e67e392e05ca25b85,6,1,0.020000
0xd131bc60065f4d5f4f7ba759f639e517fca96fad,6,2,0.026000
0x22eda3324f1aba229af921973dbdc5b816e4019b,6,1,0.029000
0xa4f726a53d88c234237c2a185959b262c02088aa,6,1,1.080000
0x9a6a163b5dab9dd58ba4eeb0b678e4e78229f846,6,1,0.023000
0xd609349723d489b86c65e44282c90804106b3607,6,5,0.034000
0x8503a00d7138ea9a13adcf3eda4a147d1e78a9ac,6,1,0.853000
0x40eb3b54081150c76aaace133580367af9c9e432,6,2,0.680000
0xa4f54971c14239de0671e501d859115ffb4cb1ff,6,2,0.019500
0x011d40e83b0c1476b72dc14ded0f72c4a5a2b550,6,1,0.060000
0x2df512f68639527f954b8f826f28e326f6c64ca2,6,5,0.041500
0x2b4ef21a42da4339d64bf365430b1b47bc95fe2d,6,1,0.026000
0xcce8b73435d88a2762ddea46014929341d6ec88e,6,1,0.510000
0x314cf70325e6528311fd970083ebec68637d8b59,6,1,0.025000
0x0cf4d24f053e14d1dc27339f2c7c485980abdd97,6,1,0.033000
0xae6fdc59727268d83ea93bc32e4624e3523abe40,6,1,0.341000
0x1c697cfac7ef01f5ea1ed06f88cfb13c96d4f22c,6,1,0.032000
0x03df788a77a16b41e8310e711620a76c2a1a1b91,6,1,0.343000
0x2d9af443ca3c7d14367af9d2804eeba00162b80e,6,1,0.025000
0xccf70034dd45b5910a011ec665ac9e69b3be9222,6,1,0.030000
0x5694c490edc208b9ab8e2ddf45ae61f3f6769f63,6,2,0.029000
0x4334238eb67c35e5f5f8a551cf2b03c8af17df42,6,4,0.046000
0x2d395ab1637986d44c4bc8d899ae68339337f6c2,6,1,0.850000
0x67cb2e7c63e4237ce55762dab2c47d936b97bea4,6,1,0.006000
0x84dedffbbf8f7828db7a4e8f7b297ac9e5eaa84c,6,3,1.032000
0x9c9c98a378dbe28cf476f1fe6d2cc02dcba2dad5,6,2,0.039000
0x34c204b312abfdedfdf97252c43e5ef25f8ab34b,6,1,0.025000
0x10b7b25aa71b83f6cfdf7c071aa8dfbcbfabaeae,6,1,0.024000
0x63251ce01f44832e805b7c843126c005cfd40359,6,1,0.150000
0xe81271c14cb6ca55aff08c23dc008f98cd3a0418,6,1,0.025000
0x17f6cc6ba2a86f9f75560508b9c0a5bf682769b6,6,1,0.042000
0x28489360d55e49a599c92da2e8589e9d6bbbfb8e,6,1,0.026000
0x80b8480b5cfcbe0a40fbe3d93cac989d5db3819b,6,1,0.023000
0x1a79eb6bd518b38fb2ec21f22dddb548b3929646,6,1,0.027000
0xb4e7254d38e7122e1e5cd999461ef89462b0a697,6,1,0.029000
0x2495a389b28d89e19c062cb2f2247a9c9f9e9da4,6,1,0.014000
0x5c16b47d77cb9895b5510aaabbae3c67d8baa172,6,1,0.029000
0x7a38788e020644dd377a5c0f0e1d9f3e3a467369,6,1,0.060000
0x8e9377abea773c5298d3e2727266ee193035a240,6,1,0.025000
0xe7c8097725d0ca16ce9cdca1aec46f021b637f5c,6,3,0.042000
0x67a31e10f2842b097252b032775466993a8579e6,6,2,0.512600
0x7762adf785a70ec42ec982725d38d9426598e3b0,6,1,0.030000
0xb1125ce1afad888bc4da433473cec6857f752a79,6,1,0.150000
0x29befa80d45c53ee6f1a1a0cf1bf8bd95bd7b8b8,6,1,0.027000
0x64e146f93a8512b22c1333bc11f438ad87e22314,6,1,0.022000
0x5e51456102555d758717d150f8f8a9f0c1949c86,6,4,0.340000
0x3be82b24482d31c17c73e7289c24a9003e85fa0f,6,1,0.020000
0x034798380a28b9d193d0715359f23938ba1eea95,6,1,0.840000
0x40c9bb07571ab4504334c27e1bc033ffff08ce36,6,1,0.022000
0xc427550be92f26461e8ace1d6aaf2b6231793c4b,6,1,0.420000
0x27c4a93146ebdfa1140bc1414b55c3382cee2659,6,1,0.027000
0xac0188bfbdf3d5a1aa8d19352d21846b1a6aa6fc,6,1,0.023000
0xf19e9c0fc11a1c5a49fcdc8309e3e7c0c7b24336,6,1,0.030000
0x609c465afc5c50be5c0100cbeea20905ba4d1672,6,2,0.040000
0x47aee53d857e2bdbe7ada498603c9ffee1d55de1,6,1,0.021000
0x7e26173192d72fd6d75a759f888d61c2cdbb64b1,6,3,18.634309
0xb72ac64f8b3dbab348bffa6e6345def0b6eb7d78,6,1,0.025000
0x9195e3dea252b3dafb7e17c6e1b1d982efda760c,6,1,0.026000
0xf60a445a6b02d8e038b85337e7f90c11ec30158b,6,1,0.021000
0xa3114e86c7331f1ffdc64ab726c075b364307691,6,1,0.060000
0xfd9341c0dbe1323a0d3935150f8deb1bc659da05,6,1,0.023000
0x61da2d0faf5f4c08527ba91b78eb1f86b13a6477,6,2,0.026000
0x0715d1232720a46a18a67743739def3431b4324c,6,1,0.960000
0x127b3943629fc3b8a2fa36255aa6bab1e7436534,6,1,0.032000
0x7e006370dc848a4820fdbdcc1042b575d70e485f,6,6,0.021000
0x1cbb5c0ea7ab1045c911efdf601dae6f9d10927a,6,1,0.022000
0xb88472aa147ab12056f9f079a19eabe88215877c,6,1,0.029000
0xc80aa8103fc371a61233ae461d0691c98d943436,6,1,0.025000
0x906dea211da35355baeba66638cd736b278627e7,6,1,0.060000
0xb5516cf6f33b081c24f2e09968ae4afcec19f777,6,1,0.016000
0xec64bd74e377ea1e9e2020e5e93e63947390bea4,6,1,0.021000
0x9c83b4405bf2e182e56ad8a847c5fe1ff520dedc,6,1,0.023000
0xcd8a78b1d814e69bba23fed154923dd549860f28,6,1,0.023000
0x6061ce8fceda6f5cb61d3d0cc2e3ea6b8c74e360,6,1,0.025000
0xb69b1c48917cc055c76a93a748b5daa6efa39dee,6,1,0.274121
0x3f9b5c983db341559a0eedaf83d20a7f6cdfe8ff,6,1,0.150000
0x9758fa5d60d484126a6c190577f70c41ba5eddd1,6,1,0.016000
0xef5bf872aa0a413793757e6e24b648db0693579f,6,2,0.060000
0xeb146c25fd5f4e2555aa5989c20c0e661b239473,6,1,0.023000
0x10c106908774a953526a1a622d5efc10d954df83,6,1,0.020000
0xa743ba8c44fd1e48e2a91438d18807a75ddbb654,6,1,0.021000
0xc57be6da4db747cb361a708b65cb0907803199d5,6,1,0.240000
0xb123110fce647ac01251540314dfa2bbca8b50e4,6,1,2.150000
0xef1fc83d3643ab8cb688a4289d9ac80e5abcf8a5,6,1,0.026000
0xff7062ea985e287001b3318f90c22aa68c783ca5,6,4,0.030000
0xcda58bace5ca07e1ad80cf4aa8cd2be71b78c3b5,6,1,0.025000
0xff6bae192b08372484abe2094ed26ab522cbb4f6,6,1,0.006000
0x3612d1ed2c3dd7c9442ec00f4ca0e18c9b4adf13,6,1,0.027000
0xf6159d7750ab0e75c56df16a6ab76fa21abe3d6c,6,1,0.000120
0x24388205e006ff0f9e224d933b131b5884e5ac2b,6,1,0.025000
0x11c9945f3a76d911787c6c8c63a2fb3e566eaf4e,6,1,0.032000
0x84dd562662926c7ce83808a89456d2ac1a074057,6,1,0.016000
0xec4c70273f08ee38803e1c2d541f1fe7ba2c0a8d,6,1,0.060000
0x4afc5ecf6d1fd84d71fee3e06769bc0271aadcf7,6,4,0.020000
0xeec992d61dec09d5b7a6af14e5aee3ceaea40327,6,1,1.000000
0x520dd1fb1feef59f35e6a88b54f64e49d9d858e8,6,2,0.043500
0x8d5ee167d913a79c1afd062e51146370238c6c26,6,3,0.029000
0x8ffad810dfe452f7dd281df7602effdef046b470,6,1,0.026000
0x09840a42d24ad2893eb22834b02826eade46b0b3,6,1,0.023000
0x8705bdd8028bc274618a2656c024b1c9b8cfb3fb,6,1,0.025000
0x41e8b15310b6451fdf5d62ffc83b4a51eae581a2,6,1,0.033000
0x3973d3a5bd1f985eab09d23ae107ee16bcc51e59,6,1,0.060000
0x7bf4c89ec9dfb41f9bf08b79a467c0c6dcc5209d,6,1,0.025000
0x1e05ffebd6d0993c3fb8a3ba4b80d2c638d03917,6,1,0.028000
0xe6ec7c9211893b3daa2f7672cb95f79f6ca50465,6,1,0.031000
0xc25038248ad8ef5f37dcc2f9312e6f595fb4c8a9,6,2,0.031500
0x7c55a10bf8d5988b93386ddfb8725d5ec6030b5e,6,1,0.027000
0xe6c4bb4136b66dee35d66c22dbcec20b496fe17d,6,4,0.049000
0xdc7c645c0d023a8d3878a4222d1c4d041e95c911,6,1,0.024000
0x87ce5bf3d62e1d09b2d3450cbbe161ad86f47fde,6,1,0.026000
0xcdefecc464c3a9e5b513de0281c8682d1f1aaf24,6,1,0.085000
0x8fb3703592b0ccac1728f734f1ec9d9697c7b09f,6,5,0.019000
0x8d2e6d360cc9ec728978a10030c9b2cd02908115,6,1,0.028000
0x1ef7dbc1a082043de850a2f035fd04aa8adb7934,6,1,0.018000
0x4fade62c90aaab87729dd9580e1aa5c02ebc6fdf,6,5,0.019000
0x8f737580da70c6a424501e4deb85be895b5168e4,6,1,16.510090
0x4d7b730d9535925d3a11cd321f51a4f5d2f0e333,6,1,0.027000
0xf92e5eb967fa776f10ad61ddda8094047cf92089,6,1,0.028000
0x84eb2521868b06027e4391ee838b906280a6c696,6,4,0.019000
0x41d0c098f5947a1f3abdb8a60566db443a688fb9,6,1,0.036000
0x630c7675c2a600c3f0a50f30bbe67711799875aa,6,2,0.020500
0x747daae2445e08dba05011573112204022a92fe5,6,1,0.027000
0xde10b71f14e7804180a9b6866ba9aba9a1bdd6f5,6,1,0.025000
0x4be61f4bf55ef0625c5717ac878b29ff24541d74,6,1,0.240000
0x5b3119d7fb7086a912ee6147cd5fa31b1904dfe3,6,1,0.042000
0xce1e36134f718edbdb8ad376ee154945ca28b411,6,1,0.018000
0xe1ea03b7f20881a4f44dffa55634f2e96ffa1151,6,1,0.020000
0x834e0d42b0e7d8aafe15ac673f639e445e4d9085,6,2,0.025000
0xc3cca3c6b0e498b8d3fda934f99ffb2335b83605,6,1,0.029000
0x5f37fb966de5804b33a6a4ff70d9afb45b5dcd53,6,1,0.012000
0xc3bdf7881dabf5e8e61240927e56a957dd5eb277,6,1,0.028000
0x9d4ace9b5a195713a8d2aafac390c313c7df9972,6,3,0.037000
0x41c56aad9e5eff5be3e8452852bd8b36194985af,6,3,0.026500
0x04e499fe9ef998e49459425616e94e8ccc119232,6,1,0.029000
0xaa5ed6ef9d66d9d9001e80cfd428fed3cb346a93,6,1,0.360000
0x7bac4d7ac038487d4ec6e787a670a770af65bad7,6,1,0.025000
0x9b97df80762f84d54b39b1581b67db5e6f35f629,6,1,0.022000
0x867f11926a9cc37f913b5a4e0edc2d41619b7308,6,1,0.022000
0x3f22b908f8e16bf4535c62c82b185e61939aab6a,6,1,0.300000
0x2816bece7796b5f80b263c6c075f6a8642d455ca,6,1,0.032000
0xebed9fa5c816cfad2fd70329e4cccc1f3322a072,6,2,0.034671
0x59dd15a531c5ac314646f2a0167286f2e690cfb2,6,1,0.025000
0x1cd5a6aa91f5625e75646d793aae3bf4c7e0dee2,6,1,0.028000
0x7b987befcdbcccd5ebe26a557b6d740d2077f249,6,1,0.037000
0x403570a1f21fe14a3a80cae4779de92eddba6e2a,5,1,0.120000
0x28b9fd4b2c3dd41690a64b5f407f6e1ca3faae36,5,1,0.100000
0xedc2815d55a4a4cf2ca1e6f59c9abe6685663188,5,1,0.011000
0x28b20ad2570f2cce9976577b68ecdd13f084df8e,5,1,0.026000
0x1c8c6f5d9f462e0866e95f14b5ac61913df425ff,5,1,0.018000
0xdc97f4f76304d486ddddf569f3fa79beba36fcaf,5,1,0.020000
0xc9556c866a4a13c3df4fd7fc641d463dace4f3bb,5,2,0.018500
0x09deda73a2ad99d3c16ac2cea9da3f4b37696308,5,1,0.250000
0xecdb1c6aab7c942013b2efb4886a2bdea0286499,5,1,183.381091
0x426089d90a71b104ebceb2439fe1a554fcd7f6b5,5,1,0.015000
0x328a114da51e6b275ab8f76cdbe1bd15399869d5,5,2,0.037000
0xaeb22050b9c280a19546ce819c856a87bb405938,5,1,0.020000
0xa17b2eaa31c7d81df12edb4e3b65d8da2c7724a5,5,1,0.057800
0x6686e10fc4f7a43cca67cb26844d9f8f458f1d0a,5,2,0.019500
0x2d75c894765415d6bd17ad1a94a58e4a4d74c9ea,5,2,0.041000
0xb7fb803e067df9eb8e9bc54a492119b137830f6c,5,1,0.023000
0xdcbebfd03dc6517aa1f8a72438caf2e943d542de,5,2,0.032000
0xc9d0af64fe8cb14be7196d25d27ee61e9f145eeb,5,1,0.020000
0x32f3b18cd0ff30e63ae086599b9f5c223e4dc0da,5,2,0.270000
0x9423382ddf1504cbe7ed80ba8465e334f80dd611,5,1,0.022000
0xf44462dff928e8ffcf5a0afcad87f006b7e8f2bc,5,1,0.023000
0x5a1459014f04f8dd0e81677b59504b42b8488a68,5,1,0.034000
0x8e843872e88b100feefca3db632d23b30df20af7,5,2,0.038000
0x09e1eb9d220227f827cfce3055ea293153e88ce5,5,1,0.027000
0xf4bd366137eebf888556624ccae5b966f9e88970,5,1,0.022000
0x02bc37e9530356f10ea8de7c8d3659a59b294c30,5,1,0.050000
0xaee5ee645909440a4951a7092687e98db19c8243,5,3,0.036000
0x805a2a6f070a991aacdec946520ac5089a59d24f,5,1,0.560000
0x80744a6a28686b6f3597d43c250bb5534c60a2b2,5,1,0.050000
0x2bc3d8c2e8e493f91ec7f088f26fd3f8655e6f9a,5,1,0.023000
0x76bbd18f4fa42a2ee5947795d2f8816ed2f9ae30,5,1,14000.000000
0xb6b28aeaaa94c6a95f3278537aa3fe6bcc0f2767,5,5,0.018000
0x285d373383e518b00f6dda19111c8cd4c8f76e2f,5,1,0.022000
0xf5a0f698f5b1db8152d188c066d40c3d0e53c9b4,5,2,0.037000
0xf5c4717840f00c5277eb020770f65deafaaf3788,5,1,0.090000
0x5c05d71baa86a16795caa2390698b3164998eb99,5,1,0.000075
0x44cbf70b9bb3551677dbf27c54b9c564f59c5798,5,1,0.500000
0xbc25f0f12472579a901b7f2f7f2e169065e26e7b,5,1,0.011000
0x1162019cca10a6d71702f6ab8981bf443ddd1082,5,3,0.025000
0xcae7aaf40c354799410b7311e548743c39bf2575,5,1,0.019000
0xa982e595dfe4230157d63e60a48888eed792edfc,5,3,0.052001
0xbc2a39b5b01b0834b14ca6e0db8f3767d4328674,5,1,0.017000
0xaf9358a0d131dc65206c78ce3f522531c3f20524,5,1,0.017000
0x13a80754d3dc519f32ca494b2b3213117ce9a771,5,1,0.070000
0x167cd5f3e9a56684231e83ea6e7370a2d2ecdd16,5,1,0.018000
0x7bfdb91065e665fd90d20e304a1c318099f8a2a4,5,5,0.023000
0xeafb194b2bb5603475d4ca4a7a4e2edd7229ea2d,5,1,0.024000
0x4af3c23761e52e82292e74ecda28d4e158967077,5,5,0.035500
0x4e65fe4dba92790696d040ac24aa414708f5c0ab,5,1,81.441595
0xa9020b523961a077c4e5ff6d64f3f5b93da6c019,5,1,0.850000
0x58f23f903919530c541b63d10e141a9d7c05988c,5,4,0.009000
0x025aa24822a8e0e2738e8849c2078e24b8a8864b,5,2,0.035000
0x8cf46d52af4aff892ef01b071e620c2a6b14560f,5,1,0.019000
0x810da4e1ec202c39d49638fd9e04df0e1afcb064,5,1,0.025000
0xe16570300a94c7845743d10054e23c64f2b3a2f9,5,3,0.069000
0xc214c264f16109ccd31165a75d1738a738abf5cd,5,1,0.022000
0x41b8867d70ea78d575702f98dbc517c9d44548b9,5,1,0.022000
0x452f8a5dc2126384db6187dc74965fda154a0363,5,1,0.800000
0x09feb30ba3d88dd9558456c66c2c8a7bf1e538f3,5,1,0.100000
0xe9eb92a1a82f91f7e4b6e6af8684f0c865ac84f1,5,3,0.015500
0x2b633ecc177ed208e35681725b9ab5c21dbd98a0,5,1,0.005000
0xdd338ef8ec64a51928903a7723641376763bc938,5,2,0.041000
0xbc5207c755386d20dc1931396e46bd7e68d1df5f,5,2,0.017500
0x65803efa969739341a4b328a5ce390f9e4cc8d84,5,1,0.029000
0x7b490ce2bcff70f7c049a272189e9506a01a2e42,5,1,0.025000
0x6f9cb1c7bbe4c49093da3f343f1b51feaa9a6a3d,5,1,0.700000
0x34dd36bc475b59298a20bbcf2f62fa529374b445,5,2,0.031500
0xe9588d73593511d5a1b72e76ece353bd3e87e10c,5,1,0.022000
0x75203274fee34cca82de36100963510a088edda1,5,4,0.033000
0x453e0013047d06e62bddb8228744b1da0ce7f232,5,1,0.015000
0xc1e2a29d7df3f4d8becac23922487d93d88b7fd9,5,1,0.024000
0x6570219f22b36b355ae0d0e8bfcee50a20e8fd1a,5,1,0.024000
0x8c76f7d36af3bcc1c4f0ff13f3919bc1022c7fc0,5,1,0.016000
0xb690ede0bdad23654a463f7622ca1b00f5d9f164,5,1,2.010000
0x3905f8e6a139813d54dcbd513e0b5f4f38155484,5,1,0.019000
0xf78c3ddb9b0ff8424c91a8cc87c53011802b665c,5,1,0.020000
0x0ddd17e3690b123bf352314036ddb0fbc0089436,5,2,0.019000
0x8c4ff15b3792888043ebf8f925811e503893e88c,5,1,0.020000
0xa835d18ef47d9999489a09ef363fdf00d3af98bb,5,1,0.018000
0x6ed976d274300c4107eb8f84a98c8fabc4a06548,5,2,0.017500
0x1dc259d975805c371ac059a9f8ad6fc82fe4c985,5,1,0.500000
0xf8286d88f8deada8560102e7a6d06d0ba73b3fff,5,1,0.050000
0x96fa3196bafb847a8ae575126b0af1a17d63c2ba,5,1,0.019000
0xe0ba69ab99045d09e380346f1faacde83eee7f51,5,1,0.024000
0xf82971117baf73c42c04c6a0d619ba9d6aea87fa,5,1,1.040000
0x8c21ca24a8d0e1f4226d35ea528b6200c19671d0,5,1,0.029000
0x81c0209a9e6ce66348995d33400de433943f8079,5,1,0.022000
0x524e46dbadbabb842e682a5ad74c1d8d2df82639,5,1,0.024000
0x3edbfeab3f64461c1d5d2d9fb313e5fc05474901,5,1,10.256000
0xe81a78a2c6ffb0a64a6937322ae17740ce365fe2,5,1,0.022000
0x6b4265bb451d9bf5d5dc7cd4ab0a28d81a625ae8,5,1,0.025000
0x14b4e56af3a3d9bacaddcb474f5cfa3cae95728b,5,1,0.027000
0xcd2ea73de87c17102fa117ae1ceadf67fcbe7aae,5,1,0.023000
0x458bfcae5dddd5691bc97e86a21140bf056d0dcd,5,1,0.022000
0xb10697e50d37efcc8e98a5fde0d3dd5c955664ab,5,1,0.035000
0x5642af8bf9e74e03f202f13591ce2cf0e4e4c6c5,5,2,0.023000
0x973ba2ede94a69ac655f320bdd63986ec208364c,5,1,0.019000
0x11f75376305d83df811c5e10f6cc1b2b7140a64c,5,1,0.090000
0xb1158ebea8527e03f369141ce117c0ace7ce5086,5,1,0.022000
0x9b6313524819e1dbf7de2c89fe732ebf6eb4accb,5,1,0.710000
0xd2ca038955db56f84f4eb31808cd931b84f5ea95,5,1,0.023000
0x1da2b2217b8a6b87ba0eac87bc7b8b26152f0ec4,5,1,628.290000
0xcd82c6a2a827fe6d3a0855fbc84f30cbe92471d8,5,1,0.020000
0xd2ca60bd13a9d539d3db2289d6963df8d0439568,5,1,1.500000
0xcd8c43c795900d0a2be9054ab0565268cbe3040b,5,1,0.020000
0x46e8a6096843e0db03d4e7f2de2867322c044b6c,5,1,0.017000
0x0cde1fad33d6c58c77b3ee458c9a90e9c47a678d,5,3,0.306000
0x57dea3dc00e4adc230096d02f940397cf0419308,5,1,0.025000
0xb1285f580ca62ef830bd0c1c34c7e08aa6420f25,5,1,0.030000
0x8875b1dabbea0cc5bef3640572fd75d44e9f071e,5,3,0.009000
0xa71a6a5592a932131a0aa4006fab04f817b42113,5,1,0.030000
0x47154416f6ffd7d1e0d2c6182b87074b941c406c,5,1,0.015000
0x976e2cd00e42c7865dfa73ad364a1646cbb3379d,5,1,0.019372
0xf92162d490cfd7ed6b41d7475a0f33dc9cbc8620,5,1,0.022000
0x97825bee602564d9334191fcce3625f15f919130,5,1,2.010000
0x649f95e124298a64b9e312fb2cda5a1c8810eb61,5,1,0.026000
0xe6e62aecabfd558471dd582188b04ede2e55956f,5,1,0.021000
0x1caf9763e59f6e3c315ca4d029975247f0e2de07,5,1,0.022000
0x23764bcd620b3441d3582c1c0db6c7674e9f8749,5,1,0.025000
0xb615524791d8badddaedc292afef6a5a18cad1f9,5,1,0.050000
0x408dce9ee52c69c2b36c9324e1e8b4db4363b03d,5,2,0.041000
0xb98e56ffc6cad74d67c34179043ea22975913524,5,1,0.005000
0x26c44f63924b4bc66659a9776a3fc469e9a2b797,5,1,0.015000
0x2704b75cf050a5d556ebc541f1417db12a035212,5,5,0.057700
0x761766062e49120922844d533e75d6b6669d36ce,5,1,0.050000
0x02320c2717b9a5a8fc3856299542b5aacffaac0d,5,1,0.050000
0x49e1e3bd8c393746110e691293cc29152f250631,5,1,0.022000
0xfc287f8aba09bf2183c4eb1b29eb28852f9e8114,5,1,0.050000
0xfdc1ef56f7ab7aafb5278868267a35f6d6bbcc96,5,1,0.015000
0x63e8ba09b6f6a912fcc872ac4a34a2f9fb014fe2,5,1,0.050000
0x137a1f9fd6369cd3a29e0a4fc9fe6dd20bde765e,5,2,0.025000
0x4924a0e25c88e0128bf99233c5765c01da62e810,5,1,0.015000
0x32bbc818ab2cddce3fb04dd85e80e436c509dbf1,5,2,0.032500
0x27a5248986619dd3e643451238ed8fd569cabd51,5,4,0.036000
0xe5f52d525c09b6cfe29178dec237efec6f5e5fb1,5,1,0.017000
0xe5e97d9a34bbf61963b7b909498cb773eee403d9,5,1,0.020000
0xb8a8149994300c91567025390d5648e960657f52,5,1,0.019000
0xbef68184d21fc1fb481f99d014a337536df8859b,5,1,0.021000
0xfb2b310e797be1d034d17206f9b68ca958282b11,5,1,0.020000
0xceb6d13b0ece9dd784dc35948c2b32a53427f2ad,5,1,1.500000
0x5014916581b61e68f895e5a56d7042947be57841,5,1,0.216000
0x5d96f50708afb2e0f7302a5a98e8ae7a1b087fef,5,2,0.041000
0xbe79c6f2c1b75ee228d02ff404f1da039f2f0e02,5,1,0.024000
0x9f97c3303c04470ec2695061b42f28658f7e8477,5,1,0.019000
0x86a482f64f03a9fc41b048538bbc620609203467,5,1,0.017000
0x9f43ae919619ba50ff9bde5d55ab9eb92a48af77,5,1,0.020000
0xcf35345078d35b358978f704735c610a3343b0d5,5,1,0.052200
0xda21c8561d0b9081bcdadce6b12c160cc203a752,5,1,0.027000
0xe57af3fa70804fad1281339846cc919479a2c970,5,4,0.049200
0x046dd0e25a867c2b821410cd0bcb7a973ac4d320,5,1,0.350000
0xcf6c19357aceda5800d66a8b606c3f397870308f,5,1,0.017000
0xda6b3aca1a4e61f48a3c0a21d073f1de1415f326,5,2,0.090000
0xd8004e679503000a2c5ad0af16782985f5f190e5,5,1,0.021000
0x3ca57088f787ed5a1052c8b34ec2bc4e029f0c62,5,1,0.015000
0x219b6357db5931a7eb3214cbc9e9626526a3b3c5,5,1,0.017000
0x78cfde92fb6a85d96c28cfcc2a4faeff74314b01,5,3,0.212000
0x3c91aae30a3a7175eaa3065db2424508d9fa6c77,5,1,0.015000
0xd4a9151a719df6627083b2cb08805708a3c05a78,5,2,0.627000
0x008f8e7210a5528f7c26ed20b62ff8c95c2530e8,5,1,0.000097
0x2cdbc0e8210643337a7fe537b50b5f726f7d85d2,5,1,0.000750
0x6c97ba019d7f55f512e31ef380cc53dd09c718ff,5,1,0.130000
0x2a3abbf422c26c67b6093fc4b835e37593450968,5,1,0.017000
0x113d10cdd26a7a0002d7e0944d7487803b3e0d8d,5,5,0.018500
0xcfc068adf58d1e5840e9a427e836575d3e0d8f5c,5,1,0.023000
0x9e99c25d9be080eadc195221dc40bac810874961,5,1,0.019000
0x9916d51bb10ec4c53b0ef41293083512ddd4977a,5,1,25.794936
0xb91d02a05f66cbb20b1553c3cfd67140e3660893,5,1,0.250000
0x350c285f62abe16abed3cba6bcb1dad829561525,5,2,0.358000
0x22ad5dc01a0785a537ceda982174881fa93fbae8,5,1,0.018000
0xd74ac4ad1c49bde70539241ec82dacf2bf5b0266,5,1,0.024000
0xd323f21a068182f625997cdf98e6cae9a81cda55,5,1,0.026000
0x3d8674164a69cf338cefde2b75a7de4bfa7cb425,5,1,0.100000
0x0ec0e9cc692645dee663e708e5fdb57331b227a3,5,1,0.100000
0x733a1bf4086482947768432bae105ac60f500903,5,2,0.204721
0x99374c13196ae0ad4da32b7ad574a4fd65989d96,5,1,0.250000
0x086e1d71676d2e1538dcd7f6f4cff42f4aebfe22,5,1,0.027000
0x10901bb1b339a635f847a1b9878b6f81a50807d4,5,1,0.011000
0xa0e92e2faebb8afe707f8a491a7dfa74fc3589eb,5,1,0.014000
0xd6d6c859ac0cf89d082b2e5aa2e21ee2169f932c,5,1,517.000000
0xe01c6d2c3b7ee74b126a60b99947baa29d976057,5,1,0.013000
0x0c91599b179f677b0eb4bd015ec3b666c4cb2e6f,5,1,0.027000
0x7067ac3ac3540df0ebf8a47cf63bf679df0277d8,5,1,0.028000
0x858afd2aa9199e7a07f59832922dece1b31ef1e2,5,1,0.020000
0x108b6b3c2f3714e2baa82182a88c7bf27ba8b7a6,5,4,0.009000
0x2c42c09f84bfa9a06e6842a51d5957abd24304df,5,2,0.026000
0xfb8cb7ad1e99e6401f1535b543b6dfaa4749f21b,5,2,0.018000
0x5679551c08dd2fa51781cd1aba9254969f2e62bb,5,1,0.030000
0x9e0eaeadb05299edbe5be238de81d2600b39fe20,5,1,0.021000
0x561e1469c2cd6633e9847b66fbe786ed718eb7e7,5,1,0.660000
0x0e14ec3312ca15e08bb9dae5008f16bff3c8f954,5,2,0.018000
0xd358836a69997a414fa1b182e2d52facea96922e,5,1,0.022000
0x119fc3fcbbf84c0a65867acba425f1c8578f1252,5,1,0.050000
0xe2f52922efb6d75440f1c18707f12adb3370171b,5,3,0.032000
0xd626c8b4ba265b29b4a5060874318d678c5109e5,5,2,0.025000
0xe2daae25647a0cb59f9223e3dbc2780ce52e1b3b,5,1,0.023000
0x6d9e89e8ff73d88a2775677223c8039181b72671,5,1,0.019000
0x77844b9290a67233debee2da1fe5731376e97208,5,1,0.026000
0xd142ef4f5986fedc9c7cdc0d0c5123222fc072a1,5,1,0.017000
0xe28b4d31fda15bf1d1fbe40817148fe05e7305f9,5,1,0.100000
0x9df067a996f69a23bd8e53136963e2a8288f7d59,5,2,0.024000
0xf0ccfc986286a974d31ad4cadaba464c9d7bc462,5,1,0.021000
0x1c81d6bbcfe336612e6c5381de8ca8e9a1c51f05,5,2,0.036000
0xa163960b2f597192cf355557e588a2a5be5650f7,5,1,0.027000
0x7e5f4a98db69b5f8463e5775b007d8ba556ce736,5,1,1.250000
0x0cf48e6f995bd4f00abf4eefc96d6d809b3281a8,5,1,0.022000
0xf0fad6fa61bc6196418ec92f49c1df0deb171a46,5,1,0.130000
0xac451dd067f0f246fe59ea4a0707f1c99f11342b,5,1,0.025000
0x534cbdaff008faee7cf2dbc53ecafa7aa9d20ba9,5,1,0.031000
0x0ae10d4f4b2bd8d5c1ecca922a7dfd9486c7facf,5,1,0.020000
0x52b2426bf93d61e58d5a6e8060188e0aba1ddf40,5,1,0.300000
0x6810f44f037e06253cb14c4de0e7444a6c98b223,5,1,0.022000
0x02acd0b5d86c52ee3b457d1b71a16ae29d829c39,5,2,0.041000
0xac892954b973d5f1b6eeb4ae90091f39b2ad3917,5,3,0.025000
0x90daf0bddd84d3087a6a8425f85d83326cb6e614,5,4,0.035000
0x1e4e4c425137b85460c4abd4e2f2d40245a85b42,5,1,0.000090
0x6825c1bb6a4564325d63e57738baa30949eeb8ca,5,1,0.019000
0xb7312d80bda6d3dcc6450e1365a5f320e21c9c38,5,1,0.017000
0xc79a25a96f64d9bd00630b1c946bbfb25dc3e5cd,5,2,0.008000
0x3708b643d56cd890cd0897f722e1874577fc9234,5,1,0.023000
0x297aa86faf8f029d68300dff2398910dfdd95617,5,3,0.200000
0xc7a696912202f68258932fa18dc3c9cbc3abfc26,5,1,0.020000
0xc63682c1ff3c11f3bcca832194789090ed0e7ac0,5,5,0.034000
0xd16ef9e2e274e9e49ad8728af78ae959526dcd76,5,2,0.412600
0x90755fe03e0f91f218aaff144b24d927a70196bf,5,2,0.023000
0xc7eae6b3de5af0164c00ed4c5d45472fa700237e,5,1,0.027000
0xf00bf3b9379ea07b8eafdda2da6de7d949d9e299,5,3,0.041000
0xc7f1f05d4017fc6721355567cef95b53b9fb99fc,5,1,0.025000
0xf1edd1d430efb4612b73f4dc38fca7ddb751ae6e,5,1,0.020000
0x4cf373373aba89b9bbd5a428fd71831bcbc7d0c1,5,2,0.005000
0xc813d46a11f8b0c219b5b6c7ff3f971ed059dca0,5,3,0.037000
0x42d30b72c5394b89e168e80735f9fd96777776f8,5,1,0.320000
0x7dd81398fac7de0bf843bfd874cbea68face17d2,5,1,0.020000
0x4c4324e8a7dcf13683850b54dbe074b3b929fb26,5,1,0.022000
0xb7cac61fe796f3863089f144e9e4738d8a583adb,5,2,0.420252
0x0d8a7df88b5d2a1d94155d792b7721cde5be2b6f,5,1,0.063000
0xa167df71d80589fa73105e33fd2819000ffac8b9,5,2,0.300000
0xdc5ce72b84d0fb29240bc1fef8fdff36e875432e,5,2,0.030500
0x7d7ff0c00ca185eb725a3f0c5a86c4968cf7eec8,5,2,0.024967
0x43ac67a070503a64d8eb045be52a36a23abc5f96,5,3,0.054000
0x903284597f08e281bbbaf451809dac8f0d2e62ee,5,1,0.024000
0x1ccb6e088dce9d2a9963d282afedb85d1ab6068d,5,1,0.013000
0xc55d76da037c7f657a65f063957a95194c0bf2bf,5,3,0.055000
0xc8747229d2deea9902eb84df2f91c069bfdc7eea,5,1,0.020000
0xab5eabb44c6375b5efc26f73fa251c6b6c8cf8a6,5,1,0.020000
0x68bfc1db7d98b07e3a68e41d2c3508565ce3fd3c,5,2,0.019500
0x8fd5b22cdafb751a5b705bf94c2bccb0009e8894,5,5,0.027500
0x1c836f15d2922521a1ad8c946855a834d2969e60,5,1,0.018000
0xa2dea8142aece195210b112f2301324adc8dca18,5,1,0.006000
0xc89e5e3b76dfbe538d1a7d55c0ee1a3e4231d9e5,5,2,0.051000
0x7d34168a9c458398b6aac63269fd5d885317e39d,5,3,0.081000
0x1bf79c395dfb554a42ca683d435c100fd4b9342c,5,2,0.014000
0xb7198b07ef884e01a4fdc2f5fc58d2875b2bd9a5,5,1,0.050000
0x37a9aa68e9a1af549ea8056ae06cfbfc7485c586,5,1,0.024000
0x308d35bdd17a5d8bb8b596447a2d583e42a004d4,5,1,0.020000
0x1544566e851f3cd245f882fde3de17ea4d4cb486,5,4,0.026500
0xf2f126bf085ede7fe654de80493d72157cfcaeba,5,2,0.027000
0x894a72ebb4cd8e452b488e78109c2904bdaa9496,5,1,0.025000
0x87f338b4aa27f7c2570970dc53f2b512b6dfdbc5,5,1,0.050000
0x3a8af48cc62151064c06bac3514c73f883a814a7,5,4,0.057000
0x9aa337fd7e1ea65eb42c3aa9fe115de0ff3a96f8,5,1,0.020000
0x936be0107ba31fe1a041f4bca765697b113b0c98,5,1,0.029000
0x5b1ea64516caf362814d13dde30bf844e172cf1b,5,1,0.013000
0x1540c630a066a23bdf1975b19d242758a8f3181f,5,1,0.020000
0xc4d1ade35b2d0ce06269981dc7265ecb6b198ad1,5,1,0.022000
0xbbf38648250b174ada9461315c614c3b0785c70a,5,2,0.020500
0xc4b82f74eec6a39e0b961699df33072dba140f67,5,1,48.500000
0xf79a23680bcfd0b0921f491a04a0db94de06be3b,4,1,0.040000
0x61eabe23ec7ac82b2fda333299712a111d4af54d,4,1,0.050000
0x1c191d9ac7562b46203e18b93a301940df61836f,4,1,0.012000
0xbad662dd3249190ef68acf32d425b544ec8421fb,4,1,0.040000
0x5f3b8b32de0a77fb97067fc75e89136f3e60ff77,4,1,0.040000
0x84a99fd7603ea0e69117668c30ee6aaf57a2d11b,4,2,0.011000
0xb45602242ea36ffbbd7cb708928e574096e51854,4,1,0.020000
0xb44dd16a6b92913e6de7093307ced3688802d492,4,2,0.501000
0xb449bcc1583d437ec6670840ff3ed073537a8640,4,2,0.850000
0x62eb94605ef1caa06e5bfbd47b91a1d117e9a132,4,1,0.040000
0x62ee8843d1b2847c228095276214cec3ce486d3d,4,1,0.021000
0xb413e6963c1f81704d8913c1db0213449a0042d0,4,1,0.015000
0xbc01de52a2f35bbab5bab251baf2ded97e49b5f0,4,1,0.017000
0x1bf01b6ffc074e8358917c487621b50ea0c744dc,4,1,0.021000
0x878927cc9f94c5d8c8775fe5ad01f481073f42d8,4,1,0.008000
0xbc48b424e9ac815e13e29a79642f9b905f46598d,4,1,2.060000
0xbc633ba6559ff034ee9f27748d2f734f69c902cf,4,3,0.023000
0x632ff2f904cc6ab6d741a42014c4c483f328e92f,4,1,0.040000
0x6365a8ffb27f91e5fb20efa256d1548b4f3f29dc,4,1,0.040000
0x5e5a8c58b5bf8afc747b67dc9740a84121b65b20,4,1,0.040000
0x079f473fa628d68bec16e5024fc42261f00e8949,4,1,0.040000
0xbd44be00f9c1d0a9329694b769b5d0e52132c70b,4,1,0.045200
0xbd4fbbf32d7c04d8e872de842d9d7751d6bf3572,4,1,0.040000
0xb2be17a1930c894668a7acd1840c98709986ef3d,4,1,0.014000
0x5e486831ca81b4a77e713714bb409584bad4db8f,4,1,0.040000
0xb23b3014f89afa2206e0887de31cf33d95becc55,4,1,0.040000
0xb22b095b46380d4875b66b91224015e03362c30f,4,1,0.040000
0xbe25ec9b4027b63f0e92f239ee9624139f8337e7,4,1,0.040000
0x072bda7f0cc4a7df108f1d562581d79a3ee26338,4,1,0.040000
0x0ec3b0e006b94dfa1e729e85b8082a511128d85c,4,1,0.011000
0x64208c24c60c9ebbdeadd9589cf1731bf3351b86,4,1,0.010000
0xbe623842c578564d0c32a4ac980c5dae21b858a6,4,2,0.027500
0x31bdfc5f2950b33daaed1ae5720196af59c51358,4,2,0.033000
0xbeee37f359b7b1a2fcb05107ad29eb4fe24e507e,4,1,0.015000
0xbefbc8ad86ec826d2a188aba9613b08724292882,4,1,0.019000
0x1d8d32661a407e02c422db3db4c06aee32e13da2,4,1,0.010000
0xbf339ca46ac6db87243cdcd4a1dfef6d3edcb770,4,4,0.051000
0x318327234c2bedd96c546b2ba9b9c3f1aed89ed1,4,1,0.040000
0x358f3f0c273f6ce3de6dd4031195ad650b018e92,4,1,0.040000
0xbf9305e6ee38e92c296aa3fb0a844977307520fa,4,1,0.014500
0xbfc178c75f62ae43d6c1e49b29ba6823bf92e207,4,1,0.040000
0x317d89ffcf86c656e6c1652cab4aaccb9d8ef39e,4,1,0.014000
0x64efb1e6b3d9e454840c0b6740b1aa1637253766,4,1,0.016000
0xc0fee92cbd5fe02ab717144eefc3a479c9e11f72,4,1,0.040000
0xc130dabf7f65e09d2036ae569543c6aabe2e8505,4,1,0.040000
0xb05c2be90888df390c93bd0fc023763fd554998a,4,1,0.019000
0x6569b0bdc0d290615a65f157dd926c44908955ec,4,1,0.400000
0xaff5aa252a2ecbd83f8e51e8d3a2f5361ebf8495,4,2,0.046000
0x5c2056d58c918378d8f2983abddefbcc1b743a6e,4,1,0.017000
0x65a93787713dd0a4a6125bada8f416b9efc765b1,4,1,0.014000
0xc29c92f60ab6d70e9549c24deb03da6b6da184b0,4,1,0.040000
0x036361cb2e8ad54746a8e236112d64fae4ce05c1,4,1,0.040000
0x1afeb9ae648dc18b96be9d51bcaddf8352bce5ab,4,1,0.060000
0xaf8116475a130ce34a73ddeb98681915c8e5c49a,4,1,0.017000
0x3652388b3fafb0ed19936b3cdf7e0b256c3a5a6a,4,1,0.010000
0xc329ace3b4d350bc5cf684448901a1429dd6a5e1,4,1,0.040000
0xaf09f51063096586a23fe14c873e0fc2228f1696,4,1,0.006000
0x5b94d5904802f386ab7bf8a67df362adc490202f,4,1,0.040000
0x662a23070b3862657572497f0323f9e11ac8b907,4,2,0.016000
0xc3d28f729be1f25103d32fe513a07e3f5864e943,4,1,0.630000
0xc3f4b8fe58bd959c9ba0631a333def582365cafb,4,1,0.040000
0xc3fa57e2f5b7c08e19454555c7453146d34fe21b,4,1,0.014000
0x5b53ba7ff34f72faacca923ac82991f0c8e005bd,4,2,0.360000
0x668c3f4e9773e78cad466702296afa4e64e046b3,4,1,0.040000
0x66aba0e8b5ef82e97a2a7e7ecf09abe820af3eaf,4,1,0.040000
0x30d3386c0597bb7d46b6e56195de9b81fc03ca57,4,1,0.022000
0xc46284c8ca15db1a9d45e56ce4a783dc3c27dfac,4,1,0.040000
0xae99a9224f11b8d7182bc9331f40b130f75826ab,4,1,0.012000
0xae6ac6a12aae3c7199f783d67a3d22f187071834,4,1,0.040000
0x66e6e600a0776bfba147bc4c9ec5a465e21b1886,4,1,0.040000
0xae2f16ef7109743317b57e6291917861b2b1f050,4,1,0.040000
0xc4b8df70072dcfd6c7e0845c122167342570ef67,4,1,0.000042
0xadf33041ce0d10420a204de608333a2d9503a297,4,1,0.024000
0x1acd4ce843f2955a87047a4201f473485a8c51fb,4,3,0.031000
0xc51a566f32a1c7cc7b677cded266490d13c9682b,4,1,0.040000
0x671bc1d15d85a2d3806587bc0283816ee0cf8643,4,1,0.040000
0xc5731e4f96f8b889c97245c33d67ec10c2a64bce,4,1,0.040000
0xad32ba85d2c628cfd559f2db2df59039c2beb939,4,3,0.009000
0xad11fdeb0c23ecc2a4afa2825124f9effb20b089,4,1,0.040000
0x6748051a28c952ed1812b2441fb8faaee6450d91,4,4,0.016000
0xad0771a96dd4f85c72bc7f9fc687f9413798c182,4,1,0.040000
0x674d22bae8c11414f2d7bbd93543bfc97179b2c4,4,1,0.040000
0x6762a4aa9cded80e230a0ae8d87fc9abcf85386f,4,1,0.023000
0xc5dbe862eb7e3c0278d4e62891cc8ebcde5896a0,4,2,0.024000
0x676a84911df283ea3853a886af249c74833af922,4,1,0.040000
0x6799c60bcccca991866b552fe091d00dfe936251,4,1,0.021000
0x3722038ba1b7654ef760e938481245b30857cb38,4,4,0.028000
0x5ab873be18f1811368665a8ecb0b7bd01dc5c0ec,4,1,0.280000
0x5ab64475542f9b0443fd86325d472c82f995f4e1,4,2,0.011000
0x373086a250a9ac039e0c72ce4213373edfb78ffd,4,1,0.040000
0xc6f0451c36aa0c9b9c0e3a26562d95c7787059b1,4,1,0.040000
0xc75d0d151fff38e77e1d03a2808b26421abfcf17,4,1,0.040000
0x0f3cb2ead380edc590d094eaddde85eba38b9f60,4,1,0.015000
0xac16f9b512b657998a5c264842811914ebc559dd,4,2,0.170010
0xc7dd97586e52b0a7039c4a3e80efeba83be87a57,4,1,0.040000
0xc7e38e53873bb02333449622f08cb1952d499cc1,4,1,0.040000
0x26f30d4150a021b51a861791f878606ec70b543f,4,4,0.021000
0xc80362db098d32af409f7ed2b0445f68d164763b,4,1,0.012000
0xabd75733069733f0d28333e9b2a7bd4b06c7c23e,4,1,0.010000
0x378e167f09d746cf06c7591b5a5700cc691a315f,4,2,0.016500
0x47b667877942b35f9b10be6d5dfdbe4f8f9161cd,4,1,0.050000
0x37a9252ef9e1800718eab7dbaf927624f188c40e,4,3,0.028000
0xab5108a2724c1cd42912e8fe9120a2286f1b3521,4,4,0.024000
0x68e3bfd26b1e19abfc20823644d711a617f39f6f,4,1,0.040000
0x300c6f1fd10ec21f94ac902cca7ce28e4f151473,4,1,0.015000
0xab2d5e57a19b87d3d6fb1fb6a23dc1f29dc03b74,4,1,0.040000
0xc8e511ec20a9e054be5ede9b5cd29cc139b786e0,4,1,0.040000
0xc917c6e28bc2065056861201a51777d52ae3f5e0,4,1,0.012000
0xc922a5a98ecb033f55717fab4fc43ffaa14a8a9d,4,4,0.024000
0x690276accde8bd86069b597b287c88834ca1ccb6,4,1,0.020000
0xc93a5f3abe1794d880c6dbad2606ea0d7688e1d3,4,2,0.022000
0x5a31f8f47b2939e40c6c3f43901b3227e69bf695,4,2,0.015000
0x69390dc5b4a96d05b500c6351176f3d1f4beb765,4,1,0.021000
0xc97d2011b8a76167d45f2763372de6079952d745,4,1,0.040000
0x2fdbe2fd4bd0fbcbd08cf8fc5e3794b3f4d433af,4,1,0.040000
0x03fa03348d6bd197790205f26cea07d3567d42f9,4,1,0.012000
0x38270ea664f98cc22696030db8f935a3ad21a185,4,1,0.020000
0x699ff70766ab5bbd7ce9781560b69f4093ed2326,4,1,0.040000
0x1ec5f02c896e0c2839a34e4a1a568b4d45ca9723,4,1,0.040000
0x3865124845523d65a687531101af61b57542f22d,4,1,0.023500
0xa9abf7e1f5442a254ea5b2d65ae956d9b3990ad9,4,1,0.040000
0x47b36807f0bb2d9b817d55e260f11a03d8fbd7e7,4,1,0.028000
0x2f56c5f0acb75ee824f3f5579d62f25a4f3fcadd,4,1,0.012000
0x2f505f6aa868b22f616f6b2ae226e3c302c120f1,4,1,0.040000
0x2f3a358a37051e2dd5ebb5e8f070987b6135417f,4,1,0.040000
0xcb0e7924eee32ba96f4f2c61846776fe08b7fa7f,4,1,0.012000
0x38a30efb7dee5a4909dc535faa0733f8365d841a,4,1,0.084524
0xa93e217b320f8b6291a240a96a7cfde275706fbd,4,1,0.040000
0x0f9106a932c41c54c9fed1930758a633cb05c78e,4,1,0.080000
0x58d85f7c0cb03f73394347304a1018ff010cd6da,4,1,0.012000
0x6a956dc4b893b4efbab75ee3f20503bae72e06ea,4,2,0.011000
0xcc20edc37b038f531a543138ad570a52570bd24c,4,1,0.040000
0xfe5df6aabdd2cef34f9e127a3dd7b9866395d108,4,1,1.070000
0xa89263c459c92f454c8e20b6902868b09f0554f3,4,1,0.020000
0x58a7f747a44f7a0c649b72026124d5652956d886,4,1,0.040000
0xa87a7f7d5680cc72f39b7ccdbede17047ec63f71,4,1,0.017000
0x391e22c9578d6d39731ea91b74c1a10f8d32c320,4,1,0.022000
0xa80c3e7270c1447e893a05815477f1c23c9c9825,4,1,0.040000
0xcce4fead8c480e40440739d5d6cbe7c9f9d39ae5,4,1,0.017000
0x46d9ea331f707bc6973211be9913d596c1f7354a,4,1,0.014000
0x040d5a87ec7e675201e38846966d0afe3b1e07f9,4,4,0.048200
0x850fce426982000751833980ab903179a08fbc8d,4,1,0.040000
0x2e94fd75b967549f223ce16d1ae791a585cb095e,4,1,0.040000
0x57e10536bf1210f96006aa8a29c5b827723b2998,4,4,0.110000
0xa72bb0b8943f17abaaca5796ca53f9e25953c9e4,4,1,0.078131
0xcdb9ed1ea2f6abc2bfec2ffbcfc3b3d3f3b4f62e,4,1,0.040000
0x6b9bfd98cac24b1eefd73fed2618219d761f7ed5,4,1,0.040000
0x6bdfd1135eb17e311fb1fa8485659cda6dc54ac3,4,1,0.015000
0x0d17a72a1f233a08bf8e394b58708044426dcdfa,4,3,0.022000
0x6be6d79952c6e94854e71c75f371c67424b1a119,4,1,0.026000
0x0d0357578321cb3e1e8117c888ca29957b174629,4,1,0.012000
0x19a481a2dc6e8d378366aa1cdf168bbb70797b69,4,1,0.021000
0x06e2b4be7e786ac6908de5f042209fa07ab5310d,4,1,0.040000
0x851f9f5901e21b7df31b76f9c160d237bda7a478,4,1,0.010000
0x0d0130ebd39da9cf57996f2eb5b39717eec28e5b,4,4,0.010000
0x2e422a3ff779d14c92b22878f6b7e826c2d79926,4,3,0.007000
0x6c684ddd1f7676b65a7a08c5cb96899057dcd735,4,1,0.016000
0xcf078fcfbbc90337668a499d02ca1980459b3d50,4,1,1.600000
0x39d14a7996117dd4a0fd15ec24d48234deedcaf7,4,2,0.021000
0xa62189a70aa15bd2e078fe3185df1a3b06e9f906,4,2,0.150000
0x0205595bb98b2c525eea90f5be570819266939a3,4,2,0.027500
0x5769ebde2bf465decbfdfa93aa7391502936fc0f,4,1,0.040000
0x1027e89b35920ecaeef672eaea55c84704bf5d6d,4,1,0.035000
0xa5e639c70c496cedaf9b626b61a5de5a44227a12,4,1,0.040000
0x6ca9d749876f76680ec8a86b0508d9a43e0cc029,4,2,0.060000
0xcff72c360111cc6240c4adc98424c9ca4f816e47,4,1,0.040000
0x201039867a30b6609bdd6b2ab4b0a20c4917c148,4,1,0.415000
0x1028b67122dcaf428bac5b9839f9f3a581665b77,4,1,0.040000
0xa5b33edc1c6ef4e7247cef5371e14d66bb817ec2,4,2,0.070000
0xd0588c940bdbfcfb5f3e8e3c843ed1462d9f828e,4,1,194.947725
0x6d34353c90d1e92718469f8cecf64c9e7c41a1e3,4,1,0.014000
0xd0ca7e29b6240d74dabb9943b2732c48e47737a7,4,1,0.016000
0xd0db17770b1dd35b1f70ac14e096ef566447d65d,4,1,0.007000
0x197be75c41601057876c4b12f40883d578f58c08,4,3,0.022000
0x3a49460fcbb648b9bfd51854207da57260c946ce,4,1,0.040000
0xd121cb84f1890584ad2f0e1bc12561fc3ea5846b,4,1,0.021000
0x104e4304f0153b488a9619428a420a1a9401392e,4,1,0.045386
0x2df1e45c982879542a66971eae556461eb715384,4,1,0.017000
0x1975071b7286102278e5ae432322e74fa5b006b6,4,1,0.016000
0x20953b7dc744327d8d7f48b000af296ffdfddbe5,4,1,0.040000
0x6ddd962c5f1c1a9391856be3d9a165b383cff998,4,1,0.310000
0x6df0e7f2b26bb35c9710dd823310d3a5226eae40,4,1,0.023000
0xa4a346ded09ab8907bc1b9d0dd1f0b926e4ae168,4,1,0.026000
0xa48fd7e6aee1939241df6d8a3c9e78f340039bba,4,1,0.040000
0xd24c53d6edd41ab084f56b81893e35f49d22345b,4,2,0.023000
0x56be01979b5ea3a85034ef5925766f4039399916,4,1,0.020000
0xa3e870fe87cd6680671d63c32c636ddd6f3e734f,4,1,0.019000
0xd2dea3cd70b66c13ba44c1d23860ed50ffd32cf5,4,1,0.040000
0xd313c2feffa379690ed1f56da780e1ab93f9d345,4,1,0.040000
0x00b18fbb5e6f5a385563247d18ee2682eba0eb03,4,1,0.040000
0xa3ca75bc2d627ee40fd5070305c30a5d52f4c349,4,1,0.040000
0xa3c410818cc724e5ed1bc95401d5ebdc7b7c240a,4,2,0.033000
0xa3b676cca9b33eab19c1c82c25cf30519285e35c,4,1,0.024000
0xfeb0ad92edd0aca0ea1ed57830b7a714585127e6,4,1,0.014000
0x6efa4dbd3eaad714718765debca2b7e09f1dea2e,4,1,0.130000
0x55da8d138cb0683ead2c41da622e39f934cdce78,4,2,0.200000
0x3b4cf8fa27dc0109cbd5c3849c9b4e8ced3add73,4,1,0.023000
0xa2d1336e8b6ff33e6e5692f53f2fef293d732caf,4,1,0.040000
0x10921a2a2e3f8a427f2af1d494c92bf537bf46be,4,2,0.110000
0x2d6eb9a6be7c924c8824530c1ec2a8f1b5b20cae,4,1,0.022000
0xa2beaf326cd2a4e0fd0e33b2e3a9f0e434d32c11,4,1,0.021000
0x6f5a907d4dc4ed2d9b3c44917ce238cb6ddf71bd,4,1,0.040000
0x3b734c5917fda15abb6d6844f7bc210e78339b93,4,2,0.011000
0x109e6b03293ff44b3829e448b3f6a195d55b4628,4,1,0.040000
0x6fb4ca5e18741c5aa09e5af477ce74deecd07460,4,1,0.019000
0xd54c9f7c981380fc95db202c3921b68ced764dae,4,1,0.040000
0xd55474293947c2aac935b13a529e3c722188b764,4,1,0.000110
0x032da310ed43ab84ecfd544ff00b2afde25f2a87,4,1,0.040000
0xd55d7e26241c9d5a0b69c2ad2714ad142850df76,4,1,0.024000
0x2d48dd69f5e509814cde26a5b811a6fe54bd130d,4,2,0.023000
0x856b372a703fd139a8744299560e0fd6be0649c3,4,1,0.040000
0xa14dbc1cb2bc3afd7f945ccd5495069e1d22ab43,4,1,0.040000
0x3bf134e68ba9ce92fdae885e537551f3a0d895c5,4,1,0.010000
0xa12f8527a98d09e26d401ce1b54ee7ec74721462,4,1,0.017000
0x2d0fe72dca77721d3d595be22764ee7f959c479c,4,1,0.040000
0xa11757bc08552955800d3cd53a9f4f63f88d7336,4,1,0.040000
0x54eb3189cfd0e38a740414075ff6a830be4105ec,4,1,0.040000
0x215d6eab74b5e1f1ace2a38cfb9d4f7356c81828,4,2,0.035000
0x54ddad7c91f71101595e470fcc0c5f22d43dd8ec,4,1,0.014000
0xa0712376d05f5a03ffaea5bfa301f8d77b16adf3,4,1,0.040000
0xd7f2e8b80ac08ec7b35be07f9daefc85036d6693,4,1,0.040000
0x548e2ed2fa19b0f2bfcee205b4e07d2c4551052e,4,1,0.016000
0x18edc8d43d4014761dcc429e0c6b23ac66a7e5e5,4,1,0.022000
0xd847812410489e3d85fbe9b65aac4fe9e324fdd2,4,1,1.200000
0xd857b79cccfcb9a19c1067476d1c065ce6abaa96,4,1,0.040000
0x2cb8b9e93a44c07d65b9f1f7d5cddb33217fc4ab,4,2,0.015500
0xd8a5fbddecdde8f201ed1afccd4d859ac7144e4b,4,1,0.019000
0x5436c71444de1e0614f0e41202612d9f16e13f90,4,1,0.040000
0x9f7c6a3e56dad4c5865917d450586cdeb955fc21,4,1,0.005010
0xd90b0d0946856f472fe033dc34b7e2cf51db1b45,4,1,0.014000
0xd92c7a0cffe036d362e18ff200dda5c60515f102,4,1,0.040000
0x2caa4dc126f83d193c8749254609e7a9d536e4e1,4,1,0.021000
0x71eaa8e1604cbd23fae49c6aedce7a43cefe3d4c,4,1,0.040000
0x71ffc30e46834deb2da71812b245088a3bfbd481,4,3,0.016000
0xd992d10f0a2304ac8d81b3b585932ddc7135a7ce,4,3,0.061000
0x3cd5b649f2d672f2588671772a16ef9bb3a65079,4,1,0.040000
0x9f1bb4901f104dffc3aa8bdc759bc81a3407d858,4,1,0.040000
0x1117bb25747179a346109cf06f4686a989e74fdf,4,1,0.012000
0xfeceaa3610bab0fcfa75eb78532a4e188d0f1e38,4,1,0.018000
0x18b1f69bfbabcc8d1dbf3ec7b50cfd4a7b906de3,4,1,0.040000
0x3d257c23d1f8994afd15f6d820c83a2dc7c92f0a,4,1,0.660000
0x727fc3659f7a85c72e42d3d0e5a64e93e52d4f65,4,1,0.021000
0x72918b63f4341de7b493605d4c8e067846d4c0e1,4,1,0.017000
0x72b494c486c72f561dc5c5094c6584e21a5f0175,4,1,0.100000
0xdacc663caa79cd9f22f4bfa39bfc8864619b8a83,4,1,0.060000
0xdae61ec3ec09b47c34cdc62236260966d66b54dc,4,2,0.035000
0x730020f0f547d06dd6977bb7666d2ff363d534ad,4,1,1.000000
0x21f8785db77fb1827e0c3e8d2620713f87913a5e,4,1,0.040000
0xdb8dd1bf2a0d44552b2c7e83fb56443e75522ed8,4,1,1.500000
0x7351c2d20231525a9705c8b4d31d5cb7f66e40fd,4,1,0.022000
0x022667a84ef34717be8750ecce0a946d56afccba,4,1,0.017000
0x1889667766bde994eb5dd4ad105bbe6353f1da65,4,3,0.030000
0xdbffe4b9adcd309a6fe7e6f55062755a3e1b5305,4,1,0.040000
0x2c0c69125fac378755ec9b88d4ba3fcb697611e6,4,1,0.026000
0x9dc437304d3ab658a0bb06babf4de5ef961324a7,4,2,0.016000
0x067661a6e4db7834d5f4b9d9f84b95a8c1621814,4,4,0.021000
0xdc2f16784e744140beb4433e41abb2a0d48e2881,4,1,0.012000
0x9d67e969c94e3ef3bfd85a32e68659abd00e433e,4,4,0.023500
0x022dfa74c26e6b89a7b0c55f5dfde651412b98d2,4,1,0.040000
0x74416ac40a56bb9b757eb09d2d38e5d3fd06c0db,4,3,0.015000
0x9d3a4df9e9ac7074e7c35347f21921d98febf86b,4,1,0.021000
0x7454a43a9bb62f219d116bc4aec52fb392e18e21,4,1,0.040000
0x9cfce1f28e3f1669d56ccfa6e0b938dba8659991,4,1,0.024000
0x74873450d55d7e4a160a0495c879c5d4e2b0e778,4,1,0.019000
0x2271b60013c87d47edefdd96a33fb0e7d3a52338,4,1,0.040000
0xde5e231c493078a9ae27ba91039613b5da53f701,4,1,0.040000
0xde61d8725744e7f3e18191a62d0d84c0cf8af475,4,1,0.040000
0xdeb6dc49c0c2bce7f81df8f24c2a724816627d95,4,1,0.015000
0x9c6a5e6a3fd0639e8d1f8ba1589e37fef683cd3b,4,1,0.012000
0x3eac6d932c4f5f4e870d311d008e0e385a755941,4,1,0.012000
0xdf1e23634381936bdf876ada893732cb9220c4dc,4,4,0.050000
0x754f67ca2f6db6a0ff64cec97f173d61e04cebb8,4,1,0.575000
0x5284e8478a8e2b340283829daa35868c61a1c058,4,1,0.040000
0xdf6f504d2359c06e99e396ccae992cc9264dcaee,4,1,0.014000
0x9bac2fae55a6f4ce531e3a16883e60ba4bd1e6e1,4,2,0.016500
0xdf7ed8b45ae91a0881c83a876747af1ffb48c36e,4,2,5.060000
0x524861be8a8721c453dc8b5f7713a1d784f1162f,4,1,0.023000
0x75892eaf13dcd32038cf3e5171c23619850bc497,4,1,0.040000
0xdfaf2f97537efe01a700f1bdabe886a74ea288eb,4,1,0.040000
0x75ae06fd0e15b36902c396d2034c22901208ece9,4,2,0.015000
0x75b0d427c1faffef34997d2e5733df065f682569,4,1,0.040000
0x75b282ef9af829a0bb4bd937eb82ab8c02d636ef,4,1,0.100000
0x859b64670f2a6e3b87fe879f873c20748ec00726,4,3,0.015000
0x9b696fc2c7e592dfa11c00ccb9c1c8a7f4dad56d,4,1,0.100000
0x11bac06ac741e3b4a588f219badfe534351bbd8d,4,1,0.040000
0x75f8dcd10fc005ec8b7c98b3a1f09ed4b8fe9207,4,1,0.021000
0xe0891ebd8484055890d441c1f22a5165104469ac,4,3,0.026000
0xe0b2bf1ebf16ddaf46905cabc75b623261e87c39,4,4,0.067000
0x3f26119ff2c8b2482ac3d21c7d4a92e38bed4f18,4,1,5.460646
0x0c301369e7ed1902d27f5a764102f7aa5c195cb0,4,1,0.040000
0x3f31485741d920e178504eaf7d8bdabc6566ca72,4,1,0.014000
0x3f371b2aa79c12bc9f400ccc4ce04095ff7d3e23,4,1,4.000000
0x76935956fa1c04ce2a46b8ad315a6f45ae7854fe,4,4,0.020500
0xff01bc5a213b45b6326b47c27c3d625691e39ecb,4,2,0.010000
0x76bba520adf66bdb1cc502bd5d35441d15079e96,4,2,0.016500
0xe16a0f4bee0bf426ef3ede7dcbddefa3ad5e05ba,4,1,0.040000
0x00a41e5da0ff074d8b10736892eba1f6c4f6b64c,4,1,0.040000
0x77049eb21ef338d39b7783381fb341f256da0db4,4,3,1.158500
0x5164274d69e6dd787fbf4e1390bc03d87c8bd29b,4,1,0.040000
0x9aa39db285715b70f5372604adc4e9ec37ae97e4,4,4,0.016500
0xe2291bcb80886b55c7e12fe17fb340cc2ca6ddf4,4,1,0.014000
0x511c2cb563b2808817e8f10e37ce5c2de5bf4f69,4,1,0.040000
0xe353e48d4c56d3dc6bd10212b4a44453cd03191f,4,1,0.021000
0x2312d90008be70a955160ff9f475656f8b0dafa8,4,1,0.020000
0xe3802a029313e1bcb564d1dbc44cfb01703c7785,4,1,0.040000
0x04d193a332f38980ec9a5ec87789009ab55b5dde,4,1,0.400000
0x99dc9ba2012c78a5b50c01ce3ad7d141ea81cadd,4,3,0.026000
0xe39ed486f256a20ecf99d6446a9e06ca6a76a41f,4,1,0.017000
0x04dd23b631780d85f682590a5aeb8d29b19bd529,4,1,0.040000
0x7806c4edfecf7125d09e29bdf21b12b26ccbd91f,4,1,0.019000
0x99a4003f944a820504d1a618083d6bc9d82af0fc,4,1,0.044049
0xe4b7d6b58a53152a50ca11921caa75b7e9370f1c,4,1,0.040000
0xe4cb2296db14753461b696a9f6a102972fb3bec4,4,1,17.390000
0xe4d1c89373668bb683096f1145e66d8d7cc3bed7,4,1,0.012000
0x4030512155cf7c4bd296fc6e531cd218cdab6e2a,4,1,0.000008
0x7896aa387017e1cf95e2127feb433cd904bd9fec,4,1,0.024000
0x78ce491a984b9be558044d093b5f9d89efa147f3,4,1,0.040000
0x78cec17e0d97c5b4da5546d542bcaaed303ff3dc,4,1,0.017000
0x017c5904318bb2130cc0376855637dc58c4c9cd1,4,2,0.015500
0x79139c4b4256527c93c46bc5b653d6b4089276e6,4,1,0.024000
0x5024185968efd265e11099ffdb108056b0870e13,4,1,0.040000
0x79150ee133be3d542abc7e3af8b7becb05fb108b,4,1,0.021000
0xe5995fc6d456e8587f7c37f609e069a956c28f1c,4,1,0.120000
0x06210bd8c469e08ecefbff67c4a66c36712bb510,4,1,0.040000
0x173ab4be16c9898e65b69a48e42d0de8ff46a8cb,4,1,0.014000
0x4077362fc6a1c72d14f760c3d077518f86f5aa8f,4,1,0.040000
0xe61686ff5628cfadef7cbdee18077fb81d414937,4,1,0.040000
0xe6486bb804bdbe1afdf7719cf36fb99c159f3e2e,4,1,0.040000
0x4fc1d8fef97234de4b0e6c92af21fb633560b3e5,4,1,0.021000
0x475f589bd4bfe82b333b8006dcc278f393b8e124,4,1,0.200000
0xe669a92cbdc02af6ed2675b92d08692862130290,4,1,0.040000
0x85c1b035853797d81f8489023b954530d46f07da,4,1,0.010000
0x85caa4c3cfe6f0f8f40a5e5c5ef4bbec338df1f7,4,3,0.024000
0x4fa9b8352704a50e32e42dd4b5d45ca42711b868,4,1,0.040000
0x4f9ce8a504eae8d02a251f96852bab8ce9f846a7,4,1,0.021000
0xe7071e6f347d62291ae750ade46f69c7f58d92e4,4,1,0.040000
0x9778f06eec4b21c944305d5122f25ff3cb3db21d,4,2,0.022000
0x79e0b703b4a529e848475ee87b1ee07c5b5a5636,4,1,0.014000
0xe74a1a9d3d282a8622939f687b184770955eafc8,4,2,0.050000
0x093d7fffbf7acddcebc4316df74a81422ecc3e0b,4,1,0.040000
0x866c2bf7829c1432db1eed2e1bc6f7640d534ba6,4,1,0.040000
0x09ed8066f0c32eb86b8a83ce6d4ecef7b33d64b2,4,2,0.015500
0xe7d9a4ec7aec0e6952eaa4e82ce7c27460837a81,4,1,1.000000
0x11f7cebfc606fd3751c6e622cfb62246e6e5172c,4,1,0.012000
0x973793f87fe5df921a40b71ff82b229bb276c776,4,1,0.040000
0x2389fc586b67913e30f6546e40018e6a8d972fce,4,1,0.040000
0xe82ce9b2ab2d4d2863249cb7c3f8eaf65b95a90f,4,1,0.024000
0xe8aa1d29087c52816212cf84268639bd0b3b214a,4,3,0.041000
0x41094630311f5d4b65d9370725ea95ce2d793a1e,4,1,0.012000
0x7aba3dd9878dba1b69cb4b9bf4a435398302507d,4,1,0.040000
0xe90316121189715cdc2515b7c2673658b810b751,4,1,6.430000
0x969c50235e3d4c74a32b70eb601518dc23f28250,4,1,0.020000
0xe92a38d2d4d221a8f02bc51f6bed255d119e314d,4,1,0.014000
0xe96cf7600c1ff457282750779c0ba1e01bec847a,4,1,0.350000
0xe9962e29c9317fec23633627cce8782000f4b2d1,4,1,0.020000
0x7b5bd4b5ab9f1dfe8bd626ae6b36701e0dbffec4,4,1,0.040000
0x1694dc9d58c1b54e01030ba17da2cb190edec402,4,1,0.017000
0xe9df297f680d39f4c00466893ae9a1aaa0204ff7,4,1,0.014000
0x12017b07558c194c2c3abce6446785d842773eec,4,1,0.012000
0x4eb28377953ff07864d8fd4277fdfbf99d68dca7,4,1,0.016000
0x4eb22e0d5fe5192a4926d62afcdcea5030111e07,4,1,0.040000
0x95bfa897fe101b91aa5e8e90acef8fbd9c8e534c,4,1,0.080000
0x4eb023333ee0ecfcdd75c23ea9b0a1da9516424e,4,1,0.040000
0x0b7a9d38cf9226824b18dd92af0fe05f6e56f7d8,4,1,0.040000
0x95a95db044b30620e13f6da0f72043fdb5daa0b0,4,1,0.022000
0x95a0ef313170214cd28fb9e864e2230ff6978e65,4,1,0.040000
0x2b0331fb37f358a243e5656319f32535fb069e6b,4,1,0.040000
0x7bfc3ebb5447376594a5032d560b8edb96d61d2a,4,1,0.040000
0xeb34e83dc0b5b9c5bb3d4797a25f6fd7f782c427,4,1,0.040000
0x4e504305cf58f2ae34dcaad3ef1d32f6378e0d0c,4,1,0.040000
0x41fa5a53a16f09eef5536d78f623e8554d513026,4,1,0.040000
0x94b1b654e4d52b4f7500abb82eda73fc53676a55,4,1,0.040000
0xebd85cf6afdca5fe734eb1c4a27c118392de0e0a,4,1,0.016000
0x7c50d5412a36ca5504e3b42c4de20e9ab4b4c4fd,4,1,0.040000
0x4e16411295637355b7ef233b2ac12743dc2fabc6,4,1,0.040000
0x4defb9afe6ed6d16ed47f976da743cd7fc6ddcae,4,3,0.009000
0xec5d428ac00ac0149ecf2ec8c1fac9d5637449e2,4,1,0.040000
0x9431ce44de1616308a7de63808a45c988f3d2ee5,4,1,0.021000
0x2a7ae153f813e32ef3daa76b1c20aff6a6a03d7e,4,1,0.040000
0x93c9264ee3e797eb47571ec3fa954b8cf6290c15,4,1,0.005600
0xed1d3af8f52d7f9460eca94f1bd779b4e46de063,4,1,0.040000
0xed20fa8e662bf18c2513ac596285592b8fb78dba,4,2,0.023000
0x7cbdde06fa445e7cfe42ab0f38adb32c90a2f826,4,1,0.040000
0x93b13fd3872972c8fffb957c627312634d5187fd,4,1,0.040000
0x428c80beee88a5a0b42b681a57d7a21f75edb0bd,4,1,0.005000
0x939f04c0f697c256861a07c310a81d8743671fdb,4,1,0.040000
0x2418918d7eed8257ee8978afd4fc927c2c338ec7,4,1,0.040000
0x7cd19e55080ce1312956a56b1f8e96245af8e5b0,4,1,0.040000
0xedba4a26c1b6fd3e788800fbb7b40c3caf871a81,4,1,0.035000
0x93862e5b2b1fa10a01772e7e9ca7cdc7deb5ca25,4,1,11236.149110
0xedf01f23aa99002a0dcdbd3236cb1dcccd5ed7de,4,1,0.040000
0x7cefa767c82d95a67022206d2806216109ad8a2e,4,1,0.040000
0x93795a2057ecc0aee80603c7c7e3bfb8f084ed76,4,1,0.040000
0x7d008aafa92c73a97f3a6295c5f97e2db4eccd23,4,1,0.040000
0x4d7ba1c04b5473cadd7aece2fb982445c922e823,4,1,0.014000
0x7d21ab3235ad57b00e2b5fcf6639c4429efd160f,4,1,0.040000
0xee7c2aec1da1143352338fd33349c8de8ce7661a,4,1,0.040000
0x05e2ec86591b3f87b2366986e640baf22779d3c0,4,1,0.310000
0x2a1f99b377dd06a319f8c9d1ca3a1326e72ea467,4,1,0.021000
0x7d388d916318faa0d454c0f05a344cf1f2322e7e,4,2,0.031000
0x7d6e9fcb05d8471d7a17b63e8b9e560c516dc33f,4,1,0.040000
0xeedef83d8ec2dd6aafb59e1b592b1674b72080ff,4,1,0.040000
0x7d8ae3fb8c7b243bb6514971133e406425adaf6d,4,1,0.040000
0x4d1b8a89241ab0577e9c6d81a1c17feb46bd497d,4,1,0.019000
0x29dda6b20ba4120558edfeb0f12106700603744d,4,1,0.040000
0x9207198241db138d2e5c74c07530340b3a5fbe9f,4,1,28.583655
0x003c234c24a6d4e13a39b41d5372593dd3d8d773,4,1,0.040000
0x42dd2241cb790200e07fdf3d17abd2889af364ad,4,1,0.040000
0x244b6961f2cef1a701dd83067b85c8fc76a841a0,4,1,0.040000
0x42e253a57685e339b84ac0f8f38c4ced90242998,4,1,0.004000
0x42e862061c3cf5667bdbe1462f2284dcc9a566f3,4,2,0.023000
0xf01fa4fe678ce225a10ac1471eb1250fb4ce2bf5,4,1,0.040000
0xf097146e2c804fcd8ff7f4e14b095a84ceb0dfd9,4,1,1.200000
0x915602e2579fa616eed97e392b8a749f46a15389,4,1,0.040000
0xf0aa5126ca88ccd3f292a788725d390f765b8ac1,4,1,0.040000
0xf10998996d1938ef95e5929c40f2727551ca4579,4,1,0.019000
0x435af442cca32235122b3f680327130de93c2f66,4,1,0.012000
0x90de2546269324adebabd63d35a6f7c479e7aaba,4,1,0.017000
0xf14d1f75712bb926abf0341a28132bd00f494a76,4,1,0.015000
0x9079ee5c72c15226ed5e0f46a6a592b2ae18b7eb,4,2,5.143000
0x0ac7da72f42705ede7ed2cc91e1ce51d4440707c,4,1,0.019000
0x43c2c74a7a047d4a870ef10386947a51d8073e2f,4,1,0.040000
0xf286f98ac937bc98fb925f7e32daec3ff043ba91,4,1,0.012000
0x154be7530a2cb01b9109bea60a43adc39bd6a005,4,1,0.022000
0x28f6dd4a6c20de8b1707fda9cdefc9900ea691c5,4,1,0.019000
0x4400be63ee451050518f11e7f7aba705c025ddd1,4,2,0.080000
0x8f53531add2f20cf77b78ecf5162b08fcd2d3aad,4,1,0.012000
0xff85bdd0d6cfdaba8279ec17dcf69734e88dae05,4,1,0.000600
0xf37e1915a879df45d694076579bc927979f13930,4,1,0.017000
0x8ed5d21f69ba7d7d05e4bae661ff905e88aa2854,4,1,38.000000
0xf402a8d0747c9dc67ef3b047013ec86b5cfdd6b5,4,1,0.040000
0x8e5f602bc90dd316e60faa7537fcc586b64d86d3,4,1,0.012000
0xf4ca9878e39e2f4c04eb4032156b6b7716106e64,4,1,0.040000
0x4b54c03c52abe8bc2d9d4364c1cf574c8a77c1c5,4,1,0.160000
0xf4e297e0b28bdf7989ccea36cb764104a725492d,4,1,0.040000
0x4b3f6fa7fc7e27aeb7497c316eb8801099669644,4,1,0.012000
0x4b3eb4b6836d9464e48a5a5424c6631909e761a9,4,1,0.040000
0x8de9f23874574430421d1028c529a3b7f56c0bc5,4,1,0.040000
0x050f68698040234149f191805e24b8f0b555e8d1,4,1,0.040000
0x8cf0065621491446672b5790b118164c3b37ec16,4,1,0.040000
0xf6ba788e36e69c2b6dae3e4bcbd166cc5b6d8f58,4,1,0.010000
0xf753fe88a86b05d64015c5f90eeab5715696c1f6,4,1,0.040000
0xf7584963b75be8094070e5f8f03afc3255e77e39,4,1,0.040000
0x812f2f1be4b85bc3bddb35c1cdff2ce31aa7d05f,4,3,0.013500
0x455df653ac689ec3b32491a5a60a2d14c5f9099d,4,4,0.032500
0x8c4aa6b2bea78abf7594934ed20ecbc6679d9479,4,2,0.210000
0x28097da84f270e45d2ae1c381209a1aeb1153d4e,4,1,0.040000
0x12f4e8226082406cd95bfa4d78f2fbb761bd21fd,4,1,0.040000
0x4a472266cd1b28c9aa08d77f79b5620a006abe42,4,1,0.040000
0x8191e50410253f9ea5f0a496d813844eec4dab70,4,4,0.047700
0x4579a14ed96cfdacb46b4fa6fabb68693e9dcc16,4,1,0.012000
0xf833f3708b0209f0322bf3b0de6cc9fa52524549,4,1,0.040000
0x14b8a3322a4b1acdc3c4099984b281b7f6d91805,4,2,0.200000
0xffa0212b1cab66f4d0a016b9d6453a7cfe214f14,4,1,0.040000
0x81dee165ec91ca3b01414199b6ee3cc8a82fedb8,4,1,0.040000
0xf8b104817dceb3f9d069d2296180d8253877981e,4,1,0.016000
0x05187160597a0ccbcfc3ea85364e85484d5ce63b,4,1,0.040000
0xf8f7f771fdbd9fb984c9b081e24a94910ecf9736,4,1,0.024000
0x8b43ae35f58174c335f6bc860eb43f58e83ea883,4,2,0.014000
0x8aaa07ebc6a83bb805c240f593064d0dccf293e0,4,1,0.040000
0xf9bbffa1ca41d00d1d3db33779af21e6394fa634,4,1,0.016000
0x1354b856fcbe4908f06617de8401af09960d17e1,4,1,0.040000
0x82dc2ab9fb1039eb37ae4204710cb7f2cc40455e,4,1,0.160000
0x4968eb7ec46fe7e34c0c019eb59046024fd08694,4,1,0.015000
0x82f542b3ae54e88a8d20254b5275c682341ddd05,4,1,1.880000
0x495381bd4066d58f90ce621546d149f20ac1f5dd,4,1,0.040000
0x89b435453ff1e5ccd07f0c9cb00c8f43c4856e23,4,1,0.020000
0xfad957063f69b5f91511ef1502d28b2bfa93b795,4,1,0.040000
0x899d37f686335a7f9d0ecf411636a14c65b6cecd,4,1,0.100000
0x136d26eab4f9529f0769fba674c4c496e39a269a,4,4,0.017000
0x49041efa6d18aac304166e1c135457cb5a72935d,4,1,0.040000
0xfb68593c7879a4da5f60883116646eb67194c69f,4,1,0.400000
0x136d4ceba341d337589a71bfbc0a84b401a24f12,4,1,0.040000
0xfb7ffccf64ffeebd3a74a653cfe22d8f498dddd1,4,1,0.040000
0xfb80307835c46d1508047f799872648cf9ebfffe,4,1,0.040000
0xfbd005f3d104ce8e7ffea3220e0747d881d561d4,4,2,0.011000
0x2637486db8c82752ef197701236e8c602a92815a,4,1,0.040000
0x273bb7e686600315fa8a0497d8837e09d54181f3,4,1,0.016000
0xfcebf74ed6b6f77258ecbc88cfd27542fe7f97fc,4,1,0.130000
0x8808346e1e4ccb4a530bd4af7f37dc505aa80917,4,1,0.090000
0xfd3719d8058b70586839a84627fd083279932e9c,4,1,0.400000
0x848129dc66c73f31a6b028f67accca5b419b67dd,4,1,0.019000
0x137d09f347b79ecb2b50f0e528c4bf725d2f9814,4,1,0.040000
0xb71bd06e2f4c3cd2e040ede9b09fe5b09f69832f,4,3,0.320000
0x60a6e703c8cb6be96a98ad4d3750f65fa70681fb,4,1,0.040000
0x1c7302da455b16ece835321906add95f5b04b1f8,4,1,0.014000
0x606ee9d31c92457814d078e265a863734959c5fb,4,1,0.118621
0x60df5d10fd1f5c5c94b5f58e45e1d419e6821498,4,2,0.011000
0x0e6bf6bc162c106263f12e75a33c18b97f0c6375,4,1,0.040000
0xb6d63f58bf5325d904d02dff3e3e6882166d8b53,4,1,0.040000
0x6060dbb4aa4794abe683236fed517e34557f1d1e,4,1,0.014000
0x0e73d8621921bc81bdc99c5d58960325c9a52dc6,4,1,0.000000
0x604abaf2e1f740a045c4ca29bb1d21ab5a7f1b76,4,1,0.014000
0x604a15e08714dc1f7b3d5b3041a3c4f5bb7f068e,4,1,0.019000
0x331eddf656a59f4c72ac9a630fb4244f4563b4e5,4,1,0.040000
0xb62e79d876f155350e40b06900ef22dc37845898,4,1,0.040000
0x619fb532273703a0a9d1b68050a767c040e4d0e6,4,1,0.040000
0x61a271b84cdf84ba35e6c27c529735d1544a4213,4,1,0.018000
0xb61e95062cee4706d97f1e8a46e6b87b4168e26c,4,1,0.023000
0xb9307e7f45f556e5a62a2b68b3a188f9e05f7827,4,1,0.016000
0x340992c26c0bf63075bf0a91d84c6742d6d0d412,4,1,0.040000
0x237d6427ba21651186f07d0c47aa658fcd34e7b1,3,1,0.030000
0xc74ddb8b36633c8f682695c1bcb6cf1b999bfff8,3,1,0.030000
0x7c08341ab56af4765abecf798802ed80a47259ca,3,1,0.030000
0x9165c0338edf96d9bf1d81852a2145890dcf3dc7,3,2,0.060000
0xe5484e38bc33bcbcbb135511012a716ffdc946ac,3,1,0.030000
0x021c51433211c54638da55bde5ba771655f96ca3,3,1,0.300000
0xbce7d77be918129ddc91fc2089c4a4f88d8ee158,3,1,0.030000
0x387e3d2225039ce988d1c74a98139bc1cfcaa60f,3,1,0.030000
0xc1d3954fca29ded571920a2c5818de86f7029e04,3,1,0.120000
0xf08ed4472c7c7adb7fd41cbdb2b3c021ae8cbac4,3,1,0.030000
0x47f1327707e53673f11e73a25a689c8d863e9b04,3,1,0.070000
0x247f0b76f2289deae9bea3b682f9d4ae14d7e93f,3,1,0.030000
0x61312befb4dcd9cd32957b29e3a03de2016cb084,3,1,0.006000
0x4a72f3afe5d6e1bbe29a09885fb5b075833a7b80,3,3,0.061000
0x5c7bd2d9147d650ca6814619d591ae4e6fcd47e3,3,1,0.049000
0x7a0af307d108c98fe29caa505798b99ea90ed772,3,1,0.003000
0x0ef84ca8fa533b2a4ba2405a77f063480f6d0cb9,3,3,0.007000
0x81484d9c1faf3e4805dfc28acba6d9a24c95778f,3,2,0.008000
0x63946c98c1efc2ad6e3d9620c5d7fbf1b0dba9a8,3,1,0.015000
0x58146a3eadd9735e6f7b6ed0d0f9b6ba073622f4,3,1,0.750000
0xb9ad52f5ad7c506577b7a25a7c317e61ab42a53c,3,1,0.000102
0x5720b052be5f5f0f82ef7eca38cb80b3370ac918,3,2,0.014096
0xd1730081bb74ed8c067f01d286800f96fab89165,3,1,0.030000
0x5c8adc2171bb09b94f302199e3816b3031d72948,3,1,0.030000
0x8c570eb72360270ee7c2e7a2e41e31374e9d4a91,3,1,0.030000
0xeb76f3442eaf192ebddbc1f7eebd59cde5e00d35,3,2,1.011000
0x98873a2c648b05ce05e4a8c8b9bdf83fdc366f2f,3,1,0.000450
0xc1062b7c5dc8e4b1df9f200fe360cdc0ed6e7741,3,3,22.239037
0x3200e728f87be178b6fd289694f360ffeac2bb38,3,2,0.551000
0xcd4df0c62d0119b4a592e8a413983c5d48e37073,3,1,0.025000
0xb8821947772eff645dbdf0977847c623c9cdcc0b,3,1,0.030000
0xac4c74d30bf1b648f1815def7aa8fea80fca9cf8,3,1,0.030000
0x07ea367598776c117036261d617a102308a3e4c6,3,3,0.009000
0xeb81d3c54a01fb85c9a4cbaa6e9688344811573f,3,2,0.031000
0x99d35c80e759d0da26b3e4c678d257318e7eb072,3,1,0.027500
0xcf7383cc03e98a2e005bc3ee40220639470329e5,3,1,0.030000
0xac5753def3bdda9c984517fba95cb26ca7731109,3,1,0.080000
0xe55c59f5281a142fddb23503db6f165472d2124c,3,1,0.030000
0x1ffbb6ee4cda426ab9be99051b78d3933558bd6e,3,1,0.300000
0x4c79bc2f81a2f9fbf789d9ca794169c849d3f58c,3,2,0.015500
0x24932466b747f1a088e9ea36400b75d6dc2d8fb0,3,1,0.030000
0xca691c07b782936c880d519d9e33a96f5bb720d2,3,1,0.009000
0x78f32a27559170f9a005b319ed53441b9e852158,3,1,0.204561
0xf0fc300d28adb0d208bc27db5c1a40bf70148fee,3,1,0.009000
0x1c5a8e889f67f4d3ae9834bfde8b68934b22ca8d,3,1,0.030000
0x304ba6668d1ea6d2e1f75c6344b201ec27606f1d,3,1,0.030000
0x4f643d8c03be99e82ba48f35ea29d4f136e2c0ca,3,1,0.007000
0x2eaa32d08492436bcddc651833ca781270b9afe1,3,1,0.030000
0x67ae922ae6baafcc70677f70064d52e9a31f7e09,3,1,2.520000
0xca5963bc4f377095f111a8d637f2879d03c25308,3,1,0.030000
0x81a92ad36ec76034bcc40910a1b5846f3a20c7b5,3,1,0.030000
0xebd35700bd42c5339d3806244ddf0d5957654642,3,1,0.030000
0xb5ffea66e1d692376b504de312c4ef632145e3f1,3,1,0.060000
0x0622b03efd8fcd1444759177424e2847b84c88f3,3,1,0.030000
0xf1281f987bb0b0465886f7accd9f0bdbbb5350bd,3,1,3.000000
0x0d8f024c0f0da23a73231ee267bfd6427e809027,3,1,0.030000
0xf134ed0b866160822292948d7b1e042cf02582b8,3,1,0.030000
0x47b814fa3f5aaca95b5edf2e1ced1e3316f34e68,3,2,0.007000
0x12508216e929544226a586ba80de852dec41bf83,3,1,0.030000
0x121a387139f5862013a679155bc0ff566f54d16a,3,1,0.030000
0xca3adcb550a0977c99a9dc9803d032c88c27fb81,3,1,0.030000
0xf83775f50910eacef7fb9c55d0161e81a196476c,3,1,0.030000
0x94a021771de3f778394d28b8283be0d925e67c6c,3,1,0.012000
0x79015c7b3489648c71b2024461f6f44186f5c165,3,2,0.014500
0x272dda1c5cac775752ab8432a50dfd8ed2d4001b,3,1,0.007000
0x502fa8531ccf0ff06a5cd9d319246e02bab0d9a2,3,1,0.030000
0x563896a4f9e5176fafe205cd0c3e2d0cacb3d46d,3,1,0.030000
0xec0ace71bc802d754652e5d9c583f8ca96c6003c,3,1,0.030000
0x0578cfb241215b77442a541325d6a4e6dfe700ec,3,1,0.042318
0xf162acdb24913c508d676980083caefdcae0923c,3,3,0.257000
0xfe83a6c07ba810ab717c5bf1c4e92cbeddaab2b5,3,1,0.030000
0x77500386370bb0686920cd94362687b5d64bbefc,3,1,0.030000
0x39336edf9ceda796195ba0045d808b98fdb3f13b,3,2,0.013500
0x908748950d1f7e073cd8301c4928a56807244bc3,3,1,0.030000
0x7ee1105609041c69ad8ac030193f6c761649e824,3,1,5.002000
0x90802fcd51ce57d84002cb5fa06b78e97e12e5ce,3,1,0.030000
0x64e8288f136cb7ec91aebf653d53bd74ea2b095b,3,1,0.030000
0x0f2f572f92ff674783ec02bdbab1e41f51023f14,3,1,0.036000
0xb6c6ff1974425ff634bc55ed1649d7405de4ec7d,3,2,0.007000
0x947dc0a2f9e7eb5722ba792b3eb65722776cf808,3,2,0.005000
0x1586f4f4fd3633d4888030687e6d0151f73c20e2,3,1,0.030000
0xa7d6096881de0f50a34202bbca3731fd4e3625c0,3,2,0.017279
0x1b59718eafa2bffe5318e07c1c3cb2edde354f9c,3,3,15.965143
0xf8b536ff0afb2789c86ffa4216d057cdc48606aa,3,1,0.022000
0x5cef0a7e87b359474417f1a017cf56041f1bd36b,3,2,0.008000
0xf1a136b2516ee1358a94a604f31d6be6bd801be3,3,1,0.030000
0x0bd4ffd4fc061aef2ca2f8e4408ff4a6ab8d040c,3,1,0.030000
0xcf337f16b25e9693a6d1bb28cba9bccd1c3acf72,3,1,0.030000
0xaa942da4e769df8c51b77949f8fdd9812042ad41,3,1,0.030000
0xbc1943331035da4bb8a96a9e8ed7afcd008da458,3,2,0.120000
0x3af7dbc76e6889a0ceb3944f445858947b885022,3,1,0.030000
0x4671780fc7f765af4bed8e707503b121c0173f48,3,1,0.015000
0xd0b53d9277642d899df5c87a3966a349a798f224,3,1,22.335342
0xe5863af17478a1c334d077280178d84b84de72e8,3,2,0.025000
0x9071b29883609bb8f7b93ca962b70015603350b7,3,1,0.030000
0x03a896dbc81d578ac4912ac168d9b14d54be4620,3,1,0.030000
0xccb6546f8eb5ade03259db49ebd9bf24b8ae9415,3,1,0.009000
0xad0eb1838b397b666ae11ef0c44342432c49c68f,3,2,0.021000
0xe010244343dc5e49729f143261759fab92896b2f,3,1,0.003000
0xf9145237ae9227fc19ad60fc51a8bb93d2a4a634,3,1,0.030000
0xbfaf13020dbb6e90132020b7e0d7b30318e25b14,3,1,0.030000
0xe86c11a63e9b34205088f9506f42c81b5d9cd74e,3,1,0.015000
0xf91bcb0e5e46713f6bdfe420c9658dc3af65a506,3,1,0.030000
0xa3cdc0209827f001febe708f7870df05247f9027,3,1,0.300000
0xb1432365300ba2557adb998e89760d1f3a1961df,3,2,0.008000
0xf22220d8cdd2178a434c532c521a8aadd92efbd8,3,2,0.030000
0x06460a212348643580928e3010fd94339fedccb5,3,1,0.030000
0xd098c21f9f648b224d5634cb225f81555b6fc073,3,1,0.015000
0xf22d1b544b44c8b64658b443ffbf37401b2e56df,3,1,0.030000
0x0f7e93c16903a639122b7a6bbc52e219dc5ef694,3,1,0.012000
0x294125ccd9300a9d68901f0a46769acd933fac10,3,3,0.020500
0xfdd3a3b39f7104a9bfb406ef23882d343ff387cc,3,1,0.015000
0xe87b4e1dd1fd8f6043c61632114d66817ec45015,3,1,0.015000
0xf24f249c103e03e5aa899ba2224af39285af82f5,3,1,0.030000
0x7f4a6d77ee59d6ad0f8493a242f93de40a94324b,3,1,0.032600
0xffa1cd73e07200fb4a2f8c4385bc17f9818d06c6,3,1,0.030000
0x7a7ad4bcefded6ff27d072750df06ba2a2784c50,3,1,0.030000
0x695c3b55fec69b40281aef43ff71f406849bd304,3,1,0.030000
0x39c5aa962c19d289300aa8a4eacebb5029d8ab66,3,1,0.030000
0x1e2d7efb4851ab98a58ccbf4ce8347e65e7ee162,3,1,0.030000
0x155b0f980ba3125e9d1bf98a29586d1d70117629,3,1,4.499999
0x646cd14c638cf8abfd39d2c55d01c7dfaf6ba0ad,3,1,0.030000
0x1cc7f94a7b3dd2b761ae0d507526b2abf8d2d1a6,3,1,0.990000
0xa3d034070c775c50ff13af978f7de46a90f3ff4d,3,1,0.015000
0x4c2a566f097a58681ecaef10823d37ed89b10a12,3,1,0.015000
0xad6d75140fbe4c830762db11286c6a1e1358327d,3,1,0.015000
0x0eadb209f3a8f0a03a705af9d935a1c1591de880,3,1,0.030000
0xe25931c8ef88fa4cb6fc93499e8d4c7f11c62edf,3,1,0.030000
0x3801ab5477fcd059bd541bd6dcad787d5e772bbe,3,1,0.030000
0x764d09c2e90e902045301dec4213877ba3a6eb57,3,1,0.012000
0x864fecd4ee1a0afca3e1e171315cd531230423ba,3,1,0.030000
0xf99cc185ded3a0d52a8b5b0cf9400f5c60ca3f9e,3,3,0.116000
0xc523868e9565dd2dc8ef586d27b1a2da98d56498,3,2,0.102000
0x8466908763d6a19150ff87dc687497275dbea4ed,3,1,0.143054
0xbf1626c2cbc7e453fa5cba4f54c6bfa1f2a39bf7,3,1,0.030000
0x356d7299addfb9bc88dee05b58b538b486bbbb87,3,1,0.022000
0x0e79371813e88f31c2b60c80bad391a952039095,3,1,0.150000
0x40659b7d2b768e787ab77af634e95aecb9661d14,3,1,0.030000
0x9972cba7b444ac08e3f3c5d3adaa79f20bb95704,3,3,0.003000
0x05eac4692d3e4e34e8fd33d34b388001d7a07c4d,3,1,0.003000
0x9be66c03bbcfaff7a4af8545ac2ed7cd2d2a623c,3,1,0.025000
0x0861864671123828d69795641fc9790eb4651c81,3,1,0.008000
0x6ee6232c515e0f6e0cce0f73d7cac68ad554cf85,3,3,0.076000
0x2407a559771f6fc27d52e970bb28816b4eb35017,3,3,0.032000
0x0f7a3a8f4da01637d1202bb5443fcf7f88f99fd2,3,1,0.028800
0xc50257a8a71d6f8107f031b3d66dca21f6551310,3,2,0.840000
0x4fed7108148282c964656cff71faddca14ce2730,3,1,0.015000
0x45e875a1ba46b6a7f973c39cd1c51a001ae43800,3,1,0.050000
0xf9df637240c6e7c5c95414a6d6d5e1b502993363,3,1,0.030000
0x529730b45b6e0abcc5e74dae7177db6e90e0ddcc,3,1,0.012000
0x278ee9a97c8b8e35b12426f2082a0765afba82de,3,1,0.041000
0xbad040a429df7024d0170ea9df7c3b380a053f46,3,2,0.008000
0xb50ec306f450362d717be42deea7570112616ad3,3,3,0.020000
0xb399526804dd75204ef7fed5a8c66fe2cb39883b,3,1,0.030000
0x8609a262574df37c2cb7b21eade7fa8d22d0877c,3,1,0.270000
0x0000000000000000000000000000000000000000,3,2,8.259535
0x1d7f4c39c96a6877f7d027d918a22ebd68ce1a1a,3,1,0.750000
0xe028330555e2a429621fa8006536c849faded746,3,1,0.033000
0x055bf9bbc382a8dcbc47b5a93ec38553cd35cbc2,3,3,0.005000
0x97f839fdd69480434dcf11fe90ec215bcfc91424,3,1,0.030000
0x46e68a7b05b101e26a4b57731e76d61da7e228ce,3,2,0.014096
0xe28ecdb2f24d8224dab33286a3768b4c9f8089ac,3,1,0.015000
0x05521a6db95c22b07576f57a45fe451d9dbdf433,3,1,0.015000
0xfa349fa115142cb1029648ae1fe61436ef9e3164,3,3,0.075000
0xaafe220bdfe80d189e0089d16405f87c248d27bf,3,1,81.430000
0x994986eb61a41f4624055456462a0a6e7637126b,3,3,0.023000
0x6c32c481cbec10224c7ea87c1c69b97ba8e8a843,3,1,44.528658
0x61bb5e669fc95761b81c83a57837cc6a4119b875,3,3,0.036200
0xcc6d313dfb7de37f5d963229a90c9531a28f22d1,3,1,0.003000
0x7774d71d68f625758f8bed6bb6614453806ab824,3,1,0.030000
0x411b78c2f30199a51183d6919c2629cc67b70050,3,1,0.030000
0x3439b94c90537f785bfc537563876f50ffe71ca8,3,1,0.030000
0x6198bbe023e0fbdc80d7e70292fd23161ce1c30e,3,1,0.015000
0x3562d949e737aa5f1a6fca4cf831d3ccad224620,3,1,0.060000
0x3eded099a799076149205fea8c09ee28d84667a7,3,1,0.110000
0x830301454f5eb08e5b8abb491023558e452f9f4f,3,2,0.032600
0xa69195b98580e27019d66f85367011685b2e5e72,3,1,0.030000
0xa554ef4c6e885bd4b6961c7fd410e22e5920e95d,3,1,0.570000
0xe90d71c05d68cdc03bbb9b0d7e92510453c2c510,3,1,0.015000
0xe91819d9a287a2680e9ba6981f5b4a0e5419737c,3,1,0.030000
0x9fb944fdb707ba072a2a25eb72827ebdbbafec1c,3,1,0.030000
0x93a1505f9307a9f0d1a8ab88b594072c16bca282,3,1,0.030000
0x32a32ef9b66322b875b0703cfdc03ac4155b3a6e,3,1,0.965794
0x9690ea9a206789fb833c1b6aeb824f98e038aadb,3,3,0.007000
0x390d1dc52c6deb0390ea4a6558efecc0c6c5af8e,3,1,0.030000
0xb6eef4b67f5d973b79b57327408db99aef379cd4,3,1,0.030000
0x3cb4f3db3740e1d1ff7143e0f510e2b98edb0d3c,3,2,0.422000
0xb8215f050041c6f777b14e0c454f150fe4feaf20,3,1,0.030000
0x27580df77590a0ef93f874266a65c8bd490aedec,3,1,0.030000
0x6eea30889be5618d81c371f08bfa8c4e7bec883c,3,2,0.220000
0x4420672948fd66504ea819ce8ed2b45c870c5e4a,3,1,0.030000
0x46ae49c2bbcb06299482973cb3f15bf9b3f3f7d6,3,1,0.030000
0x8925604db0aababf49fb2369e9596be020f4e67a,3,1,0.300000
0x83126a2e81f54e3d426796e32da317292b63207e,3,1,0.030000
0x151f732f4ec4296fa506ce17ad1716f29d1f0d2a,3,1,0.030000
0xfba2d550b131c8da00508f03074d329df788ee4d,3,1,0.150000
0xd929033b154d3b556f7bc027f1d93ddfcfd642ac,3,1,3.000000
0x05af5a7f53fc8768368815a4e6aa7f09d72b3bb7,3,2,0.008000
0x7fd3f46828c8f000d12185c4badcc7a986ccf0e0,3,1,0.030000
0x9c81c49227713417ac1baa8aeaba5f6706faef27,3,1,0.030000
0x993c7e105190c89d5503e689fb951babe4e20c8b,3,3,0.003000
0x0d9d93071ac3c2688581612eca4ec2cc0fad4da6,3,1,0.030000
0x9f5b6693ac22b7eea2a01a7c1f04d181df79341b,3,1,0.820000
0x7b05f815616af06a070bc160a63fa821b9e150b8,3,1,0.003000
0xd87baf2632bd834a526c6732251b2a3a4aa01c27,3,1,0.030000
0x16522953a383ea7ebda91e906ace289f4ab8614a,3,2,1.009358
0xfc75cbce696d5a798e81cc13b37041d0686870ef,3,1,0.030000
0x219fa88a7470d8c2a707a95150168befc19772dc,3,1,0.030000
0xf3c52baf25458e3a5560a4a689338150abebd0f1,3,1,0.015000
0xe94a76e33eb85a033b5dc44a3e7d7ee91d699b56,3,1,0.030000
0xd9797067f23e4c42902f2373abbc79fb5a40457c,3,1,0.009000
0x9fbef79dd06c5c0e697863ca688bc34aaed4df43,3,1,0.030000
0xb56d10043e4f27c02942d1fa5af8c0113282135d,3,1,0.030000
0x09e0f72e9238835e495a1700baed4fd0dac831ba,3,1,0.120000
0x4298da7d9969a8c0f46916111508722d842bb862,3,1,0.015000
0xc470010c14bcb5155eb558cfb02f79388418b4d7,3,2,6.010000
0x9fce19f351d4cba75e58e5192abe4c5f3be50cb3,3,1,0.060000
0xd997561553019c87e4bf32292b669bf9d1145b7d,3,2,0.020000
0x7b0f2d1ba115ce8320665b0ab5be0440d728b89f,3,1,0.085000
0x02a1d1ddf7af9654fc6760a2a5de1f584c1d0a21,3,1,0.061000
0x08b7a34e5e2644eaca5e5215201b9ab0d2728540,3,1,0.030000
0x9b73a7cfc82791cfa1387beddb11053e8dfc5fd0,3,1,0.300000
0x6d9c7da4c4f4a91fc909220225af24fec8324397,3,1,0.250000
0xd321efe24e105e20f2bb7bb4f6a1fb6090d6e43c,3,2,0.013500
0x1fb957272d10b8814cd519a2bdc29fe08add2a5c,3,1,0.030000
0x89e49031733beffb43aa144450d54af1768c4136,3,1,0.030000
0x9f19a0b46fb36594a946dcf34921fc3a173381ca,3,1,0.030000
0x86587512521e76b918834b373211fa0596aa930b,3,1,0.030000
0xe961cb19880e711b504dcb7b66e6b84a682bb7f5,3,1,0.030000
0x545ae1b2e5db6af4575576b8dc99d0aebbab4e6f,3,1,0.120000
0x1c616daa356f0c1f9d41bc6170791d7802162366,3,1,0.299000
0x0c6439aff9bff79e29e6829a9d725ff5335547d5,3,3,0.017000
0xd9d6001732ab753a396e34fb31a488c3d528faec,3,1,0.009000
0x2b84c3b903956f963f378498efe41c60ab05898a,3,1,0.030000
0x30d6b2713df8309e27ae917293c7a9e4a11e9367,3,1,0.030000
0x9eefc45b460cd96336a50cb65abe5aa4a9a641e8,3,1,0.030000
0xb496e2f47a7890337a80e433bd0327cd1f51d56c,3,2,0.008000
0x300c1e7ab32c4497e5102cb82fc458367d4a67fd,3,1,0.030000
0x0e85906b7aff0c60254f1d338dd0e5d3088cad20,3,1,0.030000
0x97c7a4ff8cdc22f41b3a1785eee423fad05f08ee,3,1,0.021000
0x9ffb701106fb4842f24c6322cf51ceb9eba42c3c,3,1,0.030000
0x9ee053c848941cb2763196fdbd337e22bf6823da,3,1,0.015000
0x99364b1a5b0147b2d5356e0d92b8dc521ab7a601,3,1,0.030000
0x41693a6d03ec713ddafb96937de4fe9b2a39ee9e,3,1,0.030000
0x3d0dc5c88cedad197b96546edb43e67215b1566d,3,1,0.030000
0x0466e13b2de02aaa897045667efe99e7cd1abb32,3,1,95.096033
0xa01ecd837edf8978da33572fadd8bdce59ec42d5,3,1,0.015000
0xfefd8c048dd4aa737032ef9e22eae89044b311bf,3,3,0.003000
0xff16cf707db9559c9b27eca332db9a0aa3516793,3,1,0.030000
0xd31a5858850dde481b90dc93c0facf9de4eb35f0,3,1,0.009000
0xd03a17fe298ba1c0dd7850b0f1120c8cf91da45a,3,1,0.015000
0x6672c9ada0e60dda5ebf1e0f62cb63cea95d502e,3,1,0.030000
0x14f29c4d75aa880ffe3d50a99f30a869baf03946,3,1,0.000087
0x164b1b73b0c6b12a61825e392875c56ea7f93ed9,3,1,0.090000
0xd810b4f056ae1d5087f16aaafacf4b7af4119b38,3,3,0.017000
0x3d637cf8df88437e76c0a4af54fb928245b34409,3,1,0.030000
0x78670652dd4c91dba6851b5c55b007c24395276a,3,1,0.750000
0x72a31ec43589bcc32ba039865dd59adeacc5bf2a,3,2,0.006000
0x3f79f9498e3d6a4f0357773b5b0071b283fd4b85,3,1,0.030000
0x2a33b9d0d1ce6e547e7b9ebd1b811055f3f8b229,3,1,0.030000
0x862054f9caa3493f2e952559d8f24efb4ead66c1,3,2,1.000000
0x219a66adc0b42bdeea20f923ed73a40c2a01e99f,3,1,0.030000
0xc3d928dcd527e4e2c891570ab7f3a1bfbfe28a8e,3,1,0.030000
0x7b559588713dfa8f32ea49229fb37bc454936fab,3,1,0.070000
0x08b5c1acd0bd572ccfec9536eca1d518d4c62184,3,1,0.005000
0xb5cdc4aef73e7930cf1a109a767bf67ca5a98c8a,3,2,0.008000
0x6e082b4e51db5913629249b3aaea06e0ecb032b8,3,1,0.030000
0x3c892132db74e36e603792092536820c3227a776,3,1,0.030000
0xfd1942dc5123b1ef1c4e83f4506d8786e4fd40e9,3,1,0.030000
0x3d733cd8b6e965aeffe958c50d9161671924293d,3,1,0.030000
0xb8e676756d7ee91ece551208a0bc74961b6656dc,3,1,0.003000
0x25320855e8ae38c3b5f39a3a7f103850c9ac75a5,3,1,0.030000
0x9eb299350695729f1446f94ab2d2c0d5228d1db8,3,3,0.014000
0x66705d04653de40b4bc7cddd7d9f8e48958c839c,3,1,30.000120
0xc3c0d6bb9516c16d510336350cde70e9cc546eef,3,1,0.009000
0x606490419b0397df859c3560861a6ac9189e41e2,3,2,0.205000
0x3c7677d356065fbc0d0269cff0d1ade094ba8165,3,1,0.046001
0x8e5a5f4656a23abdf75bdf0f01f6be8cd138b316,3,1,0.030000
0xcc19be2d43121d338949b8f636b3cb490ace930e,3,1,0.000136
0x1e81f819d78beddd94b1e294dc6cb7a475544dd9,3,1,0.012000
0x9327800ddc1df7199a2f583aaf47ae51ffcef2d6,3,1,0.009000
0x6ce77bf1e77566a501d3366b77972c5e38e0713b,3,1,0.030000
0x6647525092c8d95bf77daf23abfe173ca5868867,3,2,0.005000
0x08b0372b2e7573df584c5529bed23e09660c9862,3,1,0.030000
0xe4aedc36d93bbbe25266576877595715ccd8bfd5,3,1,0.030000
0xdb37a26c3922bded1265a3595c14f4a8c6011fe1,3,1,0.005000
0xc89fc3814e2277869e0eb665a301f63d8f7ae447,3,2,0.021000
0x10f13a86dc8e529a0e00b8e6bce48a3b5557f613,3,1,0.030000
0x3c24e0dd84bb97c1ef4d39b2b5720ea2ad864197,3,1,0.030000
0xfeeb3d03db08a62aa0cefff8c9bce6c436dfe7c0,3,1,0.030000
0x216ac1eb296ecd64f6d782d8d740a2fb69f76203,3,1,1.330000
0x0c20799ea293ccbf33516c152ff362743ad0f652,3,1,0.030000
0x10da792165a4b8396b316ab611964103eb5e9dc7,3,3,0.016000
0xd6fe5d8f14bf7761034f3b3df7b9440cc677c7f2,3,2,0.240000
0xdb4dbc395a3664c4f618f829199e332fda87e07f,3,2,0.008000
0x3c14af66bb47bede0d8a4faa3c1af07dc06fefc7,3,1,0.040000
0xa8b061d96f69426f11bcc807bfa00f0af79541a7,3,1,0.032000
0x1c5ba078680e7e5e2bafd5f8fb7d187701ec69a5,3,1,0.990000
0x53a388cf2738b5066d4d227e4328e5b771b5ec43,3,2,0.013000
0x7089d85e5be30ba203566ab4e36e288476929333,3,1,0.030000
0xc88e2907a3ce3a0d7ca69dc4db078e05535c9577,3,1,0.030000
0x61a540160794c38740abe42a8b2c64fa164863d6,3,1,0.030000
0x663f6870c48551f1cc5c9371baeea6822cb0a40d,3,2,0.043000
0x662f2d51eee21690c8048723a0cdb8592fb95a6c,3,1,0.015000
0x834430705a4783f16332a8399f95b8700396bf66,3,1,0.030000
0x7d4218c79e2a0d15b00ff8f85a075541df647f1c,3,2,0.017276
0xe2f4613eb8d57af54d0c39a1c24b9a2ac7263660,3,1,0.012000
0xfc2562b53e54fb78f5ee86cb279ba92e732bed06,3,1,0.030000
0x0b82f05c78ca441b38db7e41b9ad8b16c12c1692,3,1,0.009000
0x42ab2da955e11861ad0f61a91484c6f80ce85e2e,3,1,0.009000
0x97a366dcb33482829d23ac73ce8d83d91a694b82,3,1,0.030000
0x31d9535f786ba1357f32aead0725465362571575,3,2,0.017280
0x14f04ce02f35b29af564a98544dd7e2393993946,3,1,29.580000
0xb8edd075f2ff0515d11d761461a6819e030e3cde,3,1,0.030000
0xaf043caa17db511bf0d1935bcd30b8bcd719575d,3,1,0.030000
0xfebf0139ea549ef35b20c704d2124f52bb2fd32d,3,1,0.005000
0x9b5c2faa13ef2a2e81165056659a52725efba6e5,3,1,0.000030
0xcdf9038b3af24183c72fdae6efd1b1dcb38a3952,3,2,0.021000
0x39f492bb95e42f55f8ecef7bad0a9f711f1ff7e9,3,1,0.015000
0xe9f7b102fe7b723d0be89d1cbf3a1271ac96d2af,3,1,0.030000
0x87f35f5ef667dd6fb5320529d8b71904e137b5cb,3,1,0.015000
0x8ded54c57c6cb7aa9596ffa104797476152caf6c,3,1,0.030000
0xdbde52bf9389bc1a5df19dd0d0546853d110207a,3,1,0.003000
0xfd349c7618f69bfbcab0f001683c74892622720c,3,1,0.030000
0xdbf95c9d2024760a2abb3e69dd84d2e0d1a8f028,3,1,0.030000
0xb241fd6ab16d5eb985584e046fe2e017573af374,3,2,0.007000
0x162c5cc9a6ec440a95c3942e41511b58ef962d2b,3,1,0.012000
0x7b7e6f09e1ff11c409d7810b322f62aa2741416f,3,1,0.180000
0x3a4ad9560e9ca85ee1436c2112aae843226b8a77,3,1,0.030000
0x0e449d20772e41afb5852dcf9ea7a2341932129f,3,1,0.009000
0x53516e0a29c240477ab080532c35c1cdd1fa78ec,3,1,0.009000
0xf586a7aa5c38e27d2d8c31ca6c3a74aa54114ca3,3,1,0.030000
0x1813bc2099989bf5f5740c8255ff0078cd4679ec,3,1,0.030000
0x273a1c895b63bf0d3438dbbd21c8a7424363c773,3,1,30.000030
0xdfc32f8cb9d893dfb9692143a4552b9ddd352e08,3,1,0.090000
0x75b25ad7548112be15afbe3ffadfa0e7dc3fd36b,3,1,0.030000
0x4d2473defb3832e141f8f0261f51d9bc80a8fef6,3,2,0.022500
0x1d662d61714392d47f616e241b38ed62dc364a3c,3,2,0.025000
0xb5c165369f4c98fb1da2cc447a3235fa395dc8bc,3,1,1.040000
0x3dd03e7630f69104caf0855ac5a48a0427aa2308,3,2,0.008000
0xea1b4c51ff93786f31502547716f34ae4d3636e5,3,3,0.008000
0x0c1f860e2cc0072c8195d7a7fb3f1d10711257e4,3,1,0.030000
0xc2e4d0a7998f074f7fe7348734531841af0bda2d,3,1,0.030000
0x8dbf8d60b6e48510f7b17a794b5564801ba947f7,3,2,0.007000
0x58db17bdc88aaaf68b2f24f0b92c3400cf3e051e,3,2,0.390000
0x485189365bc5a93f595e10051a85d8df4c19a9c6,3,1,0.900000
0x2d278b0b089da4ad89daa01908e1202b322801e7,3,1,0.030000
0x7d8485a802d3c8f6d3e3628cddf488ec8ac84278,3,1,0.030000
0xcfcb5a62e8b553bff1c435f4d7c5dc5026bb8d62,3,1,0.030000
0x40b31e88f4594f217262294289d34d1dec667154,3,1,0.030000
0xef1d59842a6506ed1a569af15df6b6ce8c4ed654,3,1,0.009000
0x6887efaccda0f29fca6a18214db5f6dbcf62f267,3,1,0.040000
0xe4ee9c9d9731793b8b4c5a35f7cd24e2f6a96d3b,3,1,0.150000
0xfd4b6e3d7a2d85f4666e1d08440fd83d26f9ceef,3,1,0.030000
0xea4a1ef464dbba2ed5b90b65b4a93fd6fa7b1224,3,1,0.030000
0xfe5680ada8f86d074f4948a6f81d661f0ea84d5c,3,1,0.030000
0x284fa2618d9babec7d2320046d1ab9e809da3368,3,1,0.015000
0x9d7fa65552609edf74417485d80613da5ec09fe5,3,1,0.021000
0xcbc7a1be51566776c1f0dd230427b525fd3c83e5,3,1,0.030000
0xcdebcfa5e682c16f1534bf72d2bdf625b888608f,3,2,0.029800
0x212d5133c8cfa4c0c296a8292109b67d442f8d5e,3,1,0.030000
0x51210c353860959e0eecb596af28a0a2b51efd3e,3,1,0.255000
0x65faf3f5f1f5b036bb135aa10d8f1312bc3a0c7b,3,1,0.030000
0xd58f4b8ba2771decda3bed0b88c4039ed9c90994,3,1,0.050000
0xa18968cc31232724f1dbd0d1e8d0b323d89f3501,3,2,120.789063
0xea59948f0beca16ff8303c3f4e573d55c06e9519,3,1,0.015000
0xdec4fbc8f7d18a05160fe4d45eec160a1044f2de,3,1,0.030000
0x65ef87c66349c6ff171fe5c0b75a6106b93f7e56,3,1,0.030000
0x2e26eb6109690c0a467aaa9535e5ee6da2a7ddde,3,2,0.050000
0x6eef80e87ebc00b5a174e03199d36fbcd16f070d,3,1,1.000000
0x4b1045b17bffd91b1f15ccd3fb4162fb04b925e4,3,1,0.210000
0x140d17ced7fd3e706c3a1a4d3032b08242da2975,3,1,0.009000
0x75b2da554f05d4df570e084efa22bf5b169c7730,3,3,0.016000
0xbcf0ecfbb190293dd986b39964888e7f8101300e,3,1,0.030000
0xa1cf24df3643afc81f650230f38522599e9adced,3,1,0.030000
0xabcda9c2984308d9fe15bf4db4ff910136622d24,3,1,6.000000
0x38b9006eb860d92c3f46166e69ba83e53425131f,3,1,0.030000
0xd27c64d9edd7a5eb016ee927fd2afce506bedfc1,3,1,0.015000
0x1efb6773ee3d68654e8a4c8d40d8607de6507413,3,1,0.030000
0x08ada7ba3dd26c28c3b10e8e9d5b6981adb6cfea,3,1,0.030000
0x2d54823c2338cd87639e4111e824ba31c2530eba,3,1,0.030000
0x186ba2b4e1818c0cd5826e1ac7bce35530b42135,3,1,0.030000
0x2f1ad41ec5961defab8aa74acb1ffd45f043fe4e,3,1,0.030000
0xc80905d7d26ab981a7dd0c47666753f2163514a2,3,2,2.050000
0x659eaf21d53d430946eed12fb62260777dddb54b,3,1,0.030000
0x744244a7832528febc5f67fe5a01fe4d5eea93c2,3,1,0.025000
0x36095dbf2444eecfbe1ce46ba4639364c4ebcc72,3,2,0.013500
0x91b1690b95f4e70c4dab60f63068e8c34ef9a6db,3,1,0.300000
0xbda5ec446f12b05c6724f45dcfe1f2b071159611,3,1,0.000150
0x55b4a144ebc10d0aeac33f4b97aa2980dfacad8d,3,1,0.030000
0x15fdb184574a89c3584471a6647d452f762f14aa,3,1,0.030000
0x41d3ced58db2598012e8739c6856498294dd621b,3,1,0.030000
0x352c06ba054f24c783a24f54c174b0e1999c2b39,3,1,0.030000
0xeabcc26767ce264971681f7df0d37eed56224c7f,3,2,0.008000
0xa25fd0be75dfe7d087962fa2a315e42835fc266f,3,2,0.007000
0x6f77b9a0338d16c708dac4ffdaaacac22d416922,3,1,0.012000
0x2bfcac63cedb7d963c71d3ea84e7e06f5580839f,3,1,0.030000
0x56e8aaaff1a72719aed1073913a54c3343e04133,3,1,0.015000
0x6f76f46858cd32d84d80edc7ba3cdcb6ce5db63d,3,3,0.027000
0xcfa2d57518b805bb225f7f23eb68f63d47eee2c0,3,1,0.030000
0x9b2784610ae8ab104b0bc05b5e454971f0dc0257,3,1,0.009000
0x2694781947c6b3159cf7cc43a02275f5d0000041,3,3,0.066000
0x13b1e9b460557417dcf97ce75fce5674423d573f,3,3,0.010000
0x879e1dfa38820728bf0c2572dd9a4074e5f96e9d,3,1,0.120000
0x57edcdb3bb7da0604f3cb3a76ec15010e92db73d,3,3,0.015500
0xb6d361283369525f9847fc3d2d5f74cd339d2a8b,3,1,0.009074
0xf68b823cc4acb59e3cbd6da85021782994fa8f7a,3,1,0.090000
0x23d997711ef4630f2a47be8370f0e69c73ffb822,3,1,0.030000
0x12e82d86db5470f1d3750afa50a64fd01a9b6d5b,3,1,0.009000
0x75b7bd8e5b77fad888da3e3061b8a1a0636ca5af,3,2,0.017276
0xcb3f38582762cf22814968a789642c8717619dd9,3,1,0.030000
0x99f6a27407c58eefd2aafee032d6f2ad6bd732d7,3,1,0.030000
0x066d2e88c6d79f0c167957b4aff0ad43fa8d5427,3,1,0.030000
0x2f2e21e6ed0af9dbdd20859c16e11426722445a8,3,1,0.030000
0xeb0a7c90c6a665d02b82e3c8bf4a6d37fa026278,3,1,0.250000
0x52d00cd47b25d84acf584f75fd15c332574d216a,3,1,0.030000
0xa286287fa144c6ebc24291921ec1d0e5bffb6ad3,3,1,0.030000
0x1a75618151999f9ac1e73a0257d3658e5164e374,3,1,0.021000
0x5e4b664869389e0ae41685c51a6254e665c75261,3,2,0.025000
0x09f25295f6e3bb942456092f8c1b08e727b11e34,3,1,0.021000
0x507ee061e3c43994f3843f38372d65ec1fd5f813,3,1,31.250000
0x9568370d9f1b4d75eb7ed6596702607c532dbfc6,3,1,0.012000
0x658c0810120e101be04c731ab673baad2091e0c1,3,1,0.009011
0x88fd4d4b43fa4fd03b152b5dc34db80f348070c0,3,1,0.015000
0x8ce10f7d57124ca04d323c1a3daf8e8d9153eb73,3,2,0.178000
0xe36e9269a0ffc04fb0341d1c333b4f08d950733c,3,1,0.021000
0xd4df11f3d118cae598c250747960f25d1babf7ce,3,1,0.009000
0x74a799646fcf362cb2afa8c08393100ce82901d9,3,1,0.030000
0xd4d4fd0ac10e9dbd608bebeb1324690a9ec4b2fd,3,1,0.030000
0x20bca626d8504afb4a81cf6a38bbd06782b88a21,3,1,0.021000
0x0a57401ea96f4d3dba4ba301731b4d052da9e951,3,1,0.040000
0x04eace2a65ce5b9764f4e9f2cdb092d6e7953532,3,2,0.031300
0x5967f1db586c470958fee6c44c81e52d3f249568,3,1,195.200000
0x99e88608c60b69285dbd6e7fdf85e40aee133728,3,1,0.030000
0x52b58fc9118a8ebb36f0fbdcb63ee9a45d8bf733,3,1,0.300000
0x3b1a332e931d018162b4e44a935b151a45e6fc48,3,1,0.009000
0x6f4d5d44cca9bc26a90756694cb1354d4fa1206d,3,1,0.021000
0xd4a304e805ae34758d5024df45e5a6255fc0abde,3,2,0.023000
0x194921ad459c6cd5cf7c1cb2aaad693cd514372c,3,1,0.008000
0x3b46aad15f174eeab2a2ca45ec88f3c935d49534,3,1,0.750000
0xd4024072ba8baca82c6d3938ccefb008772d0fe7,3,1,0.050000
0xa2d784edd73f8b992b84a97f43462ccb7491d89f,3,1,0.015000
0x1422248ae475d9eb4e7677c8f93960f1a37f8475,3,1,0.030000
0xe7747fd899d8987821bb4cb3d6adf22565f87ce9,3,1,0.023000
0xb007d1007b5c2c8d7f88b28d3f902c01b3f7680f,3,1,0.015000
0x917bc018990807f5c295b01dee757300403b8ad6,3,3,0.007000
0x9c9745f59dd11d6447a041a3d54163018856036b,3,1,0.030000
0x5e62e1dd65b481539a97c8512692ec2178f0db38,3,2,0.045200
0xd1b34a50cd02acfd981c5b90740be0ce2fad8b0f,3,1,0.030000
0x2af68ed4ab182eb8942c9a85843eae5e741f3649,3,1,0.003000
0x74ec01387886212ae9e95754ab2bb6fc59548654,3,3,0.012000
0x6a3121757d580d80b8c9b44636f763b63ca24348,2,2,0.030000
0xeb14c909de1da41edef66f57082cccd0bfbd5c29,2,1,0.200000
0x41f7e6bcae415bade7113b73010da8cdbd43d6dd,2,1,0.020000
0xeb1d3668693079f387e5ef8658ad420520da3785,2,1,0.006000
0x0b79941ea922767a80fd592b4e03cb5f51221afa,2,1,0.020000
0x0815cc22aca117f4d040ecc73916cd2d3462a9b9,2,1,0.200000
0xcb040977d2542dd46f374fc819409786daf4e07b,2,1,0.020000
0x6a27aade98200972c1f0d1fd5ee7d66031d61dae,2,1,0.020000
0xfd71f15a7094dac707b71f0e8f1051959f60c788,2,1,0.200000
0x6a07c48de2ae9166497ed6cb506f2dd1bba04e19,2,1,0.020000
0xcae5568fb866c8e0fe46bb2b1f7637c2f37faafe,2,1,0.000300
0x952033ca2fc33ac5e018dbffa581a16f56c0556a,2,1,0.008000
0x61df93c92e73e258c75c57f02dd56582da81d522,2,1,0.006000
0xcad1dad706be6fdd069febd30776278c3194fee4,2,1,0.008000
0x1c647cd05049cbc873deea290ea8743d8f44f0df,2,1,0.020000
0xeb73cd899177a8ea6ab80419298019310193031e,2,1,0.020000
0xeb7653c11e392ebcb9a4c56f4196421bd55fb4be,2,1,0.200000
0x69ef4e68e36da7b9e92298d4e164566c13193926,2,1,0.067452
0xcab33a0734b6315335275c2a8ee4eb166ae3aafe,2,1,0.000048
0x950d798f649db89ca206fe1ff5d11bea3f2ee08c,2,1,0.200000
0x384af1e1fc501e00f0ceb2212871852f4f325022,2,1,0.010000
0x7c289c464733f34911c3dc63a3e2072df987b0e4,2,1,0.020000
0x59bcf560cd567f2eaae9d7adff399e019b54a20d,2,1,0.146386
0x1a098f75e93c22d274ae946c6b4973dd3e6cbe42,2,1,0.200000
0x2aca27c4db981c0c9c08074d637f0cb511e32760,2,1,0.500000
0x94d084b4cef897f8c3f2082575588573e036512a,2,2,0.016000
0xaa38f211fea51a48e2d5fb475ca99a0e059db3cd,2,1,0.200000
0x09f1f4766fdfb2bad0f430560fda122bf1568fa8,2,1,0.008000
0x4e1d51a585c6070bb1b228126cf36b6949f4c76a,2,1,0.200000
0x0b5df41589324ae25c92c04cc733f1c0f784c004,2,1,1.250000
0x0b5c4e5c45d05fed683b8aa27547c26006e9ad5e,2,1,0.020000
0x59f44bc47d0a11542c7262a53e2df35557b7f882,2,1,0.200000
0x3373b64488076ae190d5c8fc67816bc5e6afb7d3,2,1,0.020000
0xaa670b2d694bb4aefd5740374d6933bf4ad52fc9,2,1,0.200000
0x074b77765667f53f93447cbf0e6d3c4ff7dd38e8,2,2,0.005000
0xca1e9e2dbd062a6fe94b4cb03186e78df839bde2,2,1,0.200000
0x166c00a3d2fd7914562f8358c5e9d9039851556d,2,1,0.200000
0xaa6a4d18c2d987b0b8e1c2056a33ab6534a1dc16,2,1,0.006000
0x947c76d2c54c2618d38ee90b940bf893e7e3f948,2,1,0.010000
0x2a8eaacc61424a66afcb875b1ce6c9d5b3a3ad1d,2,1,0.020000
0x05f4814772104a566203877177d8c835b14d1bf0,2,1,0.200000
0xaaa40ffaf2f78a7004412d37ed85701c48a4d343,2,1,0.200000
0xbbb51f56d0d110b29295c00ab56180aaf4a7cc72,2,1,0.020000
0x7c6df4cf8934c0ae54d60fc18d7ef7ace27bdffb,2,1,0.200000
0x699357e183fadd7785c4f1c8f63f12a9d32ac42b,2,1,0.020000
0x7c6ebf831d1549e1624846f1532fa0fc40bc09e6,2,1,0.048556
0x38274944ecc5a589e835ba24a5abcc86ea926c47,2,1,0.200000
0x5efcb3f53308b72330ba0b37936362545857784d,2,1,0.200000
0xc9fd6947039481dda4032919876790d1575fd7d6,2,1,0.006000
0xc9eefb4689ee5b6464734a4a7eee035be8a3f549,2,1,0.200000
0xec8dacfb89ed3c338b948ed1d3cdb4130205c687,2,1,0.020000
0xec8dd17f9eb0f2f89de19579f60024d034c8dbc6,2,1,0.006000
0xec9c95062144b763646b662ac04bd7fe24506539,2,1,0.006000
0x69481039dc86bf18a46fc2d0e0ca619a27675d22,2,1,0.040000
0x4de52c231b4d379281de75c1b94df445a49ec021,2,1,0.200000
0x940d482d07ccbd817d213a8d7a0d17bbf2f3662d,2,1,0.200000
0x4247e9a9e8754e6ac0f106f47b728ab132d60559,2,1,0.010000
0xbbaa6cbcdba7ef41a040deb390022de60e6dd1e8,2,1,0.200000
0x93f3d37a08af521243bba35c298a52cce74c7e93,2,1,0.020000
0xaadf5740eb14994931aa73600a62d93065f1b72c,2,1,0.020000
0xecc0c628ec9430fba9d0e14ce60fd76e7be53780,2,1,0.020000
0xecc4d1065511f7fdd1b4f0aa92f025d74b7ae6c1,2,1,0.200000
0xaae2dddb59f654c6fb7dc1b5ec95df7affd00285,2,1,20.000010
0x42618e1711ab5f134fdda2455b7a0c5143a02ab8,2,1,0.200000
0xecfdfc002b0d173cd737cd1a99a31677ef24e198,2,1,0.020000
0x326bcae2f8a6cb189d6cd665283bbc595b2174a8,2,1,0.008000
0xaaeac33ea56a34020a83d13f2d053a081a6545f3,2,1,0.108002
0x2fffb896c87eba813e629ed12069709b5324465a,2,1,0.020000
0x5f089cb2033a86e370f00c73cc5d4263490a29ad,2,1,0.006000
0xb93c8492259acf675fe424d32ada91b326bcec1e,2,1,0.200000
0xed28f37f4a963e2fb37dc20fb94ca983b64b8cb5,2,1,0.020000
0x427eeefe4556f4ebcfa1b2ee854d6ee8ba6551f0,2,1,0.010000
0x37e2078a5e2e27702075c42fb3c6c46c85a79359,2,1,0.200000
0xed4b62b6985014e4e6b375977a5e6a05fa5922dc,2,1,0.020000
0xb754d5056729e1345c440d9a5d93716e6b991275,2,1,0.020000
0xed5c87d295dcd393224a330a1ad57b00f25a3484,2,1,0.200000
0x93af0d03827f8502811b6b82d9bf0bb3a5d5a00b,2,2,0.006000
0x3006c8a11f8e7e1a21f4c7d5734f6720eca2fc1e,2,1,0.020000
0xb756f65af2def0b17ad9a4b05c3c76cabb8d5237,2,1,0.200000
0xed7bb6b68eac15cbb5d85bbd05d443b4b3e1be66,2,1,0.200000
0xed7c18348aa8398a51cf50b3d7c4547bdc2ca7d3,2,1,0.020000
0x0d79a991c3d184aab661d106dc71bd35622a9a1d,2,1,0.200000
0x5fa16a7625622d61598993dcf0008693d3f8fca8,2,1,0.008000
0xed94b3cf808d9b5381a5c34f23829f66dc3462ef,2,1,0.020000
0xed9985f4b104b93f590392d326f3727ed16b0565,2,1,2.010000
0x7ccf1ddeb7f6cc337f74f28e5f1726f6e7e62026,2,1,0.020000
0x7ccf35c996edcaa09cc490d86762373e9ecbe905,2,1,0.200000
0xc9393e2a446403b50cac58be5cb300cd9d2a5b6a,2,2,0.011000
0x4da5c41b6fa99ec3104853dda40d74c43ddf768a,2,2,0.041000
0x33622ada2d654e25413cd7ea66c9ec59c0d483be,2,1,0.015000
0xff685df6cbce739f67074344116983e77df2eacf,2,1,0.003000
0xb478889e89ac21362f7f65fd0247ad8280a03e21,2,1,0.200000
0xc9390a1d1d40c13f1b0397e83b6ae4bcd0780af9,2,1,0.000115
0x4d9c33eae2f2ddc6ca125eb9dd15b138b7756379,2,1,0.020000
0x4d92d19401d9c125efce7f57541ba39597e5cef6,2,1,0.200000
0x164c052b76e2a5ba202e23c84d3fec6407e868eb,2,1,0.020000
0x1a40831411fdf26597acdaae72ff2f9f73363163,2,1,0.020000
0x60d28b1b902a3893cca75a647c1efdeb2ca29b3f,2,1,0.008000
0xc932388934433ab1573a6c003c86d4b6dbe90af9,2,1,0.000300
0x62a0c2533e1d5bfbaa2104ff1c245c3b1252dd04,2,1,0.200000
0x2652f89a8b9da8b214f88aa3fcac72e1bed0a9c3,2,1,0.020000
0xee36d425661c903bc44264d160066c80c1cc1e47,2,1,0.200000
0x9372c33b92b7a73f85a59629fa9f0c152a5fc537,2,1,0.200000
0xc9115e38e55eeaf6e91266a7395e59193c67b9e5,2,1,0.200000
0xee4f509b1dd2e61eccd2228c6adb0a7301e00028,2,1,0.006000
0xc8f78896c9e8b69fd3ba47295f024bad4c236032,2,1,0.020000
0x0f721afd7f202d60fcb40940fb5b92cc1afa6ed3,2,1,0.006000
0x68ef2426f1d94a6ba70965e06cc9cbd7341c789d,2,1,0.020000
0x42a3e3bc1e17161a33ec1c7687b90877b161c361,2,1,0.002000
0x4d7c844dcd45246361b5ab26ad0ff520711ea0d8,2,1,6.000000
0xbb80d51096af6d93fb4d823e9ea85a2b3d5a2e3a,2,1,0.070000
0xee76fd4ccfcf6c859287a3f0684f1e9e3099b635,2,1,6.171000
0xee7ae85f2fe2239e27d9c1e23fffe168d63b4055,2,2,31.364989
0x5a5020d6e5f145111a02d961158091690206f23a,2,1,0.020000
0xee982628ec92bac03909051a6f3b20a35c4f823a,2,1,0.200000
0x42aab1a5554cdb06c7ee3d3b2781eae141c8238e,2,1,0.200000
0x03f86b18b88d170d9b5457837b7ca71972d0f909,2,1,0.010000
0x5f1ee18661b2409d7492c2f70abf6135805cdea5,2,1,0.200000
0x32886f6f361c1d570255c2762967a2e41d0e9b1a,2,1,0.360000
0x92c383f94f3d5cec315987e744efceaadd34120d,2,1,0.200000
0xeebf2bf07b6e5fde11c994c44b2d6556d63e8dab,2,1,0.020000
0xab57f1c3d916792347e05d417a84cfe9493083bb,2,1,0.020000
0x4d49ec45c88a70feab95926fb82d907985dbda68,2,1,0.006368
0x7d4fa3a3ca0e938ad0d70d1bb12af04dbb7c2748,2,2,0.005000
0xeec8f08b0f6522fbc6eaeb151f699aaface93b7b,2,1,0.100000
0xc861a79b473e0a14dd0264cf9d78dc96ddfd6240,2,1,0.010000
0x5a6d15a2c4908df2e6dd850bbafa0aa56ce05a8d,2,1,0.020000
0x2a18bcb5048b2d987612d2fefe53c3ab0fa4d772,2,1,0.020000
0x2a145c789945eca450c903ddf04b0a4ec61d75aa,2,1,0.006000
0x60eb45a5be852947415f5c19832db1ddf668f4a6,2,1,0.020000
0xeedef03661949d93cb681c3067d7295f520104e9,2,1,0.020000
0x925d16167cc29e46b8cdd6ce3c20986102b7aa48,2,2,0.005000
0x0f4d8821b4b5b287c839fcf1cb51dbcfa52ed765,2,1,0.200000
0xeeef0a5b1f26ecc82dad66e6795c682fe818a5e7,2,1,0.010000
0xc854fc7c3ff4a76dbe64b376606b3e277a8d0916,2,1,0.008000
0x7d7eb22867eb625286b28ecd08fa586910083b27,2,1,0.200000
0xab6707ba3c67d9a38e6a1eaf743ad1a5d2b33ca5,2,1,2.000000
0xef037889110f7996d65a0282ede1d1126eade4b8,2,1,0.010000
0x0f4362f2b31645c8fd0a6e7a48f8411bd675e47a,2,1,0.200000
0xab93e61f0534d3f3dcdb41f96a14385eb2f37112,2,1,0.008000
0x29f0de536d6d98f1f1df8adc0418347fa3a067d8,2,2,0.005000
0x3771dd8c908f72fa37a64796a4f573fd4c1a50b2,2,1,0.020000
0x1c32f2ef1c22743f33c53fcd35d9f27b11684ea1,2,1,0.006000
0x074f254ffd5383daa4b85729f74f4a599fdfd438,2,1,0.200000
0x42c2109a2ffd037eb779adec3b173a5343401139,2,1,0.200000
0x5a7979794b2d67938acb515834746b045ae044fc,2,1,0.008000
0xc83a02111ae80d310e6fcb5a0af42dabf526d167,2,1,0.008000
0xbb4ea6c79df48227e978f0aac565fbb7d4c5d4a2,2,1,0.020000
0x92084b70d07444336fc78166f0a53a159e820d16,2,1,0.020000
0xbb3e485f922bf39cacd77c2576accebef491ec52,2,1,0.020000
0x4d0692a1168fd9d32f16e15bc77c3fa9d8095e71,2,1,0.200000
0xabbd049a658482f1decb8bea3b0f58f20063e6f2,2,1,1.500000
0xc81fda0701ec0c88d247963e3449fc64d8c0291a,2,1,0.020000
0x7dc0fe5001ec77b4c5a2664fc383244224895583,2,1,0.010000
0xc81c36d38ac12a30d914deec95e9f8224519b87d,2,1,0.200000
0x4cf84a1060383a4bb09cda396d4d04c1e1b78139,2,1,0.015000
0x7ddb08cee88d170bd26ed229420ab6ab6a725020,2,1,0.100000
0xabd0abe1af9f5ca3eea069dd4a9dd1dd09f7b3c2,2,1,0.020000
0x68481f0b495b0327e38c349ae05136fe63134023,2,1,0.020000
0xc809916b8b9f8f704cae56d22905abe0c370d93a,2,1,0.004000
0x15fb09512594bbd0670feb8b0ac72600f90b81e4,2,1,0.008000
0x33b00b15eb1398aff99a10a7674bd225cb9469e4,2,1,0.010000
0xc80817f76fb0be64b3b161f7e788c212dc8278ee,2,1,0.200000
0xabe5f6f163c49e13b374721543784b54a494fbb1,2,1,0.200000
0xb5d93b6a48f0160cf826a9268ed4c22b922d40e4,2,1,0.219860
0x7e0af72f6976dcabdc38f10c28c3588015cb5499,2,1,0.020000
0x7e0b5240c91a8821c95578a4863bf9c4f2c16f20,2,1,0.500000
0x7e147b14aaed63cd044fea0aec8f169160c72d4f,2,1,0.200000
0x4cc7f75251e806fe5956ab293bf22be5ce2fb7f1,2,1,0.120000
0xc7ecef4e569752129f53bc9e55838c8efbaeb6ed,2,1,0.010000
0xf01188183c36a91c28dc9575a786f133866b0ede,2,1,0.200000
0x0753c020b59f17cd287db11d9378abb4d31385d2,2,1,0.020000
0xc7e576057f6b1510d9096a5ed9e0fd4ac744d346,2,1,1.010000
0x33467cf9ce248b3f6441fe76f59327788e96993c,2,1,0.000046
0x68442242132f6ba98e7c695abf88a6fb0299f666,2,1,0.200000
0x7e310d5ace59f105638b092c80afd4237faf2ff3,2,1,0.200000
0x683bba880642cf65f25f9495997e59c4a82d0b5b,2,1,0.002000
0x865eddf4b29617eb5397a2691b62c89556c56133,2,1,0.010000
0xf033199b2a3c0839405676de827c0b9fdcf15fec,2,1,0.008000
0x244c0018c68a57541810443081c63ea87a7ba88c,2,1,0.010000
0xac02f881881135a24ec83808897ec9a69918d2bd,2,1,1.000000
0xc795d3a4f46329a8a6d04fcd5509b4ef61c3382a,2,1,0.020000
0x7e4f7e2a46cba767e7c31d94a323108638a004aa,2,1,0.200000
0xac1c679ea5b55b1acebd2979776ebbac9a6d4849,2,1,0.200000
0xac21092a4fb62ec9136866bec838b578b7251cf9,2,1,0.200000
0x4cb70ec489f139e59485a358e9f2878e33782398,2,1,0.200000
0xf067c94b123904aaedda115b654f52697168a2e1,2,2,0.002000
0x681ffe5ab35c34a023be5d7122b50161794a0c0a,2,1,0.010000
0x4cab767d7f000b03ed74964eea2366fa8916f856,2,2,0.008000
0x4c9c87c385492801f467e38f43d4058e29802a9e,2,1,0.020000
0xf075b66e1a3d810cd6095c427432c9394b8e7e83,2,1,0.200000
0xac4930607138a61462309ba67e7272d8d918aa1e,2,1,0.000020
0xac49389f5f621d4fb59c214f03639edee2441a1e,2,1,0.000300
0xf083726daa5474f43f45d5e928512d9c39a79247,2,1,0.200000
0xc73002120a99f82d3d3a1d167247053005f07e7a,2,1,0.200000
0x9159990f290031834ca6d54360bc699fcec776ef,2,1,0.200000
0xbb23b46daba352d802985d95e851e392fa85b3fc,2,1,0.020000
0xc72010f8685dc52679a38c8310e96fbf8697527b,2,1,0.200000
0xac49fc8316297afacef196fa668104e677201a1e,2,1,0.000020
0x628efeb692d87e32e107f34ba6525807a3f7adb0,2,1,0.200000
0x7e61321cd3652b918db5648cb23613c679ff6de9,2,1,0.020000
0x15f5fc0683c9e1b95871f567fce1a2e96eca5d17,2,1,0.200000
0xf0b86c1e38ed881e3c94b8096dfe6fd1a71f8721,2,1,3.300000
0x15ef9a35d58130eaa1ca118bd3c3a32dd99e9fa7,2,1,0.020000
0xac561c2f09d53940046bee66b0dfe265bc8fe36d,2,2,0.005000
0x37355fd747648bdbb908d4188a5b74c07107f385,2,1,0.020000
0x67d2aa457a48dd6b2ee2217a2a7cd170fd7015d0,2,1,0.035502
0xc69e9071827db13a186572de8cd69ac24774ce3f,2,2,0.021000
0xf0f7d833004e5c2e31f170c67b04b0660133cee9,2,1,0.020000
0x5abc7f914eb6a55c3ac394918d7f51af5347792b,2,1,0.010000
0x5ac287bdb7b28ea6a1d549e5b447dd7df633ceca,2,1,0.007000
0x01f59b064be8de74012712633bfbf65e2106b187,2,1,0.020000
0x5f3c44c54585fc96aa8e636ba4cf2bc438934c63,2,1,1.000000
0x614172bd105b49e561edcd5fce48338d2c9e0d25,2,1,0.030000
0x67a9dcc0b63d2c17281ac51ba2d72c23cf2c7601,2,1,0.020000
0x90dcc56f2ab8e813eeb8a235e20f812b13db1e89,2,1,0.200000
0xac957dcb1cdcb4380e42268c3c0bd695b0af4394,2,1,0.002000
0x1e4af2357a0eb29096b89b0fb59a19005fd3450a,2,1,0.010000
0xfd899ae70024f38dd4ab6990c45d4d427532a898,2,1,0.200000
0xf14d236bd760f01237fb82e00e9625b0cccc0b12,2,1,0.200000
0x437ff1b37359d2c2a8b641784bb5a39b19d2d9fa,2,1,0.010000
0x438128a75912c6a2628cc272b6661caa27ccb62e,2,1,0.008000
0x90b57d12124091bae314780008f3cc514bda8397,2,1,0.200000
0x90ac2fd182d3a84732a744222eda17bbfbd3ae48,2,1,0.200000
0x9088b5b620d50cd6ee5b2f9d45a31e2dda521eee,2,1,10.000000
0x0acdbe2629200dbdf0e95949f9c6afa8543911f5,2,1,0.000036
0x5ac58a3960277eccbdcf0c5d5ca13087208e4b4a,2,1,0.010000
0x7ee93666af93b305b144c9bc6476dcecb5532c60,2,1,0.020000
0xacde39900fb707b34c06c44fb1a67033ab5b3265,2,1,0.040000
0x24b8b35c7391037442e85f07014b1b2d95e8025a,2,1,0.020000
0x8736501c3c1a604d978f19f73796e23d9db92aab,2,1,0.000081
0x0d98aa3cf75ab20e2cfdf7779efccf10790edd22,2,1,0.200000
0x7f17fda04a67aaaf36bb158bc752f7cdc39e9f7b,2,1,0.020000
0x674ad2ce61125409e70da7fb7a0d7b376ece448c,2,1,0.020000
0xf1babf8dc8e0dc24c2f9ebcc16f017005657c3e3,2,1,0.200000
0x24c7ad3cd28544e7faed3be4814a1035d86d8982,2,1,0.060000
0xf1d26acc865f436a3d30c8f7628d84d1abdd2c52,2,1,0.006000
0x674949a795d18814725ae1003feb0c87433b98cf,2,1,0.010000
0xf1eed80ef331d74537e44f4e95b0c4e3f4a83ef0,2,1,0.020000
0x329e0be4270b77e7006f9fa5371eb56d4ca63d40,2,1,0.200000
0xad1a04e130b5975c21d2927161e4e2ce1dcc143e,2,1,0.010000
0x673f0277f9b7aaebc80a07c199dbf32007455495,2,1,2.000000
0x05af877fd1f96188f1d9f623d2bf5e25b02f341f,2,1,0.020000
0x1e336fcbd058ae4a38ea2c3c078a5309ffe48013,2,1,0.110000
0x1ac68566e6cf9a010e27b19a6ae20fffebbb7803,2,1,0.200000
0x90093bfca123f240d07f3ae11599e79f113de845,2,1,11.000000
0x900148525b596e8bf84310fd26238600d238d007,2,1,0.015000
0x2941158e310917034af95fd28d20edb2222d6e85,2,1,0.200000
0xad3e3f3b4ff0334db9aaadc12f035ec58681b232,2,1,0.020000
0x012fffc248c063cc94f69fbe92108463d51b7abe,2,1,0.006000
0xb6c1872c882e49c7f870935d06ca12909335df0f,2,1,0.006000
0x8fe0f3338c47baf05792f2038632f372b2ea7583,2,1,0.200000
0x04f3fdc9e77ffa809eefcb58eef9894c29dafabd,2,1,0.200000
0xad7f9a31947802842219c38f529c405cde7fadf8,2,1,0.002000
0xf2998c41e8df98b333a9d1ee1c38f92d481f40da,2,1,0.200000
0x3092fb385b200b9215127616a25db511ee1297c9,2,1,0.006000
0x24e9c41198a6a099cac19a86c42add4bd0e7eeee,2,1,0.020000
0x0ac3aacf3d0bc68e287c582b8e4aa814abcc11f5,2,1,0.000300
0xfe1050db192e86a7f33059947f7807ff771af797,2,1,0.200000
0xb80a2022fa4aea944c0137f90529352e14a329f8,2,1,0.200000
0xadb87ef0e0ff830387c541bfd634b558437becab,2,1,0.006000
0xf2b2a8e362244b39c1acd6ec3df5073e81cbb2fd,2,1,0.150000
0x12b130131650e97bb28c40122fd34a482e4a3917,2,1,0.200000
0x154a04fc19e69f602372bcfbcf668793a42325b4,2,1,0.010000
0x8f83591e35a37449f1f90d5480bfdb9bc489176d,2,1,0.200000
0xf2c46e5faa74ca35c84bf2dab55a77321659a309,2,1,0.020000
0x5b115176363c9108c529477b4d03253cd3678088,2,1,0.200000
0x8f73e5defb12cd3739815b107fc2127f35212dba,2,1,61.100000
0x26a83338a98b6dad907507ce0ea698d1a00af083,2,1,0.006000
0xf2e3055276105785686e8641c865cfda8c6e37f5,2,1,0.200000
0xf2eb5fda9952064e9d65b1c7d84dbef206109beb,2,1,0.200000
0xf2edd62212a6d7fba13b79dde093b1c0f77ae170,2,1,0.020000
0xc4fc974c173921bc97b4aa3d89a9290ae76dc1a1,2,1,0.008000
0xc4ed44b559642662286d007bcff48465c8f4b01c,2,1,0.200000
0x309dbc3d6a79c36dcf8c9b9833f9776abc7e4ac1,2,1,0.200000
0xc4e5b0d6b6bdfb3eb8dd77b45d35e8fbbe274440,2,1,0.006376
0xc4e4f40fce444ceab5ea1af2b711c22b7849f38c,2,1,0.200000
0xae2a55b6402f549c7e1b076b7d86f9e17aa49ed2,2,1,0.020000
0xae2d6286db8f70d252c35161fe049a7ea6108965,2,1,0.020000
0xf327dc5f3e6e50edccafd21029c3ec6e41d77a86,2,1,0.200000
0x47bce2c98bc585b48040f1a42bd653dba6de5d17,2,2,0.203000
0xc49e5374f0072abc0b4c134b2fd413d87aa6354a,2,1,0.030000
0x01f4f2118b29ca18200c6a72ec4cbaf1f5eff7ea,2,2,0.051000
0x1540118f2d2ddbbdbce3c53416eb81ef04ea0818,2,1,0.008000
0xc49bcb6aa9113a0a03b76fd302156f37d15f6b85,2,1,0.020000
0xf368ec1e69332e843058281f8652a362e565d27c,2,1,0.002000
0x8f3462d51386b240c111987d3b860df6c97c3bf9,2,1,0.200000
0xff8c0b3a08099eb77b803b205198251f95e1efef,2,1,0.020000
0x2508a622f89daa01e71edd69b0d74bfa1533684a,2,1,0.200000
0x8f30a66e5fb20f3461b1ed96d526e745286f2399,2,1,0.020000
0x8f22a7fc519bf8fc8e7d95850a793fca1b1a187d,2,1,0.006000
0xc49b9b291a1d9f746107798023b316868efd0b95,2,1,0.200000
0x5b3d80bdeb47f75ca5749e0879bcb625860a6b3c,2,1,0.020000
0x059c566941a3eea82e2e86a6536e4bfea01d8005,2,1,0.008000
0xf3c36e470ac32fefee31fc34b5ecb7ea1809bded,2,1,0.020000
0x4454590c27df2ba07aaf0e7a519fcc972fbf9cc4,2,2,0.720000
0x1e12d3ab7a3ca38d69d3d74ab6f1bb50fb8986a8,2,1,0.010000
0xc471d4493593c530c6cc0ce94dc6faba6a8c3697,2,1,0.020000
0xbaaaa450e8a4f58594e04dc6ab26b91fc0dba3a8,2,1,0.010000
0xf401b49e3d8efc338714ae3828038c87ff891902,2,1,0.060000
0xb604421cbc423feddc8231df475fc907abdfae08,2,1,0.020000
0xc46bcbba3c332dede1fe4542c84ddbd815c639d7,2,2,0.015000
0x15087e3e68cba762a145694acd0abbbb6f8ef80d,2,1,0.200000
0x669babfc3560d8c7f5997d49211e710c280b9b4f,2,1,0.008000
0x4b6d7a3d2b0515e179cf59fcee1ac203b164314e,2,1,0.800000
0x368cf88895ccd55a2277d38adc68ba8ddda6e34b,2,1,0.200000
0x2892bf3dbc4b5c240f5d1403f9b6d83985f0827d,2,1,0.020000
0xff94c119756beb55f7ee1bef7bc9493a268328bc,2,1,0.200000
0xf453c7ade6bdab072df5d42adc306ee5de6eb432,2,1,0.200000
0x7ff5294e52bf887abd2433becb9d6761dcf2ea6c,2,1,0.020000
0x860ca40771a17d9a89687619c86ece39b188e4e2,2,1,0.020000
0xf46649002b4deba4b24f18c1267abc0fcbb86ad4,2,1,0.200000
0x47d43cf2ce20bd34a7348346dd2b46d2a0dabcd1,2,2,0.015000
0x4b684ea2aa70ee95ed782471b424b7575986114d,2,1,0.200000
0xaec47e3cfbd7f4191ae5c19aff9aed1bc0350fac,2,1,0.200000
0x8e9944e41982029f72816bfa6983d838ac5f1f59,2,1,0.020000
0x1addf05f9c2436fda490cc0cf1601c9654c27811,2,1,0.200000
0xc3e0c1a1d2d6531debb610ac39617568f7efcdc5,2,1,0.010000
0x2884ffaede37d3df8453a313c8954c3f55009c01,2,1,0.020000
0xf498c0df31cc3edec36fd4d9c5bff4b97ddef367,2,1,0.080000
0xf499d87fee3a35e01158c4d65e0c0ef0bd0ec779,2,1,0.160000
0x8e6b2b8b5a126c4a48ff2bd6a644fe7ce2b1960c,2,1,0.020000
0xf49e1e3f59fea1e8076e36105774011c1df50491,2,1,0.020000
0x28848bb30ffcd179fa6037c9c1b603856cc6302a,2,1,0.200000
0xb960bc4c878385704a5af950a1282a2777c19ef9,2,1,0.200000
0x12b9b944c2b28948a94a76560267fd0eded8f338,2,1,0.010000
0xb83223ee03c861e02155a87a7a711feb4a103808,2,1,0.000002
0x602fd295cda030f718c45c840662457009d30e38,2,1,1.000000
0x8e5186ffd09254f7895d175e44568c4f9fd731de,2,1,0.004000
0x2875f1cae81ba058c1ba4b5b7f708009a5a9457d,2,1,0.020000
0x4491c815c99dfd40256045df9eea35a892c3b446,2,1,0.200000
0x602d12f9ce42bf95e5400e4d1495f3343ecd4e99,2,1,0.200000
0x4497f30849d2cdf5df9493b4b3f3984a61f3e46c,2,1,0.600000
0x8e30121aba90bc163e359a46aeb5bbb4343a3495,2,1,0.008000
0x5b77474584535fca91f6c000767c7f35e5118022,2,1,0.006000
0x4b43c80d04d6fe73b043b9dd9c809974273f3350,2,1,0.010000
0x8043d586defe39f2e7b2e57103abbc51d5848388,2,1,0.020000
0x602bc93fd44566af16ea48c86bfb60193a501cd9,2,1,0.008000
0x1c176e93ef5040d334dfa04fc6e819015e8e7ad9,2,1,0.020000
0xfe0741ff757863e3a24f1d043b5ca9f6a39e2d68,2,1,0.019000
0x5b8f36e6c66abfec837f0355fd622ca68e6fdc18,2,1,0.020000
0x4b3b6b1e5bd665aeea9d81ac9aa816f81c28e0e0,2,1,0.000038
0xf53fc778892a53fa7cd1f0561063cefa0a1fe147,2,1,0.006000
0x1e00c02ffd737b6d8e446a2355045a63dec50bdb,2,1,2.000000
0x0daee5dd44ada60c971d14af5421e152ddc2014a,2,1,0.200000
0x6619a0fd3c164a1bacd7961859583b45086c6d80,2,1,17.500000
0xf558eb359dd278b14dbe4fcdebbd208050d2fe1d,2,1,0.070000
0x13c29d7e2ae3647843dc42a9d31fd6b484dcfd77,2,1,99.644972
0xff9f7de857e0b0fab169864212b60fed45140e32,2,1,0.000300
0x5bd60211398ca811ae201b76cc766a05d7ad31d4,2,1,0.010000
0x0e34b887e7b17f77c4bb8196f0bc7e8acf6fac94,2,1,0.020000
0xc30265adb1891a19d938809ea0ac524f5a5ef8b2,2,1,0.008000
0x8dd13f1071ba66b7e2c3d40bacdc20c41cbd4bfd,2,1,0.020000
0x12cea559c6c03cfef2299699620f50a345035bb4,2,1,0.010000
0x1afa81bfea420d825f23c9ea79b006f5d5f5254b,2,1,0.200000
0x03d773c52b67993e60ecb3134b17436fe03b584c,2,1,0.010000
0x65fc5d3717c28a9860fecc3ad63278d9c7d19057,2,1,0.002000
0xf5a27e8847354eac08c94ee187d672ce76571bb3,2,1,0.020000
0x808c5a841a3b7ee21c819e16903320e808f453ae,2,1,0.080000
0x4b28e5554fffe79dc4d0e869cefef60d55a5405e,2,1,0.020000
0x5bfe8e5b0a093e2d6d25d0d73cd94982c1937b70,2,1,0.020000
0xf5c58444f6aae02694723b943d85dc254b7aa03b,2,1,0.000048
0xc2e33de21988373226f66ab997d92d79a4dda216,2,1,0.200000
0xf5ca2caf7dd0101b984ca2390e03133134b971c7,2,1,0.200000
0xf5ce678be139d032861443278ab0bd5ce3ef8ef9,2,1,0.010000
0xf5cfac3b72aee5088ea9e2ff69def8db843aa03b,2,1,0.000300
0x5c09914cc713fe104b331bfcb275c93effac0bc7,2,1,0.200000
0x8db9fb83f08ce090fc48f005a648ec5833aa740d,2,1,0.020000
0x4b231d37ed02fdaae5c2742327168402f8ca5a5c,2,1,0.020000
0x0506710130696b707db0a09bc860ed3ecf57d676,2,1,0.020000
0x8dac715e9343b9d26fe24e7031dc93190a50c587,2,1,0.200000
0xb66d80bb43f89bf403dbae913ba648b2cc3de123,2,1,0.010000
0x5c0bb4c697233465489fd25371ce426854401b17,2,1,0.200000
0xf5f307ed19a0be25b33ab4dfe1a30144423404d8,2,1,0.000132
0xf5f3e343dc9901211dae79a503353db3b23604d8,2,1,0.002000
0x8daa54ee4d0d50271876ad004db35be2853f2c3d,2,1,0.200000
0x65faf3665d46a61709557e93d20c8135dd3f4c50,2,1,0.020000
0xc2b8de6d5e58d54467a4420bd2954c4c96f68714,2,1,0.006000
0x44fe4bf2bdd4e25dafa4cb52c46c8771bcb82c6b,2,1,0.020000
0x8d880aa49ddb897995c45649a1d5bc6dc7d57e2a,2,2,0.005000
0x5c1a7129ea1ebe2b308c934730b07390d7573ba9,2,1,0.020000
0x1def9db6c821147441813a16651a6039c2055589,2,1,0.020000
0xc275541852803394fd96db12e795458e05b01e00,2,1,0.008000
0x65ab505bcc2227fb99694cf926fa711fc82cf11c,2,1,0.200000
0xc264d6b3e087ba4381d93ebabe8f0c4bf14dc17d,2,1,0.020000
0x659f715621285bf40ddb2e54606dbf8fe9946e3c,2,1,0.200000
0x8d66e3cf5d77a005f0b2277b2d919b6a6a43749b,2,1,0.020000
0x01577cda58b43ef807c082095b6246b4c790b20d,2,1,0.200000
0x65930ac26abac8aa34ef8fa6d449de07c610de82,2,1,0.004000
0xc2425cad3cb9139cf8de4912c27465c2a0556326,2,1,0.200000
0xf6617331ce4259531574e8e21ebaf9ccfd9c6256,2,1,0.200000
0xf664e2e3c46dcc7e24399bcdef26d3a96e22cce7,2,1,0.020000
0x80cbb615f1d20cd32a79a385bbcc2314187105b9,2,1,0.020000
0x5c3a6afe7139bbff84ff462ca89ba6f1f8a853d6,2,1,0.200000
0x8d2cce3c0445d6daa10bb1b0090a48dcf1c04532,2,1,0.200000
0x80d5e9ef67e12090d80b065447f5249d75d37e85,2,1,0.200000
0x8d1eed69ceb762cc8f48c6542264b0a1c3846538,2,1,0.006000
0x80e691000850b1fc44c261e8867c03340f8db977,2,1,0.100000
0x258e22c2fbabfebc62383163204b27cd5bb89a00,2,1,0.022600
0x47ed6c6340493279d0f54e23458459154fd04e72,2,1,0.200000
0xafe0933782b1afa4d213237d65081a6de9a2b521,2,1,0.010000
0xf6a1543b0fd1290e9b8b54797cabff63c084d941,2,2,0.070000
0x45168a2922fad3a6f5543e3d38e8a2b5ce02d3ac,2,1,0.200000
0x810350be2ebf0c2423787052647861d676413602,2,1,0.020000
0xc233106a35e877a31b130284f77d631571c45c5c,2,1,0.008000
0x33444e1742767d42a1475a8ab4fdb8cac057993c,2,1,0.000300
0x33eafc257d5b053fb8513a4c19f3b98f4f8bac8d,2,2,0.005000
0xf6bb3933e9b9ecc14894fb05415d3a06855685f9,2,1,0.008000
0xf6c85d13935e04d4768ebb0b6ecbacb1e3320147,2,1,0.008000
0xafeb018d8e1b7667f94758af4ecaf6062a82ee87,2,1,0.008000
0xc21ddac324cafee7eb296d9842d2fe9b024ef5f8,2,2,0.070000
0xf6ff46221ae23f0eaf3c9de3e06b2ffd7ce3c4d5,2,1,0.020000
0xf70226aa622b3f44707b98ba1b7c6bcfaff23db2,2,1,0.020000
0x5c6d37ca3a754dfaa8c997e254fa226ed89c0a10,2,1,0.200000
0xf714c6d5aed724bd05138c517250b333ffe29114,2,1,0.020000
0x45277321de1d34c191fcd76c459c364e453bc772,2,1,0.020000
0x4a99a278e3de581d47ff636e8920a106174da360,2,1,0.020000
0xb002c3e841bae0ca62bbe87ebeafddf2d0ba8150,2,1,0.200000
0xc2016e1a7c06a0a4e95997e54e8d2ad4ef498a46,2,1,2.000000
0xb00af99810a837bfb8f9a54186661bb85de4fed3,2,1,0.020000
0xb00f09c9a17e83c0ee4cb0b6c04431d57c51c659,2,1,0.002000
0xc1e9815dae21f06247d2275a93f6de06f7a58710,2,1,0.020000
0xb01291fdc4b6b5afda2c9a01cb9cdbab4c3e66de,2,1,0.200000
0x4a8400c24997ecf9a4f8e69c6f875c094614b942,2,1,0.200000
0x811a783a52488e20f7f144958f48c89fef156b2c,2,2,0.010000
0x3338caa591e45171ea8e493f1eb5c3358c9d0a7b,2,1,0.002000
0xb01af8e43a477c31fc446f9c4f1ab62bcb4383a5,2,1,0.020000
0x33f0ec8b92782f4961440a26052da3e64fb10dcf,2,1,0.006000
0xf758f539928b27c81c9034b532d37333880d1667,2,1,0.020000
0x075f49b32a7958b9401fafd1c46a6a8fd18e1ed0,2,1,0.020000
0xc1d8df8eea7b4863b6af1a8667a9c5187d4c23ab,2,1,0.200000
0xc1cd452decad97241eebb452843f6c7d97313965,2,1,0.006000
0x65593bee58816790e712073a4f93c0576efbf47b,2,1,0.006000
0x280a21804432d5ac46cd85a2fd2c4b49b204f676,2,1,0.020000
0x8c68cca344d95046adffce9f224f133e9015c2b4,2,1,0.200000
0xf7970babd39320d1d30eb4892bbd4d4110188e1e,2,1,0.020000
0xb07105563d6c199c13f24eda55f78842bb4c0825,2,1,0.200000
0xc1479518a2d83531e658eb2367712603845b5789,2,1,0.200000
0x61796cd8413fd8bd1593c1286abe7a367e40db22,2,1,0.020000
0xb07a8437f2d6d5a00aeb0c003afee32f8dfa1ac7,2,1,0.010000
0xf7b91d1e06adff938b060a8cffbee013bcc9a9ae,2,1,0.020000
0x81573215a0f48d898a02f7a8186cdf4acca84d6b,2,1,0.200000
0x6528e62a323e048d78f49ba82ac2e3dfcb6203a6,2,1,0.110000
0x816622598eab75a2bd857ba862ad344e646b9399,2,1,0.020000
0x4a6f1d058504d3a41bbd8a58ba5e1479ea8367bf,2,1,0.200000
0x0e3925c22fc426822d4256be5798135195c78620,2,1,0.020000
0x4a6190114838862253ea378a1865e37b1bdfd5e6,2,2,0.020000
0x816ca628c05dda56aacd625d9e85b382e3872904,2,1,0.200000
0x8c3c2eb24498f3ccd71dfd8013d03db62550ccc7,2,1,0.020000
0x8c3b3b10a0c557603e8eaef1190e1797ab66a713,2,1,0.200000
0x652719d49d19679e21544791e8961ac718e0b884,2,1,0.020000
0x6522d7ebb0d2cf2955d2108816522ce88093346a,2,1,0.010000
0xf7e791955e5741b643ff8eb034a6f7d64329eb47,2,1,0.010000
0x1cd5df7e0d51988fc9656398e649216fe7a8b665,2,2,0.005000
0x818972c1918256b7abe32460274b0471d8b1270c,2,1,0.200000
0x8190ab3f41709edcbc1068aa01e0de15f9a2e0b2,2,1,0.020000
0xf7f8554d365332108680fd5105e9b6aa93790980,2,1,0.020000
0x4a3e9e9460de0f0dc0a58604bc60cc1e3ae4c4e2,2,1,0.006000
0x32b8e48da239ac6a116173e5e7a4635fffb510b1,2,1,0.020000
0xff9fbd609b971db8531de0d050db40b935260e32,2,1,0.000048
0xf80c22a248d720b1bb8c50e602a6f27a5918b69e,2,1,0.008000
0x5c98622307cd62f7feddb8f4cd56784d12fe6263,2,1,0.010000
0xf814bf64c52f4f642ae57bbbae5806786f7f31f5,2,2,0.021000
0xb8974b71980221cf3d3eba6dd5ae93199c155837,2,1,0.010000
0x46c59c5b345526871eb0b95a2794b4a2aa9a3aa9,2,1,0.010000
0xc0bddbd9752b5b639f662ceef8ce590729390039,2,1,0.200000
0x07bae025bb2a3972b366929aaf4d17d95b2ae73e,2,1,0.200000
0xb098435d4e695cb987c668fa14f5ec31df86bb65,2,1,0.020000
0x4a3ca9c3d41dbb87d4ccf821bcbc38983102a646,2,1,0.020000
0x1b27bc99a9d2587a97458cd40adf6f6110bc4afd,2,1,0.020000
0x1c5487ac927e311e99cbbfb558bae8a98fd20348,2,1,0.020000
0xc0985e2c30bc16b36a222f15e2db4aa52ceaef54,2,1,0.200000
0x1cd522498e20943738ca2c0b6f4582b3151b965e,2,1,0.010000
0x64eba248d5e418c34e0f0db98e01f291c9cb1e33,2,1,0.020000
0x8c0e50ae465fd348da649b17e2560a75d8cb22ea,2,1,0.020000
0x0293c8ac9a003ca8a5ae0df8f1b4f2e698cd34bc,2,1,0.020000
0x4a21ed20c39d0e21fa9f060c6dd558646cdc0ea7,2,1,0.200000
0x5ff465720e4cd81c2eaddcb0eea0bb4e1788286c,2,1,0.020000
0x8bdb45bc1416bb2d4a0b37ce5edd92a4345c1db6,2,2,3.020000
0x8bca985e9a0a6090e76c765773bc63984a83b160,2,1,0.200000
0x31689953c27f47c66ee0798c08474adefb45e43e,2,1,0.020000
0x81dd37c819ab64f655df7d1a910d61da2409f2c2,2,2,0.005000
0xb9eac37bb6ecd78cff90469bac569c547ed845a0,2,1,0.200000
0x81e16bd29fdc9cc8057c69d0ffd049744e67486d,2,1,0.020000
0x45872bb95e63ea021538874f7b0e868868d08d9d,2,1,0.020000
0xf89d1045605fea9887981a5f5c78a2b4c9416036,2,1,2.028530
0x31714142b842af5a8151c82b0c3361e066fe61fb,2,1,0.002000
0x1da66747d304664c775a4205e10788645b4c6f5f,2,1,0.200000
0x33fc883557f406d255ff5115072807208c37b3d5,2,1,0.002000
0x64d8cedd709c133b6a1bc494a891405bafbf93ab,2,1,0.020000
0xb11aefac7d15043abbfc9718bf2e1e583231537f,2,1,0.200000
0x459bf0d1451ba09d0331dcbef5bd7dc4d5008d79,2,1,0.020000
0x820825f5f33ba94dbd33dafd84d01a34a8bbcd57,2,1,0.100000
0x02637e073c6c2939bc0338090ef28d0d6a131ed5,2,1,0.200000
0x8ba43a9fa32cc81834ea4caacd753ae473565c55,2,1,0.200000
0x5f73dfd7a2368a36f7805a62f4d05d6714d8c9a3,2,1,0.008000
0x820f3a345bb936f3851e333259a312ad68f42b27,2,1,0.200000
0x8210bd7213ba188f488649957b93133488c952f7,2,1,0.008000
0x45b526231885313c1d01707f9e8067d9473fb26f,2,1,0.110000
0x87bbdfa49522e653f46b8b8a8af8721830f7d0fa,2,1,0.008000
0xf904f895d2a21cde8afd36d40b5ae331aad7a45e,2,2,0.002000
0xbfba3f1052e9901b2d07f8543f5af8e09d9fa449,2,2,0.005000
0xbfb7e8b98857fadbbe62d6ff71fc5c450bc84635,2,1,0.020000
0x82251e66bf48aded4e3476582fda985058b49f26,2,2,0.015000
0xbf9ea734150e91932aac907a79cb4e84eb56ddec,2,1,0.002000
0x822c74910a3e1131a9d771391e1be41f80cc5dee,2,1,0.300000
0x64bb1ff28aca13ce89a287b25a333a53e86c2648,2,1,0.008000
0x0ed680b0bd3b50b4f2b8285462fbb4cf62bcbec7,2,1,0.200000
0x49e6d74bd175c3e5451b48caf7bbe3da27229a18,2,1,0.200000
0xf9433ea53d9955e6af8d7d6ae4e9c74c18a75d68,2,1,0.200000
0xbf7484e7f552ac0f638136f9a24391b48b5316e8,2,1,0.006000
0xb1688608dd53ef70d1b5ca99bbf2c3a201c694d0,2,1,0.200000
0x824aa6bcb61f64e326186b3ebc51a2c70bd630c2,2,1,0.060000
0x8b5c256bdcae2ab6c6d5b60a9d8588b65c7f751c,2,1,0.200000
0x31a6a3473f49a24a45a3de6aef059e5abf8486e8,2,1,0.200000
0x6479bc794484d0563da9338d3c516ce7df7726b4,2,1,0.010000
0x31a9de0513f77dabc152fc6d366e1bcea62ccd4b,2,1,0.200000
0x8b48381a4a9faf259eccddc38ba5c2518eb0507a,2,1,0.200000
0x1b85596a595d330ae7b0d837e77bc5101ca8a32a,2,1,2.000000
0x621e9b08d0a92ecb8018a4717d33f2039d435b2b,2,1,0.200000
0x8b2e882064b24854e4408814723f102f868da3f4,2,1,0.200000
0xf97469be3a453e4bfd98bd9d1598f30e770f75bb,2,1,0.200000
0xbf26ccc5178f3da8e9dc7b343a0aea53566c951e,2,1,0.002000
0xf97e9fa952ea7aed9a23177b6a6d13cf8a1f5327,2,2,0.130000
0x49df121bcecc80d64148c7951f39c519196b7855,2,1,0.060000
0x6466253c703a9aaf40ba6a36bdbadf8a728a33b2,2,1,0.100000
0xbf1cce1725e23a5041dd7a072a31ace94e361b8f,2,1,0.020000
0x31adc65c846189d89a9392ea422814c8e5bcd99f,2,1,0.020000
0x645dadd5bf354526b68a2befd9a305f7e03b91ca,2,2,0.532140
0x8ac499fd20779b1c2ac8532f95925867442fa23b,2,1,0.006000
0xf9a5c37a9ab720b1aa51e21ec466e9b58f0f138f,2,2,0.005000
0x279f11273362d328a0b32b68075134d44105ed05,2,1,0.200000
0xb644d1ea5259699c8787b289818d3d081f618fd2,2,1,0.200000
0x6459b89981ac361e2ddfa28745eb6266dc648599,2,1,0.000082
0xf9c7e2e1e26efb9a6cfad187c4ab8bf30652ae61,2,1,0.200000
0xb19b2f258a8d1aff8057586f01b59da3734f4ea1,2,1,0.010000
0x499978a9a318d96b73650cf4d64ce67eaa931681,2,1,0.420000
0x4998007435425ec87a1193fd273c93bce72a85a1,2,1,0.010000
0x4741cd30bdd0281d420d4aad0be1c3dee52dc8f1,2,1,0.020000
0x8a647e53f7c7aa0779f75b985bdfa9b00523b330,2,1,0.020000
0x0a348a05175fa7c1423d5997cad2f0a9a1dbc78e,2,1,0.200000
0xf9eb7ceab43a5bab35001aeebdf4d4d66e22e9d0,2,1,0.002000
0x0135e226706f3c8ffa476726c3e2ab13e4a8c0ba,2,1,0.006000
0x6452519cad26bf618d15cd65f9605c7ee8318599,2,1,0.000300
0x03a6151a6ed887db2b0d81dbe31be3790a5fbd09,2,2,0.110000
0x31b0b78b1ea6ae36c1d998127cfdba2b56ef3d1e,2,1,0.200000
0x0ed2bf9bc5495841383a80f348ce7e079698ccfa,2,1,0.020000
0xb632d1dfec86375d9e9dbbcaf6d8296083cdc068,2,1,0.020000
0x86507dfdb114e5ebe951635f489b6fef65efe118,2,1,0.200000
0x644851a91e6dfd5bda8f3df3e52f983017c796ae,2,1,0.020000
0xb1b7822b8e346dc906708aef8ab1fc6790715e86,2,1,0.200000
0xfa3b9ff271357de0f704c6c73991ee15a763452e,2,1,0.200000
0xfa4394699378f074fba1341d4f3987f360114bbd,2,1,0.200000
0x25f3c66862c45ab8e6c88dacfcf974674152a77b,2,1,0.200000
0x8a3c315769c73106bdcf04a7e1784ea45581a7c8,2,1,0.110000
0xfa5f347a5d920794d033fc1578932b735a549fa5,2,1,0.200000
0x25f489d8d31280f97ef178dd28380e4492c0cd75,2,1,0.006000
0x460ade9fb535a7d1330a09e82f8e1569a40909c6,2,1,0.770000
0x543c9aa626abe8194b5103a4584604bdec8758d3,2,1,0.020000
0xd8b991c8f4ff8b57d992c75bdb5deaf098d16453,2,1,0.020000
0xb1bf3000eb7a929f49bee1f7bf0fc81ffb6b2dc0,2,1,0.020000
0xd8c6d09d278e2d301647eec8231fb7df8a495c74,2,1,0.200000
0x543f486ce69b7e0e7654f0fc108f886acc6bb3a1,2,1,0.002000
0x5d9bdc4f0e0ede766a072fda5bf2fa0c484c1d9a,2,1,0.020000
0xd89c767f429ae64e4177ada1fce4bee8ee9364f1,2,1,0.200000
0x9f76dc8fa5b33a6cd6a00b5ab80120a4a7cf980f,2,1,0.200000
0x3cb5e2fde112520854626df259dd9c3af83c772a,2,1,0.020000
0x71afcbf962a28df340e687e7251cb3a4b3822d8d,2,1,4.000000
0xd8f90b437f0248d6955248104cdbed7235aaf23c,2,1,0.200000
0x7188c23ed092c41a99e71df237b892b9f0a33132,2,1,0.006000
0xd88caecbc1a9f8768bd4c45a707df7f4e27bc20a,2,1,0.200000
0x9f71ef07257d793f854ff2db6a5ec4f251848182,2,1,0.200000
0xd87c3ade795ade30eea0030106037d30f8448fe3,2,1,0.010000
0x2cb07e0d8c59a8281eb04ae1149ca5433c153c72,2,1,0.200000
0xfaa391609ad159fbc535ea2c413e634179eec914,2,1,0.010000
0x71d13107abe4f6da3134a8f3633e5f39422655af,2,1,0.020000
0x9f5effbe27b1d16ad2508f50919f9dd7892202cb,2,1,0.010000
0x07ae8551be970cb1cca11dd7a11f47ae82e70e67,2,2,58.657646
0x9f5bea139881606a81cf5f34c53e41b68e0616cc,2,1,0.006000
0x11054b14a073996252a911c4547c0e7dedbfd15e,2,1,0.200000
0x831a97e402955efb4c72e96b80490a4e45a1d02c,2,1,0.170134
0x9f5a8129747cf134a10984ccaa2c02a66190b7f6,2,1,0.006000
0x21a8b32cf5be049476dcf25c75055677adfac011,2,1,0.020000
0xd9729fd09e89e81eca02d0bcf02c5dfecd40d35a,2,1,0.040000
0x6433ab5dba608b0697c3186b826b4828e3d6ff61,2,1,0.020000
0x716c7b3e229a4e3933dbc4e9759378a74c301310,2,1,0.020000
0xd999b0d89f667951bf6e890222459dd735e85bf4,2,2,5.001000
0x493f4e13820302283b89c58ef0909d0f2062d341,2,1,0.060000
0x3cd901edf8777be67e17c8d25f74d5fa6345f4b4,2,1,0.200000
0x111111125421ca6dc452d289314280a0f8842a65,2,2,3.187277
0x18e79b1e4558f0e2cc64f3a7ec78e05fb8b612c9,2,1,0.200000
0x9f23d4081796609f2e4d7e20e57e6854308ca652,2,1,0.200000
0xd9b9d81757eb3cf513bcd1f3d6a283bba58a79bf,2,1,0.010000
0x3ce2660eefb9940c72120428c73d866e7fb60e5a,2,1,0.003000
0xd848900d1ae195909591e2ebbabbaf8fa9c0d6f4,2,1,0.020000
0xbe6a92eff88ab7a0db49e18cfa23482a86c06de1,2,1,0.008000
0xd9f6c3c0581cda23de8ac51ad17a4b0ac58ee06f,2,1,0.020000
0x7223c0fdd7c52829937c3550087aacacc9419446,2,2,0.005000
0x35558d3820a72588f24eb91adc423904bb058cac,2,1,0.200000
0x7160fd36b1f20d318fed6014118a94bea6a6252e,2,1,0.200000
0x3d089d16ba788278cdf5d1ed76ff76e4c9e00121,2,1,0.200000
0x21ccbf4370a7689d150c5026922fefb76983a27e,2,1,0.200000
0x31ce2b7ff7291baa41d3aa518278dd0ea6a01486,2,1,0.020000
0x3d1edf47d7f031c06a5dee07841f1d4a18d8ae9d,2,1,0.020000
0xbe35a7f2ba6b37f7cdf4e3abf67f6fd77b0e5b8a,2,1,0.200000
0x3ca7faf541486b855274f8fb7323ea737701e5dc,2,2,0.052000
0x2cd63de0145e177e368259df7bfc2da94891efe5,2,1,0.020000
0xd81c2f669c67f9e618871e46e08b56a6e20b4bac,2,1,0.200000
0x3d51d4b4bbd3dba36d25fdb1366023721fd760e9,2,1,0.008000
0x89c99d522dd72f42c118bf0a56b831d9e3c824de,2,1,0.020000
0x89bc23a7db70d8a6fc4690bd0b2f45c48b84b779,2,1,0.020000
0x54904e368a9475e404d82206404fc6d97f289fbf,2,1,0.100000
0xb2180361e95348aaedc092cf83c1df68283b2295,2,1,0.200000
0xda98e60dda9343eb8dbedf57cb0bcabbfe115a0e,2,1,0.100000
0x8693e84b2b7868b44aca92cc8ad52716bf75593d,2,1,0.020000
0x113067a0696dfcc32078e7919a03766a9605ffe7,2,1,0.200000
0xdab36e1eaed2bf8b81fee3e0962f4d5e1358ee9f,2,1,0.200000
0x53c089391680042fc0cfeea12900bf35a36cd75c,2,1,0.020000
0x470326dece0196af9ab100ced6f31132f33563e6,2,1,0.020000
0xdad79b107a8ac4c31e6478ddfe9fd347035275c5,2,1,0.010000
0x549aa78e2e8945b5bffc1007710fab6c5186b4cd,2,1,0.022600
0x71228b285b67b357f131451cebe8754a8d97004d,2,1,0.000300
0x9e9c001397dd1545607b8f17aa143de0ca386a9f,2,1,0.010000
0xbe24d5412a0684c5b67394366639939b1a8cfa0a,2,1,0.020000
0xd772b40f6653741e8d8fd6c1bb5d3fa6a5d302fa,2,1,0.020000
0xa073560f49d837d0216b727f9f911921a7d03864,2,1,0.200000
0x619ed394bc3e7d95db08fbab77d23f772d52776d,2,1,0.200000
0xdb0185cf84f8e85e2cd3f3fb28be06923fa6df58,2,1,0.020000
0x21789682cfe22d0e2d83ba7f74ad0daf64f6e5ee,2,1,0.200000
0xdb28e9a49cb962a3a58581a5fa647501673643b0,2,1,0.200000
0x14303ad813c3d261deaf58b385e3c4da04c7852f,2,1,0.200000
0x70d2ca67d5394de1be51c359e84d38eee03b6015,2,1,0.010000
0xa0d12c45843db95354e70e6ee1f3f6b53ce96af5,2,1,0.200000
0xd6e0d3c272ec8377a8c37843f25aceb25b589ad8,2,1,0.200000
0xd6c2ba6245d9da127effb308246b57c86213024b,2,1,0.020000
0xdb8af7d51a6705af737005d924bc332cedb02ffd,2,1,0.200000
0x3bfdd9006e07897a1ecb2b718e0dde3d87c194b0,2,2,0.011000
0x899ea49078082e9c2d6e0b381dd15da0e6cb4a5c,2,1,0.006000
0x9e64725be58488c6457f5763df87ff3c5b25e207,2,1,0.020000
0x7353a2227e82170ec8b6036cd97b6f93e3235cfd,2,1,0.010000
0x9e5e9667d9a850c8e968630676d926e3cb0c7f05,2,1,0.007617
0xfec5046b4c30b45c32d998b4d6c676d51e4121ce,2,1,0.002000
0xd6986a7911ec7909f6c28008dba704f0206ce2eb,2,1,0.200000
0x538dbdd905fedc9d1591c7fe7bbfc12cae6fe41b,2,1,0.054000
0xd693fcfad1e50a662e77b07afb1a3b755b4ea852,2,1,2.000000
0xfec0648b5982942e2d0316128925ce5ea72f8e27,2,1,0.008000
0x536e3dcc8cb01d40416cee9d06d1491d5248ae54,2,1,0.200000
0xdbc74004ac607a9f2c96d1957fbbfc21bbebbbfb,2,1,0.010000
0x10ce1e52dd2c42d6fb569c10ee1ba5576e77a93d,2,1,0.003000
0xdbcbeb15f36a300cc6443e701486eb787237f72c,2,1,0.008000
0x705a3a3585f74bbff677eed8157433e5549010d5,2,1,0.200000
0x3bf9423f81668bd86211f5b4c5634319640b0dd0,2,1,0.020000
0xd658f76e433dc501fd9f57654af1f948e3289f34,2,1,0.010000
0x01a616e58938ca9d95a05c93517ecb70634de9e5,2,1,0.200000
0x703bfbadd3998f774007ce643dbb8aeebf9589b0,2,1,0.020000
0x5527130be62169763d18ceb29c868f2c05a88467,2,1,0.020000
0x1156c8f55f4b86087479e3e6c7f0f85cbc7f07bd,2,1,0.006000
0x703122dae91d839b3028aa625fe3c1bb555d3720,2,1,0.200000
0xfaf9a574ba0360b7e530a9af6615330f0ac7a1f4,2,1,0.200000
0xdc1b913d6a6452b2055a697a2e09a6cfd9e9b0d0,2,1,0.200000
0xb248883fcc4e281ef7911f7bdb9f781f4d9854d5,2,1,0.008000
0x1156e2daf567fa9f2147e6ededa5ec8fc70225c9,2,2,0.004000
0x1ba05149fb73dc3de741138c76d408fae4859612,2,1,0.009985
0x9db7cdd24ac72736242d3b8f75ed7e5e12e86106,2,1,0.200000
0xdc354673a37423ced7e51f094d7a42a877da9082,2,1,0.004000
0x9db4a79e9b38df2826fb0b51493970f5d6d5b837,2,1,0.000020
0x9da82076c3a05fdd0b5cb87e3fd6627501d03fbd,2,1,0.200000
0xd5e2ef8a3ee1ffa411a04e917b2dc76b44ed78b5,2,1,0.006000
0x3dde961ad6d9f4724553dae5b39c1fc9021fe094,2,1,0.006000
0xdc53fc4a238ebf85bf3beb7d7669cbfd1aaacfe3,2,1,0.006000
0x9d9b41cb2bf692c5d5d8e841b60b47bdc7157179,2,1,0.200000
0xa1685fe4d6051db63fb11483252143e9ea13f5d0,2,1,0.020000
0x5343c02c8457d6fbc7b5d198d42533f20e693832,2,1,0.200000
0x70168c7ab061d4a93ede12e3f62562eec5f9a286,2,1,0.010000
0xa1730767b495fda9607a5c428f23331ebbd4c658,2,1,0.020000
0x55555def6ad459b49aeeeb192ed12686f4accf36,2,1,0.010000
0xdc8719e98f488035ebbebab9f7e7dec245844081,2,1,0.200000
0xd5ad87bba786fb92250a4465a29409641ef8d550,2,1,0.020000
0x9d816344f31f6f30f2ed02fe078d13f83182be22,2,1,0.010000
0x21340e0b9236d62fb8c1f75732fe781fe839a000,2,1,0.300000
0x223cd8f290337017ea7f9bca141627e8b15a3c64,2,1,0.100000
0xdcac46d033ec053aaab29ff8459111b27f7479da,2,1,0.020000
0x7419ba3dbce99c78013fc22bddbe1106b0f9a48c,2,1,0.020000
0xdcbd948f01a18c6c10f7c0f0be91aae25abd008e,2,1,0.020000
0x741d12b8cdc8ebe7f81e36ff182b67c38b2ec00d,2,1,0.020000
0x555f2511149466ef1108d4ac780bc744d8167d4f,2,1,0.020000
0x9d6c6fe2fb56f3d47dbc16deef5b022112b52092,2,1,0.010000
0xdcc7cc8a212238b9dc9165de4c1f22010c7c9e05,2,2,0.005000
0xdccb806433b17ea42c6513b7f89cda7762d01c78,2,1,0.200000
0x10ad25d496afed7e172bf7b79f1cd786cfe30722,2,1,0.100000
0xd571b04bae0b4f1914345c6a37db177c885a5234,2,1,0.020000
0x835a9f66b6dd127eb6d24a66197f1633ffa009b2,2,1,0.008000
0x9d54aca330d0bb540ec772896a0665890ba2dd66,2,2,0.005000
0x3bb4f5f250338128016798737a2bec6e73e4d87c,2,1,0.006000
0x2248a1a937ba4390cb1de0fdfbba4c9902fa617a,2,1,0.020000
0xfb117dccc516b54c5c60b7e0d71bf6422425f75c,2,1,0.200000
0x6fcba4c82b3c3b4d46bc8a07377b347c35d384ec,2,1,0.020000
0xbdb0230dbe22ab287207d936b0d4310fceaa5de5,2,1,0.200000
0x08acced4bdd12358441b099e71e492dce7435ff3,2,1,0.020000
0xd52cd5a92d6dfc9013479b481a9f5db8c0f3e4b5,2,1,0.016000
0x224c8f961be8d3e30b4cae7e9a3c5d025d76aa4d,2,1,0.010000
0x3e2d3ec5286ca7934db470a6193c5f8409a4b458,2,1,0.200000
0x9d399e97df0f2f9479e76455b3a70e14a76da779,2,1,0.020000
0x3ba898086f304a6b591076ce02a00d16f0591abc,2,1,0.010000
0xd510b4487434867f78d8bbe636491e0c135bcf51,2,1,1.010000
0xfb27b5053d797115b05972c16c195beaef8b97a9,2,1,0.006000
0x3b95439bef0c986a205a730a8e7253b45fe56930,2,1,0.200000
0xdd8041243ea78fb67528fca3111275539996e8a1,2,1,0.020000
0x74755cea8a645f4a344133f3c4170a0792003a5d,2,2,0.310000
0x3b913e410496074219e0dfbe744ee207353d56fb,2,1,0.020000
0x1937e2d648b8f07a03429ae35f28c4942a756c94,2,1,99.049500
0x9cf083996cf2218a5785521342e11ff13c1e577c,2,1,0.020000
0xdd93c0054f1f567da3f8f7c46ca10c7f013d7989,2,2,0.013000
0x21055487869309d1c306b9e9c0ff994171c1a167,2,1,0.200000
0xd501d729a4bba6ccfa4659efed5675de6658fe5c,2,2,0.005000
0xddaeee0a5a8b1160a5a85efe9e400a3af399ab21,2,1,0.200000
0xd4fb2f402812f82dd2fd13c47ce7317862a958d3,2,1,0.200000
0xddb9ab8a90c07f6031257d509e617c9429eb4f5b,2,1,0.200000
0xa28132bcac327caa95b0e497f7b17b9b3850ab45,2,1,0.200000
0x9cd40ef35944828e2477c61c80327e80c3ccf7e1,2,1,0.008000
0x52d04128798c4ca7bdd02781754cb5d5400365b8,2,1,0.020000
0x2bea42b277ff72fa4e99c5c73aa22fda0889c9ec,2,1,0.200000
0x11809cbe15a5dd23d53c464d73c10a8479548156,2,1,0.200000
0x749a9c493bea8d3426d07cd41ef5a12d28eb97e7,2,1,0.008000
0x9cacc0d31dc2bcd42eeca8d737a85b04a006d634,2,1,0.020000
0xddf5cd7488d4c6b92f5ac64a3d494b6202d4f4a1,2,1,0.200000
0x225cb9416e13cf3b1011e314297c838bdf0631ec,2,1,0.008000
0x9caafb3bbe564700c480d586c6831e28e7e91c6a,2,1,0.008000
0x2d6124a9a6011fcba92427065daffb5f22879a38,2,1,0.002000
0xde137e413cc9de17660e02c3a553fed568f1e346,2,1,0.200000
0x6f543349770ee0f858ee049e0e8edc6e032fdb39,2,1,0.020000
0x3e79bb63985aae12bd0979e544990245939b1da4,2,2,0.011000
0x4908890a7986a5902c3ce780d58023fb78b16ce7,2,1,0.006000
0x52b89b012406bbbf823f2da93451b2dc309851ef,2,1,0.200000
0xde3c32c4a518da695e9cf11c87583931f4914e51,2,1,0.200000
0xd45c4757a5557b4056f6dd29241cddc196d86e28,2,1,0.020000
0xde5f8f2fd2f36214825669650eb8638f572e487c,2,1,0.200000
0x1cc6d6d51fc555acba8ea6352aecdca49769eacd,2,1,0.010000
0x6f08f826a54e9f9bcf8d7ba0a9a67b7cab391b59,2,1,0.200000
0x9c90e2c41acb9a1160ae1273f3cfe51b6ff85adc,2,1,0.200000
0xd452973cbeb07e0d416b732d8f160a160f6321e0,2,1,0.200000
0xde8a7eb664f06f76c506dfcc404dfc15347092cf,2,1,0.010000
0x1e1c4717782dc4705a0b6b45b89552871be73db7,2,1,0.200000
0x6f07776af66257a29ac07daddd84ce8a375eda4c,2,1,0.200000
0x9c7bc0c3c16625ec0d26df84b3fbcbf9930523b8,2,1,0.200000
0xa2dd977bd0d80e8c320103033ea8f8671a1f7930,2,1,0.200000
0xd41e9e1955342c0974665da298a98ae2e9cde006,2,1,0.020000
0x3ea043187c38a7f9a9645fe72101a5ab9f3f083c,2,2,0.002000
0xfb34f64240675559238e3d1819f107da00939a86,2,1,0.200000
0x8961bf724fe806a5e9d1869e23973013273fc757,2,2,0.005000
0x18310fcdcee395dceb93dc2ab28cfcd7aeb1a9be,2,1,0.200000
0xd41e2eb03e0c8734ef574be94613cef6ab098376,2,1,0.008000
0x9c49bae70039a363a016047816d4c507a5bc20ae,2,2,0.011000
0x9c430b849b04018f44151e921a1706fd735282c9,2,1,0.006000
0x01b564aeb5b8162992bf0b2e5bd700e3f147d158,2,1,0.008000
0x1193944f5c27ae61c59dc41cb06a159d1d6fa66a,2,1,0.020000
0x752ed82e509cfb26646ce10661c87c7785c1e254,2,1,0.006000
0x89610252950c8dec3eb6acc368c170bba8cf5e56,2,1,0.200000
0xdef45a9a2bcd92ab523d213d2f3e81f61ebf170d,2,1,0.200000
0xd3f23e3a8ce4ce5207164f7ef3cf14fd64114d3a,2,1,0.020000
0xdf1875a9f1a6a271dd905b132c6c769850e6dce6,2,1,0.200000
0x75438fad914c8c79c5788956377db6a007d3874a,2,1,0.200000
0x9c2d830d42525fda53c7a1ce9f895e9a554f7d3e,2,1,0.010000
0x9c2d414386cfb5ffefe4474d12fbfbcd0f08a867,2,1,0.200000
0x6ee7346d66edb25631578a1680501b6523167108,2,1,0.008000
0x3ec4c5cd15d6c7af915ac0faad4e6528403c3152,2,2,0.020000
0x5287c8272e712362b4de4f47565f342b89410a56,2,1,0.020000
0x894f1ad0b9c3aebf69dd1cb7630a74b710810324,2,1,0.006000
0x9bd25bc7bb09b890d03c1ea0b8f5b0dc74a019bf,2,1,0.020000
0xa3580e86f818ae270ae65aab2ebb4420772d01f5,2,1,0.020000
0x5255954e17315faf4461fe646ecc7a97032ac701,2,1,0.020000
0x6ee3fdf651beead1a43d41a1096a90a54331a7a7,2,1,0.200000
0x465088030185dc69bc0c8785a581b5983631dae9,2,1,0.020000
0x2ba180ae8ad229d5b3cddccb7fdb6857aa1c9ffa,2,1,0.200000
0xbd44ee954f2dbf40c5794168078760c083c4a2df,2,1,0.020000
0x320b79664d458c1c03851ac657364c5b294f82c6,2,1,0.200000
0x19547ab30dd8feb33c9d3dc8a766d9787945256e,2,1,0.020000
0x565b25cb88577a832f20b69129f97bc4339b2c4e,2,1,3.581303
0xa37c721aaffbb17a548131ab82d565ed490a0f8b,2,1,0.004000
0x34284608c38a26909ed4887ceee658ec40334e2a,2,1,0.010000
0x9ba0a67fd4d41d3eac23f8cd0ebaecc7fc8719fb,2,1,0.020000
0xb9122e423db14866f23cb2b1c5ed5272496f2762,2,1,0.020000
0x3b2a5cc38255bcaaa38f5bd41670629381b423e4,2,1,0.113959
0x9b94c287c21b83e50f05844196b5568c8cd79e99,2,1,0.200000
0x4706ada133ba561ba7848630275d0355f5833e18,2,1,0.200000
0xa3af6a93d9e7b0cab7ad5143056dec086c82649b,2,1,0.020000
0x63a1ad8f632df74036220c1fc4d8cc768ca6a440,2,1,0.020000
0x75a4012b6a8ad689122e63e55fbd639c6e710365,2,1,0.008000
0xfeaca617040b93a7f4daf71da218e8877d073b46,2,1,0.200000
0x3ef4e5f14fc562194e64185a68ac8606d48dbe8b,2,1,0.010000
0x1bbf2b0288e38a77c1f8089f4f486f3e170fa231,2,1,0.008000
0xdfbba08d5208af571077381cb414b3fbe463f24e,2,1,0.020000
0xdfcbd05d82d28b115c88bd06e009256ebce7db33,2,1,0.008000
0x32c1d81aa75c197be707f0404ef31bc20ce71210,2,1,0.020000
0x2b86333aeb849771d6b5a457c1eb06fc3a2bc0df,2,1,0.010000
0x3b013b3e16c38e3f118e72d6d28b213aeec560f2,2,1,0.006000
0x522b73beee2dd2a5a296442b7b38f46c09ee731b,2,1,0.200000
0x20d28150cd77ba3e4766b7d5582c357a62048b9c,2,1,0.006000
0x3aef5a06baa54005abd198e45568a07d5752f82c,2,1,0.200000
0x5227c48f6221dc68556c6a1adcfa813a7f15bd9e,2,1,0.200000
0x859aa17489681bb32e9c976f43c6c4eea265034c,2,1,0.020000
0x9b75a362c451be4431d993aa4680265aff29d52a,2,1,0.010000
0x522487ba52e83dc239148db8e0406c9d4c2b8e88,2,1,0.200000
0x3adf076851243ad2da44627690e595b0d07708fc,2,1,0.020000
0x6ea784029d981f52139007d0130028f706bcb73f,2,1,0.020000
0x48e8c90fb5257c1254bbccaad56250d111e310eb,2,1,0.020000
0xb30f1511366c16d6b4281637b7f31236ac35fb08,2,1,0.020000
0x037bb17c4029625df85845effec516a0fb881454,2,1,0.014000
0x3f2146e28718a5ea50472fc0e162e71987280665,2,1,0.200000
0xe05b2ec5d464e55936a412de5ea9d67722c151ec,2,1,0.006000
0x3ade57a1c34f4e48968a904c51c0b956809ea58c,2,1,0.020000
0x6e956201741d9191dbc8c0cdef2f87e159272703,2,1,0.020000
0x6e6fd807de53137dbb858ff358c99a8cd5e2ca10,2,1,0.020000
0xe0a1904b4344468c6cac3a371f9f58b52b28a320,2,1,0.200000
0x76267482ff4eeff416e863aa58c4af9e7ecf4fd9,2,1,0.012000
0xa3f359b52d14876fd0fd3c68de680a5d93d3e7ef,2,1,0.200000
0xd2b4bafadb8706c704942847b2436540d7a398c5,2,1,0.200000
0xe0b6c57128f79203b4e3cdf9647190aa4179ea25,2,1,0.010000
0x2dbf88bda25dc971ddd5780fe1db4593859e3a38,2,2,0.005000
0x3acba37c5a2675b9150a2eaa887e73b2005a299d,2,1,0.020000
0xe0c368dbb641c811b7ce9495b1eadf48d0381f92,2,1,0.020000
0xe0c5d91790a61072271e29fe4c6b7221e6c731ab,2,1,0.200000
0x764f0068ed3c8a9480ccd85b6627379b475d5cfb,2,1,0.200000
0xe0ced06d4af45cd8178369705d5b4f847c2972ef,2,1,0.008000
0x7650038f947f36d9f68223299e5e7c69c9c5b015,2,1,0.200000
0xe0d1cd452e27d2a93446c1d81949af030598ab4f,2,1,0.010000
0x6e4f11d8969b3d671546845e580472c0021c782d,2,1,0.200000
0x6387f8267c7c61e462f1211fd7fb452cdd393b0a,2,1,0.200000
0xa44fa897f910ca93b3069e1a2a71c43d0b1063dd,2,1,0.020000
0x8779b753f77ce20c02c223fb7f269ce03facf150,2,1,0.006000
0xd2877fdf7529e3e6d323d0be4965ab655f803e1b,2,1,0.006000
0xa458dc53cc0738e93d245ac5ef97542ee8bf00f7,2,1,0.020000
0x768a158cf1b67ee9c7d945a93dca836afb38a4c0,2,1,0.020000
0x3f3ae53ce3948f02df31cf247adf834fc6296506,2,1,0.006000
0x465baadd10451c34eae8ef4ac0561ef64e1db221,2,1,1.500000
0x51f225dc3692851338145e77b539b075d41caf85,2,1,0.040000
0x51e9acb4f145a3201697ae1b2e64a090b8d42c15,2,1,0.020000
0x2b662cce041cf0fe9546de9d01d27f6732cf08c7,2,1,0.020000
0xe127ffcb563ed6d7c782cde9ec66fe2bd53d2e8d,2,1,0.008000
0x51e7dbe3c787af2c335d2c5cf9f41b733a736e7c,2,1,0.006000
0xe1301b4f07acfe9de6ea22aa4ce1f90c6599b3f5,2,1,0.200000
0xe13cadebd33a82a6b3b4f1ef4c8767da4fa1b5a7,2,2,0.021000
0x769c27ce18522ad2a8753ee952f20ba13105d6fa,2,1,0.200000
0x769f5be220f7f72eaa488117fcb4b2aa96c2103d,2,1,0.020000
0x9b24008f9e5ad61bd72a5bf81a145d2340e22adc,2,1,0.000300
0x51d524c51f3c06e9e701436e620cdd2b5d866660,2,1,0.200000
0x9b1a8314bf629032b8feb36688200c4d1f701f49,2,1,0.317000
0x04a540ca7227bbd0d041052fbf74596e82082239,2,1,0.020000
0xb330e00cc55fbbea7a2ff62981496970d3377d9e,2,1,0.200000
0x6e4087c999067e4ffe8b2123b8afac180981a5d5,2,1,0.020000
0x3f66ee559961b5f8d7efe70cdf1468111d63fe7a,2,1,0.020000
0x51cb017937b3f92d6de5b5a90b1e00b87fb7e1c2,2,1,0.020000
0xd25771dfbfa4f8435403f049674b590cfafd844a,2,1,0.200000
0x017f45af1ed02970cfce3ef299b972122856fed2,2,1,0.200000
0x56d3f8bebd12f763d15791b9d6284d93d4f7a5a7,2,1,0.200000
0x46628d3dee9e6a2634d9878db77a5d949f72b0df,2,2,0.005000
0xd24350fe7a9c902cf518ad6c936f232bd334f63f,2,1,0.010000
0xe1735704681ee1e644c43eb09d3a923412355e4d,2,2,0.011000
0xe1788933c0b32b767a7e740bde9129e2a1535f89,2,2,0.003700
0xe1839ecb30dd9c65896773590e8b3e323051f516,2,1,0.010000
0x88ee7d50efda92b0d6dbbadb2d4a2646254fb033,2,1,0.200000
0xd22fe4feffac93801b391d0279e61cbe904a8a03,2,1,1058.570001
0x3f691b874e914e4c3255eacccf7fb23f06fadfc4,2,1,0.090402
0xe1a57d4cb0e4801144865b932b6ff790320a7ed2,2,1,0.020000
0x9b026350c9ed8d963d05d1b6c22bfe2b3c72c9e3,2,1,0.060000
0x2b5fe55c79c9385dbab25ffba3c01c6eaa674e2e,2,1,0.020000
0x51a47b9691890469a87be297a0b7fb1b54e1c205,2,1,0.040000
0x2de0e1c95f6613f047408739a9bb8ac47a4a265f,2,1,0.006000
0x76dd320f84dc07cd0278c3e13e2f828b81384bd2,2,1,0.008000
0xe1ab77a34960c5db4db86bae4c6b7cd01e81e59d,2,1,0.020000
0xe1af230ddb0c2306434cdb6507e796db5bcf1fec,2,1,0.292600
0xa4a861c3a35490791aff886aed15c393604e0705,2,1,0.020000
0xe1b4eec2f02c8e55d5d68e2fd060cd282923e73d,2,2,0.210000
0x6df54b82503018525d1c1133891ef68e4229b411,2,1,0.200000
0x20958b0090dfc47fd3f1b0c8c0adec4bd7b3d1cb,2,1,0.650000
0xe1c39fee7e6cffdf779941457f3d569a4232bc2a,2,1,0.200000
0x76fe7c2d4d4812975d8bd9c471c87dd558b14fa4,2,1,0.020000
0x87acbddafbe9f665ed4626dd7077b14ffef636a1,2,1,0.006000
0x770831bef5a9dd03e02a11900a8ed44df2e11514,2,1,0.010000
0x771b33ad746b6f990c2d8a6441354b482643015b,2,1,0.200000
0x88e6a8ad60d44bc480c1eaa75ac1189b1af4c27f,2,1,0.016600
0x3a92d96b0e7557b300adbe51de62b238521c347d,2,1,0.020000
0xd1d2c25e21eccb63f90d9a37e71035f00e429f6e,2,1,0.200000
0xff0d68f5f7ecc19372b71f67043a64d5d7b6eaa1,2,1,0.200000
0x77370c63e010fe3740b000d79c69b7da6f06b4f9,2,1,0.020000
0x9a891ddb49cfb633a5b7d7e9013f55b73188e96c,2,1,0.200000
0x56ebcb79f48a9033349a05e94bed827cc290558b,2,1,0.010000
0x51598c7623a12233cd5821d7aaae4a34ac65503c,2,1,0.200000
0x3fa0074740f2e3bddbcedeef088d95e753aaba93,2,1,0.020000
0xd17065b2d72548ce21be29fd833a55f6bb6d3b98,2,1,0.010000
0xd16e02ebdcf7486c4d5806f62507d653eb2cc6a8,2,1,0.200000
0x2de302c361d9617e277c98a0c5b74bbca8907e2b,2,1,0.037800
0x6dc474a4ec7bc5ea509755179317f3d95b93dc91,2,1,0.040000
0xe25b42015e7c9036d16565aa62bccd256d628122,2,1,0.006000
0x9a76ea8fc0b9f34d34b91d453f2940932c9a7fe0,2,1,0.020000
0x3fa71c0f79ebd1213bedf1a38d8a79edbaa57ce4,2,1,0.010000
0x4792d83089caf5ba9725a04ac81dde201dc21e83,2,1,0.020000
0x776ab2ea15df15158598141a51399ef1a5a29021,2,1,0.200000
0x3faa7ba5a858dae7a5444e9ae32e5e2c25913956,2,1,0.020000
0x9a6de37554eabdb4f03c4af4afc905bac46d9715,2,1,0.000047
0x22fdfa8d8d5a5f7bff27e1e0c3eca06ed8487245,2,1,0.200000
0x3a5eb34065906672b56e7454c0e9570debf585ac,2,1,0.008000
0xd1419eaf59c28365596310bdd47521e8da2afd50,2,1,1.000000
0xd1386196095adf1d63294c2b1a543660ac16bd04,2,1,0.008000
0x5151a951a036ba0a2a01085385306092affa3649,2,1,0.006000
0x514b5e184315ff804bc502af89ad12a91e35e6ad,2,1,0.020000
0xe2ca41b994a37f45f88c450a226b529fd6e4a0b2,2,1,0.200000
0x3fc66f51d1382fe7ead3a573f16d8a74c43fe089,2,1,0.020000
0x77954784950d8e14cf306ff3eb21f0c0984d7fa3,2,1,0.200000
0x9a479c3f8f20669618ddc53ae11253161154670e,2,1,0.020000
0x570454a0007fd361a14a031fd07109a2331a387f,2,1,0.010000
0xd1106c33877a01a961c72f671ff66809b0d9bbdc,2,1,0.100000
0x6d92d836b051df69369838874af6f3ecdccbb65f,2,1,0.008000
0xd10db143796cf773937e0b3c71f7179b2cd25852,2,1,0.020000
0xd0f6917dd9f1bfd1938a4482ad9b7e364a6f26fe,2,2,0.005000
0x00360d1257ab1f5adb62d9424257673a1334ef8d,2,1,0.020000
0xe30f9c5acf230c274268e5420af73b302bb3799a,2,2,0.020000
0xa50e46b9d7fc85ea4f95d1c0a28f2ce9c29c359c,2,1,0.020000
0xa51002aff1090f3a0ac7d44dddd61b3279cb816b,2,1,0.020000
0x3a381c9d9be212e05022a237f8f6d90ad9349d9a,2,1,2.000000
0x23129c0472172d75bed1e6dd061301796760ecd9,2,1,0.004000
0xe352fd9a646388489fa37e5374d9fe4924334e46,2,1,0.200000
0x6d639af9bb77ec352a5de66070b90d41e18626e9,2,1,0.200000
0x5e61d2cc58832b348d30e455bbe9037b0865932d,2,1,0.020000
0xe3595485cfa78c3bd32c7be9d5970ba24862a408,2,1,0.200000
0x3fdc92d3d7a70f20b2ad21b3216c0e0b0116abfd,2,1,0.008000
0xfbec69ccc73f916298541aa6cb8bbe9e4160f8ad,2,1,0.010000
0x99e17ac5e8eedfb85da377a65e168fa4a5fbb5b0,2,1,0.200000
0x88aee1537b8321f560355a59329c7ba36c47753b,2,1,0.040000
0x0cf7fe219b432312a2fe46d57cc9dd0f1e3363a9,2,1,0.020000
0xd0d7ed5c763425ad80b7298c7753dc774f9b1192,2,1,0.020000
0x0eadea5639668d266934c765de9261c93e4eba5d,2,1,0.006000
0x04408507c5e60ebe65e782d1b956c053f0c1d9f1,2,2,0.016000
0x3ff612b558fc2d5ab4448604b26116df33efb76c,2,1,0.200000
0xb34a6b274677e73b831204f21c019a8920b474c6,2,1,0.020000
0xfc16b6d0b2124a801b1e6287b39ed7f2236a4246,2,1,0.020000
0x50fcc537121703da9458bc058149696ee0f8601c,2,1,0.020000
0x99ca992dac6fbd1e557c48eeeb25454f2dde36c3,2,1,0.020000
0x99c41fd9da181417a148ebe4fc6f01597f8bc93e,2,1,0.200000
0x57246140d13bf68b10b72f60c79a56a3bede8de1,2,1,0.200000
0x8693d92d25131dc2f4ee1fc4143e4440e54ab455,2,1,0.020000
0x50ef01bd6d1414d5c7a1afdbe2dbc8c7d77699ed,2,1,0.020000
0x998a5576a742787845c3270271f18ec045790e36,2,1,0.004000
0x9983f34290c5df507e96122b3906f2b4a01c1f01,2,1,0.115000
0x78137c3cf1a97e9cb93b11f1e7faa01c71a86df2,2,1,0.020000
0xd085592f644aa20ca4c7da4d76e649c090ee2cb1,2,1,0.200000
0xd08526630adf2f2099c2f59e5b94cb561aa7dc7e,2,1,0.200000
0x9959258c92f112b89e403115dc361072853041d9,2,1,0.010000
0x401961cd29434eaef886ac50969360b81745c7e0,2,1,0.200000
0xd082bd2b55cf00327d61988ee2c6f0cde2208988,2,1,0.020000
0xd07b6df61bf28ef0269ca1943ee4e0540de69f55,2,1,0.020000
0x50dceccdb31dc8491525db76bc763db0d7888556,2,1,0.020000
0x573404232d97232fe6fbe05ff33525d63c6d0ebd,2,1,0.000100
0x50d1d06ca4434a5441a2ee39a59f3a2bac6a7689,2,2,0.017000
0xe45e2263592fc923bbbded2be059a7b2996c171a,2,1,0.025000
0x78345b3946b87c638d0997545fec78d798e5c407,2,1,0.020000
0x573a3954e689e94d669764cd581e63c58f82de65,2,2,0.150000
0xe4773d6291690066e0f9fba4fa108a09d70b2d04,2,1,0.020000
0x784458fa6e7d437254dd49f53fd3eec7d2c9f292,2,1,0.200000
0x47a8f472a4ac13940045fc52cfce3d89b036083c,2,1,0.220000
0xa59e2b297b1866329cc03f2684f0c1132ac545ef,2,1,0.400000
0x785350421323f8b14139c8f28349b43b2d1b987d,2,1,0.200000
0xd04265fc4bf0d446e246111a354cf32aa8c596b5,2,1,0.020000
0x50caef37b92f3d009382a4aca089a698f06c2e20,2,1,0.200000
0xd0357a0fb675ef80b1dbd0a5cd0a56ffbb5874f7,2,1,0.020000
0x6ce1f37264cb6f9fc4aedbaebca33c73768713d6,2,1,0.020000
0x4028b9e60c7d4ccac3bfbe8ee1d535c0ea5cb477,2,1,3.000000
0xa5ae572c1576c6ce618d63eb6c57d3246ee79b4e,2,1,0.020000
0xa5b635c3aec6d9810f2992f7e54ecab14487ef84,2,1,0.200000
0x50b98894e0582d23fdc0c3740e718f51acd65a62,2,1,0.200000
0x83be9808a4cbcde344e9baa84d1cc5772c07cd7a,2,1,0.010000
0x84b15149eb7c7b6a4b22add5fbeb354fca345a06,2,1,0.008000
0xcfd60af43d3ebefd319037c23558c60438a37d18,2,1,0.069910
0x9916ba485c11a5bce30e472fdebe7f523f7e477a,2,1,0.000064
0xcfbc1511ccd1a4d74d242a5e724f5b23ac9eaabd,2,1,0.200000
0x83da4ba2f4fc0cd6b8f3ba7047325aae4820e5f9,2,1,0.020000
0xb34ef89cdc326e62e19c9a4f39f271ae464935ef,2,1,0.200000
0x5090d67f834939d115c6d1c03a41162b60a122e8,2,1,0.020000
0x7897116cb4fbcf38182c17aaf5a0cac2a652e51b,2,1,0.020000
0x789c5954493f04938d06b487e6f70fb87e22ec1b,2,1,0.008000
0xcfb7ad9dbfda003249ee215da319f8f7e999d4e8,2,1,0.020000
0xcfb599acf1d9735b803ee57b199431cb7c3352e0,2,1,10.000000
0x78c35d97731cfaf8ef284211b532fd62355343f6,2,1,0.200000
0xcf9f5399670bffc7ec0a87760a12e97797415165,2,1,0.200000
0x092638a77d5a9db1b71b825753666056fae2cb22,2,1,0.020000
0x4047b6d6594df70615b513ae12828b93b417c75f,2,1,0.200000
0xcf9bc90dc2e87e1792e7b1be3f3097a86f3f68f3,2,1,0.741562
0x98c2d6de89b89811e7fd7f5f2bf52e473f02ce4a,2,1,0.020000
0xe5357b4aec366a86cf20ae15924b2eedda70381e,2,1,0.040000
0xffe67911eb7f9eaa956995f7892d8b4ce9d29a74,2,1,0.004000
0x98be9d4306bc589cd03c99f18cca17a0afb69096,2,1,0.020000
0xfc551f8119e1be2d1b2a94aec212bed978b015b6,2,1,11.550000
0xcf93dbe86553c8cce5888afb4f69ed9208f3a9fd,2,1,0.010000
0x888a27ba67a71cff352824e29d10b7aac03520c1,2,1,0.020000
0xe54ccaa071cb6520950b574d416661727974b252,2,1,0.200000
0xcf884530b06a7cd4ea8cc3dd50e03fc96c98fc50,2,1,0.020000
0x78d21d35a69ede5fd9c7edaf369d2b8fc2982e8d,2,1,0.008000
0x179ec8c1e25254c35cd639d5c62c0138ae8af38f,2,1,0.020000
0x11e4f4d67215eaaaa4b21b3299d6c3bc203f3912,2,1,0.007000
0xa60d7d9bdbf1f9cd6623b3b4eb7e5d517d625fb7,2,1,0.200000
0x06216c42cdad94983eddaab9b21cf69b679152dc,2,1,0.010000
0xa610df78c851e8a1cdc1dbc14430beed626072c2,2,1,0.006905
0xa63eb05135a68f7697250128efde5ac4b1c991a1,2,1,0.200000
0x578a5e784afa1984f7c14924ead61812dcc4d8a4,2,1,0.020000
0x9843093e6dc999896fdcf623c730209ae3d37556,2,1,0.200000
0x88861f23300df521627e12136ab7b7db55089895,2,1,0.100000
0x34ef36c0e74a8767800558320ad906de9946e458,2,1,0.200000
0x4897d05e0a702ef983eb76497ebcaf42f86bba89,2,1,0.200000
0xe5964ccdcbbe61932fb5351f7d47b31c1095d8b0,2,1,0.200000
0x0e1d5158a0fb18b43b4a50c870d88e097505b127,2,1,0.200000
0x5019eabaaf7c1797e258fc095caf30ecb6af876f,2,1,0.200000
0xe5a2e39887981989f5ed515568d9cda6fdc4c771,2,1,0.020000
0xcee490f7695f2d6be8545aeb4a755de7ad418e6d,2,1,0.200000
0xb62385a0bc713c65d4c3c0bb113196c67f7dcbd4,2,1,0.020000
0xced8c56c68dce268f7f55dbe1b423d70da696920,2,1,8.040000
0x6c521f0c6ebdc3544879aee6465ca2bcce9a1f83,2,1,0.020000
0x235ff3190debf392d4be48c604048369d9cc7479,2,1,0.020000
0xe5c2f8a5d592d055636c87be1a38fd2eab831c9f,2,1,0.020000
0x980d6893eb139435b26ade6f271455f603a31682,2,1,0.004000
0x579d3fc1c72680a50b0d39e5d716b37e8b46c5cb,2,1,0.200000
0xce8ca0b7dc1cee9456dae78ff22f670ce8530a8d,2,1,0.200000
0xe5d730a5bfba8d800b2f1d6e0ca76a7aefafc97b,2,1,0.002000
0xff1c0edbd7e5c0791b15555beb0bf173eb1c06dd,2,1,0.006000
0xce891072110153f23ef5b1655f124c1e09398cf1,2,1,0.200000
0x3992f857eae06152662c69dcdeaa81bef9d6dbf1,2,1,0.008000
0x97e63fc9799f4f93e3954989dd430ec4a0c7e9d9,2,1,0.020000
0xce79d075c61cf67b7828c9d9aa6e35ef086a78b8,2,1,0.200000
0x6c0a4fc1365b6dc3c85670d75f7f7cd655eb6d7e,2,1,0.060000
0x172daf9b8f80213e0df8661d6feefd7aa0b3480a,2,1,0.200000
0x8401e8e1608ca1908d4bde476288e956cb90635f,2,1,0.200000
0xa6b1d237e44ea1d703101255ff617ff761dcb605,2,1,0.020000
0x97d392725f417dc167943ab60e405eda8a706eb3,2,1,0.200000
0x97cea731979f00a1927fba823fa1273951ccb070,2,1,0.010000
0xe62e9ab57639519d6991e627a4684fb8d5083d7b,2,1,0.020000
0x57b2529984df3c6f66cb7e72e3bcd73bf7ae577d,2,1,0.004000
0xce34216241d406c1b2c29e57da5483533c283293,2,1,0.020000
0x6beaeb03c513f17766f328475c826ae6544d56cc,2,1,0.020000
0x97c15b252b19a2b045a40737684a620d740149ea,2,1,0.200000
0x88733ad48ffa998cb46fc3ad7ae126407bfdb3e1,2,1,0.002000
0xbc8b1df2602e65340a9e5fb1b582df3a1c2112cf,2,1,0.200000
0x02be5de44b2e8d65a3dfca156be292ee1a871590,2,1,0.010000
0xa6c75ea3beda0c924bd08fbc9bd73163caab3014,2,1,0.010000
0xbc68ba1ae45f9ddb450f071fc6c52ad1e6da287f,2,1,0.020000
0x8407ee7b7832c97f681cf436ffa6f483558bcebb,2,1,0.200000
0x798021904b7d9225fc04a617bae31684c042e152,2,1,0.200000
0x4083951c93b7690b688fe16b421c9973cfc99477,2,1,0.010000
0x04e6fd65af8ce797cbe7840884db2ba53e1e2cbb,2,1,0.020000
0x4fb359b245df48f3143e9b4fccd68fbea56ce6cb,2,2,0.021000
0x4fb185bffaa8719e875fa9eeae1f58b36119aa0c,2,1,0.008000
0x0ff57b25701e78e5f900a6353b004e47baa94638,2,1,0.200000
0xba2dc771f692d681a971ff244ca5967468d7e25f,2,1,0.020000
0xe692e6b324b02b1521c70c54422538bd6ee0f3c2,2,1,0.010000
0x0ff282844ed57ba4f5a51e6a17f02fb73851cd49,2,1,0.020000
0xcdf2c0c5d85e6dbc22f251104aa45a7f75015579,2,1,0.200000
0xa6f7ec5c5d028143eddf6e7e03d707806a3da451,2,1,0.020000
0x13fc1cacbc1f3b2028160e6dbbcbd1a2b571f08f,2,1,0.060000
0x40b1a7565d7599810f33a1a702996ee8471aa84f,2,1,0.300000
0x9784ff5a47fc4fcbf08a3c9d7b483b95a1d1da9a,2,2,0.005000
0xe6e5f7d7592999032159eee4912d87ef54142efc,2,1,0.200000
0x138c67d321caa7ddcdddf2c60630d277c96bd34c,2,1,0.200000
0x57d385c071d2a1a630d3c286cd72a19a2784cb39,2,1,0.000300
0xe6edfc08a78899c113013ac982822e98e559b0ce,2,1,0.020000
0x97800bf734f78d003a96fca50dc8a54405da10b6,2,1,0.020000
0x8836c63630355b616c681ae0d65251eb80cdb666,2,1,0.020000
0xfca3fe7ed66fda382d0a80bfa7d4e768193f0c4a,2,1,0.008000
0x6badd3e33e7578cbd9e09e84c8f829d7f55f542d,2,1,0.200000
0x79d55369d17c59a9be4ced9bf4cf7dd869e1db0f,2,1,0.200000
0x57d3ae1dde43a6684bb26fb07a498e2e1218cb39,2,1,0.000048
0xbc51175368a6e1a8c63d7ec9f390a467fab74abf,2,1,0.010000
0xcdce2b53eecc94a0c2f09af1c3527d4612b1acd1,2,1,0.000088
0xe741ad67036a0d3ef0e71636b8555771aeeb501e,2,2,0.006000
0x63196d119cf80ee85a05c861554f5d147dc5bed4,2,1,0.006000
0xe74d4b261ff91b4970650c7eb8ea54ef5e0b9b76,2,1,0.200000
0x9769f66a1029687e0039cc439fa95f24c2c07c10,2,1,0.020000
0x79e999e2f9d5417f2803f1d88602ab1ea4323881,2,1,0.120000
0x4f87cc908da0422d1c1feeb3f4d69f414d08cbe6,2,1,0.200000
0xcd8c82471e26cf148ee16d7264924535726d34b8,2,1,0.020000
0x97569cf86f2d28e95eaa841c36d65f86f7a68467,2,1,0.200000
0xa762992df8b37c2cf4af99e7a0b216e4b15df5c9,2,1,0.020000
0x9747c59e4418e16c2d976ea73ec3b80ebbd1e1f3,2,1,0.000200
0x078e31ec7257ea02e999c88cecb1099f761f0f22,2,1,0.010000
0x083f3f2acf41cf19d1143c9b985b1e66ac4bfb38,2,1,0.200000
0x2e9e2f0f13ff9f18e6077f0db660558b065d37d4,2,1,0.200000
0x6b6ef2eb8d1329663e08fd51a3377de139b4be14,2,1,10.000000
0xb3b43e3db6c196d12d83af632c8e17eedebc1d95,2,1,0.002000
0x974773ba20825a1dba6277eaa7caa69ffe99e1f3,2,1,0.020000
0xe7b38b649ac76296e7b0a47b5a3931736f988efc,2,1,0.200000
0x02750751c208e2ef162229c49f6ac97f7e5e1c55,2,1,0.200000
0x4f796b1d8a6d065c631925091e08f6b03534afae,2,1,0.200000
0x581524d258770fa1e870d93c36c72c1f98c8f552,2,1,0.010000
0x7a234cd1222b9012eb22f98ff65eb622b5c20a88,2,1,0.200000
0x6b69bbecc408ca933957f45476d41111a46d3231,2,1,0.010000
0xa7a0a0206ac29c2625babdb46f49139d8d34198c,2,1,0.200000
0x40ce39effac57b3333f970f4a93960d3334c1212,2,1,0.008000
0x0e219ce4f91e6c2394519733aa210c0de8ea8b19,2,1,0.008000
0x844bc35de7395b24b20a08bbe311c808a54c907d,2,1,0.010000
0x16e6155e8dca0e860714e44721116d499c96bcf9,2,1,11.000000
0x0837fbcd9db330f954b6d2a11afff6c930acf7d9,2,1,0.020000
0x6b4e21d4c4dce2d8b0f12aab5896b3015c6ad37e,2,1,0.002000
0xe81276a1a7cc5cc3a79f34e75e2a939a3251c7e3,2,1,0.200000
0x7a3b7c86a708056b41a566ae039c8c6f3aa35c08,2,1,0.006000
0x0353c15ef0aca3bd7074e1613cb25eeeff95ea37,2,1,0.020000
0xb92691631e404be21248a4ec81ba5dd1369c0505,2,1,0.020000
0xa7ddad44b1073d32fba84ee8f01ea424912ebaee,2,1,0.020000
0x7a53121cc789b05f385525e00f88650aa81bc22c,2,1,0.200000
0x7a62a507cd4e549fbf19ff63293a0ecb7f370b8a,2,1,0.200000
0x1f4aae561d7e2bd0ba7b82458c46a375dbb95c83,2,1,0.020000
0x84fe214e6eb96d3ec73bc784e1f099d3f68c381c,2,1,0.020000
0x238e541bfefd82238730d00a2208e5497f1832e0,2,1,0.018000
0xe86f058f6d713ed0f7e83f8bc24fe2f110802704,2,1,0.020000
0x40f7156b048395b3e0e266077523fba0061fe85a,2,1,0.020000
0x970aafe9fd23ce33441f9078b397413553bc16c9,2,1,0.020000
0x1f4889c0f8341af0b2ee6c0a55e0829b2bf00cf1,2,1,0.020000
0xcca9d008dad5a5672e0a53bb2b5cec6f61aab6a1,2,1,0.020000
0x4f3dc27ba1ad20e40d6929b7e373670f29e022d4,2,1,20.000020
0x96e8a8a8edc7abe3f7c670f20bd92665ba526c7f,2,1,0.020000
0xa8137a7e4c54637197ac524c600bd86453f9157b,2,1,0.020000
0x5875a37050c46ec8dd835ec9bd6fb3cc674b24c6,2,1,0.038751
0x483473ecd2d8be933c97bf9384da7939d8008de0,2,1,0.200000
0xcc9a7e3b94432aef69973eaac300c94454595a5b,2,1,0.200000
0x96d7e36383a64c7fa265f9303ff7ac4181a4a609,2,1,0.020000
0x01bfb6be9a99d4cb488f1213fd1cc6fb55460fbd,2,1,0.200000
0x3422de9bc00db1186c26940bd8721bc01408991a,2,1,0.200000
0xa82afd4f02430d94cd2360b0eac553ca6312eb0c,2,2,0.005000
0x4115ffb0557fc804a57efd33a4767ed743628a40,2,1,0.010000
0x2ee8e10f5511c5b3948a03f5cef2835a338fb5db,2,1,0.009000
0x6af77c9d8f2734daa7c84b427987b02858924490,2,1,0.010000
0x4f24c4069da4d911c259cd29f630aef4f1f56c1d,2,1,0.216924
0xa838b5eb2931891c54052aa2f657197db37ffd45,2,1,0.200000
0x0fc556702cde06203ff76ff0ab01468362c9b139,2,1,0.200000
0xe8eb13c937ace0bd5d946742d59efad25e53d917,2,1,0.200000
0x4f0f790518cdccdb220064110726a034b5cb5f44,2,1,0.200000
0xfd03abcadaf3f930fa4e37eb2f6ea3a44a41b7f0,2,2,186.114419
0x969fac12ffd6b582b2e11612ef2048b65417c6e2,2,1,0.004000
0xfd03c342a183f1ff07ba9202f1db3d0eabf13c53,2,1,0.200000
0xe923e4cf23e1ebb8ebfd3c13366a9d9fd0fe2f88,2,1,0.530000
0xa8523c996a973f7596523a8700291e560668d7aa,2,1,2.000000
0x2b4c14f1cb082531b3f59d14cd9b7f74c4a9493d,2,1,0.200000
0x589fb9102ab0bca835c6936e7657b3c402a27be6,2,1,0.200000
0x58a50c0837354da8dd1852259766aa84e8060b61,2,1,0.200000
0xcc50002f1e0db40e7666715b9ca763d8eb31de7a,2,1,0.200000
0x4150b2f9dd271daea363e0e564a4377b50fef348,2,1,0.020000
0x11fb36d2b3e4221966981871fc680042e2519d14,2,1,0.010000
0x9662b43247596a3052650a334dd47c8a929d5a42,2,1,0.200000
0xa88de3baad1da4a9509a8a6a17caf032458b222b,2,1,0.200000
0xcc41ab823ea01d8d8ee33aab39c614a722b740c8,2,1,0.006000
0x13e81d21cbb65085158392ae81af87f480b088b8,2,1,0.020000
0x23addc1ac3c3f5b2862b28d7e1e05c4c40ff9a3c,2,1,0.049593
0xcc351f3e169d7bcbfacfe9beb54258f6001bac0f,2,1,0.020000
0xcc244d33e14e51bec2de080c61071cfea1bdfdcf,2,1,0.010000
0x4eda7003fac55a46b7325e3baf015ac7424a8738,2,1,0.006000
0x7b426f089f49bde61e96b141e44127ae07658fda,2,1,0.200000
0xfe5b5a160e0e5f46abc6c5fc50dd000edac7327e,2,1,0.008000
0x961c261b01e3f72e5b121ee2eea64f6d5acd1369,2,1,0.020000
0x38c369a74a4d743c55846f8ba9e46c7a26a62d1c,2,1,0.084000
0x2b312d764f601758254f239ad7ce11338f76e609,2,1,0.200000
0xe9a5b6a3f5fdb3ba7e3b6cef77f34ce451b2dff6,2,1,0.200000
0x96062819102fc9b7bdc185c3fc8f8c7a2aed5650,2,1,0.020000
0x7b5dd80f0cfb5f4fcb8fc4046657dcf09ec1866d,2,2,0.021000
0x324747f43e982e30d8f65f43c93747a7fdc5cf86,2,1,0.020000
0xe9dc794a17cfb0e1562ece8c3c70910168bd6648,2,1,0.200000
0x1bf60ed32bbbcc792417a94bf1801951a5b545f0,2,1,0.200000
0xe9e3f3783a23cfae0389313819a3fc20a39571ab,2,1,0.020000
0x23b0e4fc4f0e868fd2fc245a6e1c2d1761bc31fb,2,1,0.200000
0x0d4d67de06965267ca6420550f1aa7c444e862c3,2,1,0.020000
0x95cbc0101098a64b84beb7604d66eb839afd45dd,2,1,2.000000
0xb58d260995eb3ca16e8d3f23fc9500da9b40e2d3,2,1,0.020000
0xff54dd14d79aea48c08d5fbaabedccfeb6a8fe46,2,1,0.006000
0xcbf08d1f4c3536e8df48947c0f2771ead1466a82,2,1,40.000000
0x41a42dcfbc4d3755d03d72156d181fe363cb06e7,2,1,0.020000
0xcbe830c84e9e52f2688a4b860b61e591eb30ae37,2,1,0.200000
0x5ed73f2f94accfb34f8cc0fdefe884195e1853eb,2,1,0.020000
0x95b3b0ea8862c76ed5768d46fed40ebad6bf79fb,2,1,0.020000
0xbbe5f007a4265e153fe44715043d8390bc5f0058,2,1,0.020000
0xb42a9ca73a583564cb7f2be6ceebe442d6f9e438,2,2,0.016000
0x1f00d8275c4a316a841318df1a44c77c9c4199a5,2,1,0.020000
0x58e1a02f8d3713b4989d7c16a8e2b92500c1abc4,2,1,0.020000
0x7ba99fbe84b2945e4cd2574458d5baa9e74f204b,2,1,0.020000
0xea5efd3aecfa5c36527be1a9d1a9a11637636c6f,2,1,0.400000
0x2f0ac278849162168d10ad6c8342ea1f3da334ff,2,1,0.200000
0x7bae141b93d8d1a1628ba4cf9116f5fe781024de,2,1,0.200000
0x4e8be18b9804fc081da0a45f6e394aca7c25dde4,2,1,33.120712
0x19ddc294f69216353e20178ce6cd7a26046ee2e1,2,2,0.005000
0x5edae120846783392a836dc9bffe45a4a9eee890,2,1,0.006000
0xcb8c4ca65ed13332435f7fcaf21e3f2ae996999d,2,1,0.200000
0xa93beb2e236e5b76a69383e77a851fa5b1ffcc4e,2,1,0.020000
0x594224fbb4bbb998c77a5bfc5ef7b376de1b6502,2,1,0.020000
0xeacf428c3bca91a4eb005fa1d3ac265b53d1d7a4,2,2,0.005000
0x2f1fc6ae19432cb91360b3f47bbbcaf8ca484e1b,2,1,0.200000
0xeae2805286d04c614d3ceee0f558b60f994ff505,2,1,0.200000
0xeaf127769e2cdc69c922ace40cd72806ef138623,2,2,0.112600
0xa946e4cfb539999e6a2392cdf87450138a6c7282,2,1,0.020000
0xcb2bacda9e445c28e1699c7e8d455ce5eaabe8bb,2,1,0.200000
0xea3b30991319c79dbd2c8745128bd1bf2a4a4797,1,1,51.030000
0xea521b5edecb82970cf1cdb0dd0f19b34da0f4b5,1,1,0.002000
0xea55da2f61e941d3f02c022ccd69145f5b038e8c,1,1,0.100000
0xea5763dbce88c9ab47ac284aca5cc48a3853a05d,1,1,0.010000
0xea62a0e1275ec4cd4bab6ffa39e9a4142dad24bf,1,1,0.010000
0xea6f39a0689ba9418a5c19948ac21cfd4c9196c9,1,1,0.100000
0xea7c6a01b525f3030115218199985244c5a0dc59,1,1,116.920000
0xea7d7fc32570ce66706b80f5ce6164efa0c04353,1,1,56.960000
0xea7ddcce50a5746d05ed942adca47435374ea228,1,1,50.000000
0xea7fd687c375022b639aebc3fb01d2efad585074,1,1,0.002500
0xea92f9da40664b1ff4ce9bc553e6fcbe6b888c15,1,1,0.010000
0xeab12ec0694cef27a1f4692c193d061344f28cb0,1,1,0.010000
0xeac2ae031d71cc467bca5c62de9abcef37e6afeb,1,1,0.010000
0xeacb319dd5914c707f530446396bb1eb9689db21,1,1,0.003000
0xead2368df23324aaffdc84061807fbf94ac8b76d,1,1,0.010000
0xeadeb754cb8ffb6eb61b2b066dfa5901ded7a9f0,1,1,0.010000
0xeae6488a0ce9b5be54855a54b943e70f5fab4f9c,1,1,0.005000
0xeb010b08c6d9f73a4fa6a562d47ee38c42e47bb9,1,1,0.100000
0xeb0d1321d69029d883ab2784703482f18e1ba328,1,1,32.680000
0xeb0d166ac4c1faa07d71ad49129158ce464cdb35,1,1,10.770000
0xeb17e155be3438e5283e8ec1e08376a2f2e4eef2,1,1,116.040000
0xeb2d0eb5c62d878e45d16448218e778de0f9d62f,1,1,0.360000
0xeb521a2727d94c33889d088c44b6f3ed9aa37dc5,1,1,0.003000
0xeb5253448aa734fd05ef1d0c9216554d481b6be5,1,1,57.354218
0xeb5aa63a38197c4b75a8bfbcb37fed9ebb13b3cb,1,1,0.760000
0xeb6fb02c8c71c6d2a0c28628d35c8a595f93980a,1,1,0.100000
0xeb870247529fe4c4012566b11a8e152f8e3ee072,1,1,345.780000
0xeb8fabbb61fcf16e79fb78c25f5e7fba64c21e0b,1,1,0.010000
0xeba014838f8d582a12e63382c35748a64db59e15,1,1,0.100000
0xebc37ee9d729a0a3181d0515f183199dfe545724,1,1,6.680000
0xebe337b13e3c242cf6351e27df67058ed8d72148,1,1,0.010000
0xebfdbaea65ac00ae6f3a208bb842beaf8b67e571,1,1,0.100000
0xebffd6ee0d0264dc6ab1bf3a36c39d0c4cfe4dff,1,1,172.070000
0xec04917d267241ba82064f50374aab67167ef453,1,1,21.810000
0xec0f54206e8b6546a6875a457380d3efa88cb971,1,1,0.100000
0xec15dc29c6cfefc386ce5c21a1ad1e04f30da203,1,1,35.070000
0xec274e60940015af1fc7cdf95baae83ead26432e,1,1,3.810000
0xec2fb8784f4723183abcda1cfb6f7e45277e9418,1,1,238.099560
0xec35ba8e1a7486e4e4cbe71557b42267e8bab4d2,1,1,0.100000
0xec4729bd36fabb76c6380a5358ed2efe20695b4c,1,1,18.900000
0xec589c5ae1b677b881dca534d96084293fbcaab3,1,1,0.100000
0xec68ebec0d80dd5d266d986f2e515cd8e9b54ce5,1,1,500.008059
0xec81ca8b857b8bac26ce9186bc5760260e3610c2,1,1,50.000000
0xec8474de962489fd336cc1492bd811207af78d2d,1,1,0.005000
0xec8b1859af8fd43dbb07cac6b19a40c71f29f00c,1,1,210.000000
0xec9956f2b5b09c891620ffd08d699b24a1b10141,1,1,0.100000
0xecaa5dfdf2b0aa97855c481c258d34b8de44ebc5,1,1,0.100000
0xecad4fe441fc0a2ddf4b41c1eda061589c5cb9fc,1,1,0.010000
0xecad7bc7c7c8e71990c1239a7149a014506d879f,1,1,0.003000
0xecb9fd29b642a839ad8c160f336a7e9004d73c0c,1,1,32.320000
0xecbcbb000798d9b6be65ae253f018f02228162c0,1,1,0.005000
0xecc0c1c57a3cefc899ef8f22101c9971ab0c0636,1,1,7.800000
0xecc45c5276090c76d3af73aa2e65e78137380523,1,1,0.100000
0xecc80fbde15855afc049cb767a36f01b809f7eb7,1,1,365.910000
0xecce5705b3ef9bfcc2c3145e05e717f38d8a3cee,1,1,0.100000
0xecd46be0fef19b0ee42e072f0f911309e5471d9b,1,1,23.930000
0xed0473afa58013e5177832715070748d3098cfa3,1,1,1.270000
0xed17e2c307d2c763a8e902f482ef157e55142d58,1,1,11.160000
0xed39611ccd153e7897ba187c4501381d3264ea63,1,1,3.200000
0xed3a4cf475396eea67d54529e2f488f98561da1e,1,1,0.005000
0xed49dbe0b65a45ff31e733b4e64254bdd747b676,1,1,20.000000
0xed535b435055f155f28c7a6088a1442b7e3b336f,1,1,57.530000
0xed7038511ccb9eb273c912d1b4684e74bf16ec9a,1,1,0.003000
0xed792fde63d8a3968361269c705e9d9eb5b38478,1,1,0.010000
0xed7b5a580df7d49b5273ea838d17285d26763591,1,1,23.470000
0xed7cebc49d36327d371058849c1540640eca3cc3,1,1,20.450000
0xed8569771ebfd183b2626f600fb99f5d5e9f170b,1,1,54.179059
0xed93acc018281508829d3f022cd05c232ba81e71,1,1,0.100000
0xed9ff24deada08782f5d23210fce82abea16ba43,1,1,35.290000
0xeda12c5c59fbe387e709c78247e2fa0425594fa9,1,1,21.620000
0xedaee73fc91569a4115128b9f8e6c939c86c3a62,1,1,1.860000
0xedb045c5a9896b92a83389a5f7dc8f231cdc82c4,1,1,0.010000
0xedb3ead7e5caf2868c15c9f456e0170d8555b2eb,1,1,11.160000
0xedc03de643d4e1c0994960a6f76cce78e36df90e,1,1,0.100000
0xedc4af2b83766cbb1c7fd8cf176fdfc654801e17,1,1,0.010000
0xedce5e4d4921c03497a950f6c108c9549667ed21,1,1,2.130000
0xeddef0b7e8a56df62a74fdc1fd1df03921b15fb2,1,1,0.010000
0xededbe74b32682bd6e8bd355f97099249266fa97,1,1,0.100000
0xedff4aa2a9d98b1cfde22249b9e6a79a6824d764,1,1,349.000000
0xee19100bb41392ab6043efc72c67f7c014ed1a2c,1,1,11.280000
0xee1f0c434b261d51033dc29cb8cfa3ec632646c6,1,1,0.010000
0xee2a6ad57abbb6f5e6e54e71847591911f4f2ac1,1,1,0.100000
0xee591b058d981e584448b0c38f1fed128834b4b9,1,1,0.005000
0xee65bd0e97b36017029e88ef293fcfb3599bebf7,1,1,20.410000
0xee672be0ecfbf340758f1208d3cc11e661cf1228,1,1,345.690000
0xee71e4c5e462b2465e9e605717041ff173ed33ef,1,1,0.005000
0xee7d3ce0ae92d82ea73b1ee226cec0c18484fb1d,1,1,714.880000
0xee8148a2ca6ffec0ca49acccf61fc51fd04600fb,1,1,24.220000
0xeea71ae6804bde8dd20ff2f0b8639a3919069f56,1,1,30.880000
0xeea7d2cd4f35a8c09ac60704e8afaa3ec06823c6,1,1,60.000000
0xeea9da8d518446126245647a3a8e3d36963b4f91,1,1,0.010000
0xeeb71c4fe30ded5528115a03743c4dff56c0b90c,1,1,0.005000
0xeeb7df44439b5d47fdddae382f704b1cdb9e718d,1,1,0.005000
0xeebe7b73a5636c1e864133e5200bbdad51ac7f4e,1,1,0.000010
0xeebfc71b074c3e90e096129e8158dab5608a826a,1,1,137.760000
0xeec17066a394915e168bd3a801d86eff7b8f4dab,1,1,1.860000
0xeec2d9d73552a2081352ece8768a61206138ab58,1,1,20.410000
0xeec48264a642a8496a194b0148506d96a174ddd6,1,1,72.060000
0xeeca7f698e08405edee3f4630979be550e3dc7ca,1,1,113.730000
0xeeca82d9ccdab12610752571af79f3828086c1cc,1,1,30.030000
0xeedc948fe180fe9cda6c1ebcf277d406f8fae383,1,1,66.200000
0xeeddc970883d70c1f51d283e54b2ddbcadf3d16a,1,1,10.770000
0xeef1405abaf5b250e6b3cc9dd5d10af441efa7e5,1,1,11.110000
0xef0020c3978e4efcc9a8213744b0b8b24e5502a3,1,1,1.650000
0xef02123b9ca96bf5951cac6171d08e1320a43319,1,1,0.100000
0xef08b5c3c08af95c9e299e34584bd816f9341f55,1,1,0.010000
0xef0c44e15bf7553757284baf40f35e3f40c79b40,1,1,21.060000
0xef23adae4159f0a1098353e9a5923c5af9f7261d,1,1,0.100000
0xef3628e7e2bdf64b60fe42c992ab2660a7d313d5,1,1,0.010000
0xef3ea4136809bef55ebf6f4bbf740bf6ce2f29ac,1,1,11.730000
0xef476c868e51f5c033c9d94c2f409d58e83c3277,1,1,1272.590000
0xef5bc086a3fcc8abcc11abfba9560109776504db,1,1,0.100000
0xef6148058d34ddb5d75c903fb1c395c8fa3f07be,1,1,0.010000
0xef7629313d8df793ea3194d35246d2f52457d398,1,1,0.010000
0xef87c3bbb584e86451b56d0f32791e11f7dff030,1,1,0.010000
0xef88ef1ced2c26261e5e7d66e942f341f6793029,1,1,0.100000
0xef8b8062cd0184b70c81b572e979ea4ffb81c7c1,1,1,0.100000
0xefa9ebaf386d4d8a09cdbcffbea1d9a844720859,1,1,55.220000
0xefae0f1cd9747219a3e82992d05f5f91afc7c88e,1,1,2.510000
0xefb42d30894a6b0a06e3831cb23936560164f856,1,1,2.350000
0xefc4c2651420e679a90940855959415ac70ce8f3,1,1,41.020000
0xefe07adfd3b136cb8d07d47021d69c882338740d,1,1,15.000000
0xefe2307184a28c987d511251e332cb0214049e11,1,1,7.130000
0xefe836b31e731fe411e041e470e0c59ce49547c0,1,1,3.790000
0xeff0e2c41644f4ea1d0cb9c17aeefdbebb498891,1,1,21.410000
0xeff8801b747fd22b91615c513d9f07278ec1b71b,1,1,0.001000
0xefff51123712a1444d65e9ffa0e980c609ec8cf3,1,1,0.010000
0xf002d51a0921e31ac454cbc71d4eab67df7682a1,1,1,0.010000
0xf005ff54d4039d34fce66a69aaad343b9359e822,1,1,0.100000
0xf00a58fa6c57e38686a2e79d302e959958729f10,1,1,9.990000
0xf012045047e17871c25ea347ed0859d59b9a6909,1,1,0.100000
0xf017c568a7bc077e625fe2fe7edf458137d8a222,1,1,0.100000
0xf022bd6ed8df39b6be6e80ed2602d2e8244bfbe5,1,1,132.810000
0xf027442ca152cda56d04350b0ed744cfca7ee730,1,1,410.000000
0xf02abd7e13a7607c24780f4c4e46c8b4bcf99e2c,1,1,0.100000
0xf02e1c2a229743fc9f2e9c3ef0268a0d65540335,1,1,117.770000
0xf037c50537ebb9a3a9ae499c8f37ac994fc5a042,1,1,0.010000
0xf044619acd5e97bd5ebf5a5c8e732c91a343428d,1,1,13.750000
0xf0487f3ec29648f1472c03716038b98f7a53e408,1,1,0.005000
0xf0525a704c5fc7d725315070077502281455ce3b,1,1,56.320000
0xf0600be9c1feada180c0955df3d7ec40987361d0,1,1,16.760000
0xf06828279bcf55e13c7abd5cde394e2b21d4258e,1,1,0.000024
0xf0687d7720a7d981eeb3cdb811850f113c15258e,1,1,0.000150
0xf07048ff1f22fd27e987e8a61f282721e2fd29f6,1,1,155.100000
0xf07b4545c00f5b35f8543d245c8cd5a662e39c3e,1,1,0.100000
0xf096a9ac2591fc2b35f8275e316592b8c95b4e57,1,1,199.000000
0xf09eee192022afe641033356c18d4b363d0de545,1,1,0.010000
0xf09f1a4c165026f70c45eaf82e311c8f7bd42d12,1,1,0.100000
0xf0a6cc1b444f0544303039b59517e0513df4ee89,1,1,500.540000
0xf0b014783a541d9fe13de86d1481445b75f5ac83,1,1,3.200000
0xf0b29671a28a3148c02d4d240856901e9e597e6d,1,1,0.100000
0xf0bb6becb33037545c7a6971c52b8404ac4f4c5e,1,1,60.000000
0xf0bcb1054d686f8ef4fed65d044513c5f3294780,1,1,0.100000
0xf0c0a4d5004232c1026411f04f612e1384c36719,1,1,81.200000
0xf0ea3b1ef3c3d60880f7bc945df5770409857453,1,1,0.100000
0xf0ea44c3901434704a41877121a78eb5382dd034,1,1,0.100000
0xf0f5975402df8b47aa5fecf314a9b7e4f3e1149b,1,1,0.050000
0xf10a77d6d7ca4ad964c7e0453765bb9ff2d04d53,1,1,0.005000
0xf11bc3af8e0f071dcb9263cd83d12866b7ca3a1a,1,1,25.910000
0xf124116a9ea93a9b73b73d29c99c2e92a68bde9e,1,1,0.010000
0xf1244179aa5fa6b2b08a5d1d0b5da011561fca01,1,1,0.010000
0xf126018e3cdb8b072a500de02924cebf17a735d7,1,1,0.010000
0xf13153a4cbaf93bb913eb024633427e41f73e409,1,1,46.130000
0xf1427c81949d234ddf588f85c283abde1747b517,1,1,11.610000
0xf145ca8b5db8260a9fb5472ae0b7f43173154c0e,1,1,520.620000
0xf14a68830277ac51fadc5ea2cc5c87da7a32f6da,1,1,6.240000
0xf151be9a130691baa7c5c8fca82c6b44c439b0e5,1,1,13.450000
0xf1525044ae8d84c9d08bca0c0debc6eaa9c5f833,1,1,5.750000
0xf1582ba399989bd89f032a0cd4675e391661af0b,1,1,143.760000
0xf15bc8d0b67582ce3297535a04f56019fc5b6f87,1,1,21.670000
0xf1635c14e797b7b06f3d7fc143435e13d054caab,1,1,0.010000
0xf16f0882de08315b438e9f3a2abfb2d2e5d94eca,1,1,1.000000
0xf17c38a1b55c3bd0dc24f0685897400c0aa3b241,1,1,0.380000
0xf17cba23364884034ba779e26426d6bb87114d15,1,1,0.010000
0xf18a726b3da6b4f82fb01895adf982aad473eb78,1,1,0.010000
0xf1909a7ee5a80a2dde0c714ae77e376e605af0be,1,1,0.100000
0xf1960c28b61e033732df15e5eb2a4ee2b263434e,1,1,23.580000
0xf196ebe538194479ce5429d8a7b9099724f17c7e,1,1,0.010000
0xf1ab36170d451f1b9507c5b0873ff2ab6d294836,1,1,0.100000
0xf1acc387ff6b5609479e6befd363024dac437699,1,1,0.100000
0xf1b526c748f32211ea318459719cdf4fb3cc4b77,1,1,0.003000
0xf1b5f6edaa96012c8c338a0a57d3983fd66ad4fa,1,1,0.100000
0xf1c673fa01cc4ed03dafe702e37098680ac9e8da,1,1,50.000000
0xf1f1acc1d27736fa6c892d0114b973b1d3481306,1,1,1.939928
0xf20aa6113d715541e064eaacf55d252784fbf7ad,1,1,109.000000
0xf21db2272f7be2a3e9cb246e662d116488183b76,1,1,5.560000
0xf22770dada0a19baefa8288b658b1b613f55a024,1,1,31.000000
0xf240541b6b041006060a8c930238d76f664ee4f2,1,1,0.100000
0xf2559d305a923eae75670a9bb1f8b01db9cb26d9,1,1,7.020000
0xf25f5ddf4f80c519a9bfdfff3a7215ba6f0aa9bc,1,1,0.100000
0xf2610309e5bec13cf5f6544e9a58ca21ddb0c0d3,1,1,0.010000
0xf26b9024f538bceb5c0de496cc3e540226228968,1,1,0.010000
0xf2779c1377598eb35b3ff2931f5e39510873b40f,1,1,0.100000
0xf2799f6f3635c21ba8a544b324b9a42043027bb7,1,1,0.100000
0xf27b62d76d3624e6d735779ff932c718edd000d7,1,1,24.000000
0xf2854acba576747f5726d8fa0b3225dfe306b78d,1,1,14.300000
0xf2934189d27fa113e2f3433647d6bef575036c8c,1,1,0.480000
0xf296be966072a309b62c533b90767d646e47518f,1,1,0.010000
0xf29cb6e275369aa6f19ab38bdc5aa7b31c186fad,1,1,0.010000
0xf29f0f0cd0a8d04298d57abc325b272066f5c4f2,1,1,0.100000
0xf2a7661ce3e22d5207096224693c3643773608fa,1,1,0.004000
0xf2a825689ece658476c4d588085065ef33a50834,1,1,0.100000
0xf2b0bf22afe9d5d025d1b7b53fce74b5ffb69e37,1,1,0.010000
0xf2b488a84bac85d881b9a7cfdffa91370ef11aa0,1,1,0.100000
0xf2bdd5698652e273a1e2cedde564a3ff680c44f3,1,1,0.010000
0xf2be753de2dff4f7c01fc758fca769fe3f156f55,1,1,0.100000
0xf2cf3ca1bdb62b4b2889efbe2f70c87604111327,1,1,0.100000
0xf2d075da00bb3f6b90d85c53798698675ad7637e,1,1,0.100000
0xf2d51f7167126559fb97c058e2a2ba9b139b181f,1,1,40.000000
0xf2fa0cb41abdc47484a9b2202c92e2f5013236be,1,1,510.000000
0xf30c89bb4499fdb3ec645b251b549268525907eb,1,1,0.100000
0xf30d1db4725df7b6bbc0a050fc42bd1bf33b6246,1,1,0.000150
0xf31e49e9c9b8951460f46bf4aacf7e981a6ec951,1,1,19.200000
0xf345c5ec21b20b0f2e2353deb8c5cdbd549f6fa0,1,1,1000.000000
0xf34e6551ac534405494d0a800bdc7660a32b1400,1,1,1.370000
0xf37feeeffa86bf4d295461d0fdce3c346080be7c,1,1,0.100000
0xf380ed8d2545e457fec069b49454515c1bdb267b,1,1,153.010000
0xf385ff62bc0d3d9e578b078e57e7ab258f92f1dd,1,1,2.625914
0xf393729b03375be83fdb6ff68320a7f5a76a71ba,1,1,144.170000
0xf3937e79e2a297ea528db85f31d92eb361dd0c6f,1,1,256.730000
0xf39783e2bcec07b4273ad367feddbdd8b75999e8,1,1,57.620000
0xf399c4efa52b5016f8d9b5a5c015bb18b478dec5,1,1,0.100000
0xf39a6d43f5314300dbecf35793d76c590a97d641,1,1,0.100000
0xf3b8d103730ec0e91d7ac95b78d19610c117f311,1,1,0.010000
0xf3bdbf006d07d595ca636d68745dc2d2a9cfcee0,1,1,0.100000
0xf3c50de37ba6119d31a08bfab1ab2096ce675ac8,1,1,0.450000
0xf3e6a0f1a24dc3b863fbf65863a2cec93c482508,1,1,0.100000
0xf3f8f9193861dab948f52e1c8c45ffba8266b1ef,1,1,0.450000
0xf409e39321449df9dc4120ac5e9cb960ffd6721f,1,1,0.100000
0xf414317f4e4ff9d57f408d4b844237cdab5787a1,1,1,16.060000
0xf414dec7259d5ca18f748371c2d6db4dd238e01e,1,1,13.470000
0xf427c349c91cda54be878a3aaf836e7afe3dd6f8,1,1,0.010000
0xf42c23efcbdc048e2d4d7d4a1f398093aabc51fa,1,1,113.720000
0xf43f77483b01b2d0d67d7085a49d3dd873a7fb61,1,1,322.620000
0xf446b492f3009c45f53b6758971352819a61f82e,1,1,0.100000
0xf44ebb4c4da69dfbbb4437c671e34428a09f8e6d,1,1,0.010000
0xf45858d2eca8999065d132f17e967e14d6f0c4b8,1,1,6.870000
0xf459b2e0fb26c6ce983fff6c7c4723816507106f,1,1,30.000000
0xf46aa209b23b9f172e250cf3f18b5c6d6f8a8c41,1,1,0.100000
0xf474f42e7b0f82b50f603c76b6fb3786a26c01c4,1,1,0.100000
0xf47915b6a405f2b3f7a78cfc9d4817f7b0234772,1,1,36.350000
0xf47a00d448a03d7d68c5dcb22cc3d132a70b14d1,1,1,1.120000
0xf47b2f8dd7a5ae6c2eb9235ae036b4c5e7a5fcbc,1,1,510.010000
0xf480ea20a12ca3f07a94473509b6bed931dc0345,1,1,80.000000
0xf49bef5007c78e2b2eb3c98215d4b092d4d50b48,1,1,0.010000
0xf49dc6103b0214625d43bd868fcac24e6f42afdb,1,1,0.100000
0xf4a4c7dabefa563a98f7ae227d727333d41ffcf2,1,1,23.600000
0xf4af6f9e9696e997e35dc7a0d85ff46b5c623891,1,1,0.100000
0xf4c3ec7dde79c3ea63816164139766ce7db16987,1,1,5.000000
0xf4ca4b0f660f05d5db7de6813af8e958a4e506ee,1,1,200.000240
0xf4d2750f1b4f8db28ddab0b4a0c463333a022218,1,1,109.310000
0xf4e1df8a3a614972dca2371a260372bac700d4d1,1,1,70.000000
0xf4eaf91e5ccbb7ae1f2fe0dc6cf542d268664b07,1,1,59.130000
0xf4f0f81c82980d1554e36ba1c5644d694d7b3b11,1,1,0.100000
0xf4f1eec11412010ed3ec309869a206e65abf0b29,1,1,0.100000
0xf4f26de65293452a3192ce227c9ab41967d1e2a9,1,1,0.900000
0xf504777f552d88ba27480cd12c6caf3d50eb3c94,1,1,0.010000
0xf5080d222d4aa154b0b26875f08c14d3cda54947,1,1,124.258923
0xf50c555b745a204d832c7dbf2f80b4e4d1b38c17,1,1,202.034000
0xf5171cf51565a5c2137211cbe1a159d25c8570aa,1,1,0.010000
0xf5300053ec9ebab701f90338248b88d6102d1842,1,1,0.180467
0xf539bdae28239b74aec606b326d008a7d667af19,1,1,0.200000
0xf5450e138c394b78bf1806f963186b56435ff7d4,1,1,2.010000
0xf5492de94c33e654388808fba27d9a23232a9896,1,1,0.100000
0xf54d58f96133da9822c7726d455bf93ad173e27a,1,1,0.100000
0xf54fc1cd77f196a2e8c9aab85880ee442dbb02f0,1,1,0.010000
0xf55f6c40c0af8e5ce47f61134fdb010ecbaac87c,1,1,0.010000
0xf5755be48f7b1f01f81fc9215844230dd46ed224,1,1,0.010000
0xf58992e76355f8fbd9e44c0c40e90eb20527fb7e,1,1,0.005000
0xf594f8974fc532cc5d20975491dcf4f71e662f08,1,1,64.600000
0xf5a52eba5b0217d95fdf849c10bce332eddc828d,1,1,15.000000
0xf5a94bb8710ddc1d63f65bf77860d0ea65474578,1,1,0.010000
0xf5c89224a467f0e7d45a0f84cece51b0fffd3534,1,1,0.100000
0xf5d02904261cc513126ae30b7f8ca0184bda0364,1,1,0.250000
0xf5d6f086811d3df0580670477b49df94cb98973b,1,1,11.290000
0xf5dc39c2c7534599473ce2ed3934704b62a84ae6,1,1,24.390000
0xf5e74b2c4787a1ff80e43bb194bcb00e96cd516b,1,1,28.900000
0xf5ecbfd74f193170bd3dcb6f0e2d435957926b22,1,1,200.000000
0xf5eee43b699043fc2bc5623cb0c3993696f5aecb,1,1,250.000000
0xf5ff6f44b255850c6ab47e0f9588b41cc8718c2a,1,1,0.100000
0xf600bd276f818ccaeea538fcc2d8daa10d1d6b65,1,1,0.100000
0xf611fcba698a3640e7e5cca88358a170a75317de,1,1,0.100000
0xf6146f0137df0e58c03196aa342e07a97ee93d6c,1,1,0.000020
0xf629cbd0d991a5740c535e5c2ffdc77673f8023d,1,1,14.740000
0xf63609fc7c0623deb97251ebb583ed6483fbdb3f,1,1,0.010000
0xf65b9bb52bb0eb1cb3ab899c10ed2ec6db030997,1,1,23.290000
0xf65d1001426e1e719f2144a7ea26904d1b7172c7,1,1,0.010000
0xf65faeadb87ae4e988e59e07d7a2be1e1a3ff408,1,1,0.010000
0xf66ad9276e97f55f36a5d24823151fedab8fa80d,1,1,100.000000
0xf66f3cdbae1831a4e6fd144f48ef46656fd97257,1,1,3.840000
0xf675e4daa1d2ed039d83d34f56426a917b4ab5a1,1,1,0.560000
0xf6765bc9f9056a7a81b7552463af2adce9cd424f,1,1,96.000000
0xf67ed859ef6d42d5cde8e4ef086406cefd93e7d7,1,1,35.680000
0xf68841394ab53b7fb2b9f5ff427e48f027574aec,1,1,0.010000
0xf68b019f92101d9f0e5ae1ce146a83824dcd481e,1,1,0.003000
0xf6905c0d2163e728f9ac0be5bb6d0ca31497f66f,1,1,0.100000
0xf6956e7fde496998858715af06ecf4b69fafb5be,1,1,0.010000
0xf6a29911c4d374cfa922876ff46dbcef665135ec,1,1,286.960000
0xf6ac1b23b68f7563b9207ae50f7c6185d467127c,1,1,0.100000
0xf6b4412da8b00f76264b16042321ca618c08f0b8,1,1,15.160000
0xf6cce958056efe86d8e1a2685c760afa780ed326,1,1,21.640000
0xf6d420b7fb0965a3299c075e911b75bf5481995e,1,1,26.970000
0xf72492b7be96cdbf1df6d0b7f5b838a0bfab31f4,1,1,0.010000
0xf72c564ab92934a2d7a5c94e1aff8a01cff808c5,1,1,0.100000
0xf72d3bb3e073ed8c397d49ea8c4a06cb56c2b95e,1,1,0.010000
0xf72f3e8a88d744eca0d877ded158e44369ab3906,1,1,91.240000
0xf73123a40da87b0d63376348c75c6eba701cdc68,1,1,23.430000
0xf733e12a0a53450b09ecb46f0dad0727ef3226bd,1,1,0.000001
0xf73f21a94e4f3c13461ac5ee938bb05b64bc1387,1,1,0.100000
0xf747d44b48ee56935250c975ecb3eb67d7bc1e04,1,1,0.100000
0xf75518c351d7bb4cc925ba30ddbaa9cd33e69409,1,1,0.010000
0xf76168fd8b55e268af1dbfb5f73de319b9300856,1,1,0.010000
0xf7693585256a615c4db28943bb654c00604ca586,1,1,1.850000
0xf76a16c19781fcf2fc87b9d9f1d749804c1abc62,1,1,0.100000
0xf7859e6ff6a18aa0beea05a5e1a4d4e3b3bf340b,1,1,0.010000
0xf7889141be5781a73bfd44d0056531c8d799a902,1,1,0.100000
0xf795ed41e3a541e2c01dc8b96e6e06dbae3114ba,1,1,115.710000
0xf799972eda28173d2441cfcf4803608d3fc37d37,1,1,150.000000
0xf79d68f65c662fc0277eeda5b1e80f1bc7f4bea5,1,1,20.000000
0xf7ba9337d6911e711a0201d24e17b4d97b4f2c5a,1,1,0.100000
0xf7baddee1b63f0da5b36df8b5245262e85f3e2f8,1,1,0.100000
0xf7c52014b783b343bfef07c3d9d239d417c84a7b,1,1,0.100000
0xf7c5de257a87dda81afb764bbef0d23357154a7e,1,1,0.003000
0xf7cc5eb95b92fcc5d4bffd9f4c89c8ba394b5622,1,1,3.800000
0xf7d318977015114d2f2748acae9842304cdb0c46,1,1,0.005000
0xf7d6ed0c225dbe0ba59eba0fb6692930b7a8b19f,1,1,110.910000
0xf7dc2920a7fc61715beb09843d7d8cd46bcc8e10,1,1,0.100000
0xf7dc7e9498585bd48633d0c85f3bf2fdda97a5b1,1,1,0.100000
0xf7ee4ba239e9c37a1da5680a5a53a1410290ad6b,1,1,408.000000
0xf7eef306c5c3bbfc84fbc0d8b6d5ae996c0d7255,1,1,0.390000
0xf7ef2368a1295de10e99c4315ea725fa584625a7,1,1,54.400000
0xf8083295ad458cc7445cba489c571782f20133ea,1,1,1342.310000
0xf80acac975c6763781327a5637541bd4cf687d4e,1,1,0.100000
0xf80f23d078cb8adddb5ba6c36899d7f06e44532c,1,1,0.010000
0xf8102872e7144658cbffa00a67f05452df2f90b8,1,1,0.970000
0xf81db42e6f97c21f3335662eb1f7b4be0cf810f8,1,1,5.770000
0xf82c30ddf40834bb092ae67d9e5339e1dc31c626,1,1,0.010000
0xf831d6dddbe639c6ad70802b03171ffeabdb4ee3,1,1,50.012297
0xf8327494b58df33dd7b94210be81a9d68d7bcff9,1,1,0.010000
0xf838c13b45280dc0e1b9ec6a009bd584ad0bf3e4,1,1,0.100000
0xf83d111d5361d500b44e4f03c4b2df29898138c0,1,1,0.010000
0xf841c0e25f99da07e21c2f1152b02308fa5d94c9,1,1,29.450000
0xf846addfc46fb91d34d11db399ee59f7a7ca03c8,1,1,0.010000
0xf84b4286ac9cdc5639dc721bc41d5eea61bd36e3,1,1,465.750000
0xf85aa3598a5912bc4bc2f6c3d00ac32f584bd281,1,1,1.490000
0xf86f23f175d487a7a5242f7b493481c283ae3102,1,1,510.000000
0xf878940d9fa9cf494527d3a1718948c50e37009a,1,1,0.001000
0xf87d320a2c57f8751481898369b11fbc18a41e41,1,1,0.100000
0xf8816bd04d1c16dcd95012de6c08c29c98bfc399,1,1,516.200000
0xf887d082de56ea3d78391628bf95b310ce70e86a,1,1,0.005000
0xf88f7bf471c30685eea561f61fd82bf6af91932a,1,1,107.940000
0xf89fc951edd2d06190a7dce4292107098c35dcb1,1,1,0.010000
0xf8b2ad3d0b56032e8d8a2db1ed511f70a56455c0,1,1,22.200000
0xf8d82801aa8ec835f0b980dac48ab80c65b1e213,1,1,0.100000
0xf8da0c4841c88ab7e1741fac2b87765a6d126662,1,1,0.010000
0xf8da8c96795ea9a13136da40dd9e0c9a6f1c6662,1,1,0.000010
0xf8db901a0a5582ca1c980b96435dc01bb22fcf54,1,1,0.100000
0xf8e89255fa102e0d4732fb40c595ac5dadf5a404,1,1,0.100000
0xf8eb2a17e2c5d09c5ac70850f606e134f0b681e8,1,1,0.005000
0xf8ee1b14677178ef7651c9c4fbced861d6850d23,1,1,50.000000
0xf8f5ebc7ec5467add23232829e28ca52483339f5,1,1,0.050000
0xf915681257e85885fc32d97fffff0ecc5583b5eb,1,1,0.010000
0xf9168d255cc2ba50a9707e127f673e97d04701e3,1,1,0.010000
0xf91ff6ea05ccc7c71980fce12e6906511c861085,1,1,231.380000
0xf9284bf41df19f882aaae9e24333ef82ba62f73d,1,1,0.010000
0xf93c139cedef6b29bfe9035c487e1a5f647de87c,1,1,22.010000
0xf94a11c77e9761f15e2b8801a0302df2200486e7,1,1,15.790000
0xf94dcf9691c6a2bffda751f739c7cd97dbc8538c,1,1,17.210000
0xf94eb8bb6804c5e218c4f0c968727c6ab7e382c9,1,1,510.180000
0xf95211d11302571aab6f5d26b3db54cc0660abd3,1,1,1.850000
0xf9544dd3db29238ba3763f9fd397c50380b6594a,1,1,0.100000
0xf955bb03d769b5a25574c27ad3900108e633ece0,1,1,0.100000
0xf96809c77c64b15d676a6b1ea84de2e2b242fea9,1,1,0.005000
0xf96e5f66b4bad67b62c693aef439d492fc86b044,1,1,113.830000
0xf97cf9195ad8d12b6b8a986fc9e8ecdeb07bb600,1,1,52.500000
0xf99b7172e547319d056d11cbf716128fa1f7f0e6,1,1,5.650000
0xf9a15477121a8fe0e0f7c3a72d0d31370361902c,1,1,0.100000
0xf9a45d823f23fc6d1df698dfdd2c1b30d93a3353,1,1,0.010000
0xf9c8430f5b7f407c5ab0e2b2a4ab72416043b5d9,1,1,0.010000
0xf9ccb5c7aa02be9e02c02c73260a3c082facc182,1,1,0.100000
0xf9d3dac3d2a6c12efdf7909986392d453eaec3b7,1,1,0.100000
0xf9d9fdf399cd88743a7c7216ba1ae590d29b812b,1,1,0.010000
0xf9e04d98e372554710eca3a7dd4cea2560a120f8,1,1,0.020000
0xf9e1072e3d3bf23059a826de6db7fd15ba6eb693,1,1,288.380000
0xf9f6679f23983882df35f68c5c8755439797b9a3,1,1,50.500000
0xfa05e0b04df867f927e39a0f27c1983137cdff19,1,1,0.100000
0xfa08fab4d1ce87c34cc63e3c606e1f0e22959040,1,1,0.010000
0xfa0a8b5ea6c4a5efe7ae23492eec3e193f196c4e,1,1,0.004000
0xfa10bb4c4a8e2e317f168da268bb5317b2f9f836,1,1,24.290000
0xfa230ea0372c46979bdcef07262b2dc8bcb8ff47,1,1,229.520000
0xfa334130258e6814c96c66889c0d7318aaf49094,1,1,0.100000
0xfa4460c993c62063770e9b875d4a2b85f1b17d86,1,1,1179.120000
0xfa52c66752e635c7f7ac7a65e3108cdd96ad8147,1,1,3.610000
0xfa60d769e6d741936e5408680c235f3e854c96bb,1,1,20.500000
0xfa65f971c7010c46d78dd99e31fb1109e75e0df8,1,1,0.100000
0xfa6f9a21538db34c9ef91f3c96fab0512703b48a,1,1,0.100000
0xfa719d23ae037caaa024306288bd4cd7a02225d4,1,1,0.100000
0xfa7c2caa1117891a67aefdf8830b578bdb199da7,1,1,0.010000
0xfa80691c0902937de756e9f63479472bcccc207d,1,1,0.100000
0xfa8864bc1937c202d1201f177f23179c44b84281,1,1,141.970000
0xfa8ccb4d824eb22d478eb22cbbf3881ac2d06f6d,1,1,8.400000
0xfa9a6626b4406f9ba4c94bfc7362cd076498d329,1,1,0.010000
0xfaaa0a8c84e87785e81dfca16fd570d34f4bf66e,1,1,0.005000
0xfaae859cca8ec4649ce7543775403046fe346e19,1,1,286.960000
0xfab059d250372d99cfb14bfdc82af671612dc4cb,1,1,0.010000
0xfab6f289878e4b86ed1b66de6caf4f4246c9e0f3,1,1,100.000000
0xfabddaa67a91aea168d49ee25c85517d22b60b07,1,1,0.100000
0xfacbbd772642ef3fb59bb808f99b45334a72067d,1,1,0.100000
0xfad07d6b120bfd4788c4ff4a9ce2779efdb3d083,1,1,0.100000
0xfad75e79ca718b65001b022c8ff5e1cf58502663,1,1,99.990000
0xfad80afb52245989831a88fb20f1c97c5e39b9f5,1,1,0.100000
0xfae54066cc4f77e233625e21120b5ebecbb6e487,1,1,11.290000
0xfaedec236ad0eae7450ff0168553fa64833777bc,1,1,196.220089
0xfaf19b281d12952da73ea3e4c56de6d2256e7eab,1,1,0.100000
0xfaff95120aa43f057d061502f25a9d92ef175249,1,1,1093.740000
0xfb0244e07f2246267cbf4a3aae88b8ffa0085007,1,1,0.100000
0xfb0d1c2f21d6a2e434cc3e37195cc3016c1c5214,1,1,0.100000
0xfb0de45e50a08321baa9d3e721d002af5591165e,1,1,0.100000
0xfb26b5e62b9728a87e07ec7a2a9adf30589a150f,1,1,0.100000
0xfb2bf9242d05fa4f4e2d0b48bceeaf5a80817b88,1,1,40.806826
0xfb346b0650010c362dee19d9e6a33b8b0869308d,1,1,10.000000
0xfb40a9691f65e08d5be78f30a36a64f9d266e6b3,1,1,13.920000
0xfb6285b3705bcb5ce4a3260741ce7f5a31b7a073,1,1,263.500000
0xfb640003a7d51d4b1a788178139ea0b0f36dd519,1,1,0.005000
0xfb66885e3cc51d4b9afeae2d2a0bebd262491357,1,1,0.100000
0xfb73e29d797f706380a5df2a69ec9151c6dec9ac,1,1,0.003000
0xfb7aada5608fa40566dc0146461c06028022e67b,1,1,56.940000
0xfb85641513e971b79072d0bc729ff2e935f7e197,1,1,0.100000
0xfb9bb14f99fbf300d51321545c0704b4d2f2c6ba,1,1,3.140000
0xfbae5af318371c4c5a0e2466dacb055697fb08f0,1,1,40.280000
0xfbb036c515c55d5ec86466dceb6c9ae047af532c,1,1,0.100000
0xfbb5669f8c2e2aabe3e1248d547717a6eaf434b9,1,1,0.100000
0xfbbf2a2f5b0bfd785263acd3b4f5539dd098696d,1,1,0.100000
0xfbd94c5382c8e7faba57f79cf8fa6d3530895823,1,1,116.360000
0xfbe4d6d41e1b52b9c1a82bcbbcceec7066a002c8,1,1,21.000000
0xfc06e1aee30b78852f8f004a41a2aec6c7b89e7f,1,1,0.100000
0xfc0f7b138014665ff737ab31c78651ffb50b098f,1,1,0.100000
0xfc16320e30523d4ec4c5e04c927942ccb44ad14f,1,1,138.060000
0xfc1bb7bbbcad75f32bdea3687a8a55004034eea4,1,1,0.010000
0xfc218c313588ab6e74b600fb00fea99223987773,1,1,498.080000
0xfc26645ed070948ab3575b36b52a27d35e91d120,1,1,0.001000
0xfc36dff5605c3ac85e96075083f3e51f7bf21bf9,1,1,0.010000
0xfc382bf0dd4904589843b3b60bd41077e5bea0ca,1,1,11.700000
0xfc59e6ee4b2b61fb11b7786bb921d0779fccebc6,1,1,0.010000
0xfc5dad80652ac5b32a2bd41137a4e6432e5679de,1,1,115.890000
0xfc696c54b1c0dfc654f464e7eac03f715c341b87,1,1,0.010000
0xfc72bad18c8e99182c35be0be852a8d672b4829c,1,1,15.000000
0xfc7de29d92a806c9da194a45dc7c43f1a042f086,1,1,0.010000
0xfc7e81df84b62b042cf01ac61684980d0cc4a60b,1,1,148.750000
0xfc810d4d9b543512c5fd3a53aa59a1e153d4e45a,1,1,200.000000
0xfc8ecc6c15e6729dee54d96858aaae036881e3dd,1,1,125.240000
0xfc9114c3c4d91b310695235f7df1a29a2b6dc41a,1,1,28.391218
0xfc9193d7f796be0de2be5e50b5048ef2efbeeb31,1,1,0.010000
0xfc96106ec35f4b153cb3d9ae6699df338800c5be,1,1,0.002000
0xfc996c32ebf4b3bc3bfb4daa9b903f2a553d3dd1,1,1,0.001000
0xfca6dc541434aa6e54c449af008af0ffe41d5cf5,1,1,53.930000
0xfca8ac5f4abd50d8907ec5af1727028a57c839e5,1,1,0.360000
0xfcb4ae34fd5d8be140110ad1d3ddbbbfce61e7ff,1,1,0.010000
0xfcbc4005066e787c7ba621323541cde0358583df,1,1,202.050000
0xfcca4914bd7a745a630ee70a51249474c9d7454e,1,1,0.100000
0xfcd662a5a977c552315e84465a4a35caa8a41d0b,1,1,0.140000
0xfcf3986076d48d74d827ca1814308f09f49a738f,1,1,0.100000
0xfcfc301789af0b20b44eacf1a9b6f58abed39413,1,1,97.150000
0xfd07608b42997ff3d30da909bf74c1f891653212,1,1,0.003000
0xfd17ef50aeb3f08a58df090ad852f9c46cc3d8f6,1,1,0.773377
0xfd1ecb19d66fe5e2f7d38bd0489dfbb9cce4bbb0,1,1,117.540000
0xfd1ff6c5acf4f114599a806a0dbb95da8ab9106f,1,1,35.090761
0xfd38ab08196ff8c486501aa68d8fd8fa388a2415,1,1,510.010000
0xfd3c46dc7db109583fef7f541ffc5ecb22e897b0,1,1,176.770000
0xfd5820624645eef77f1401f0d5e1a5cf4a3d247c,1,1,0.100000
0xfd798ece11297070d5c74aca656ced9a1dedc0cc,1,1,20.410000
0xfd7b8376aafe0dbc4c6098e5a5fcdc41f5ba6b44,1,1,0.010000
0xfd7d1f5a39fddb9540748aa6c1889e47e0f95e1b,1,1,0.010000
0xfd9132a7fce75639d3197a27057254bb37f85d38,1,1,0.150000
0xfd967755c1e95ae5a7e2d13c06a3a926197d80bc,1,1,70.000000
0xfda69012059e5cd050bb15f03b9d8a6573a6d48d,1,1,0.010000
0xfdb52b13dc3765a59504aaa3a23ce275954c8692,1,1,0.100000
0xfdb903c1c65d0b112b83bc71e8bf398fb3b3b3f4,1,1,0.010000
0xfdbacf8fce16ee781716bd17551216e28b3c1926,1,1,204.060000
0xfdbbb8fd957860139e4c985c0583d2afffbb8809,1,1,0.010000
0xfdbd38b0380b2b915f610772ac3b3645240ea0f3,1,1,460.990000
0xfdc19b40236345cc6c73b23d74a13b2c5d179971,1,1,95.000000
0xfdd71b0e082d3e35c85222551a6eea7eb8f6f55c,1,1,0.100000
0xfde29796324b8d2add5e61e36f0166b1326d6f02,1,1,152.860000
0xfdf2cad0aa7b80126b6620fe343365cd4cbea3ed,1,1,0.100000
0xfdf39dd9ede86d2975472edfd83a03e244ee6657,1,1,115.350000
0xfdfeff249d44b4849c57f6184f49ef7bc6273a27,1,1,100.000000
0xfe0949eff50ae592cd87dfce59941efa8f18e0c3,1,1,10.100000
0xfe10ae666b31023d93d6d5f9874063c0676de033,1,1,115.280000
0xfe26387460ca05ba4e940b0ab61bf2c48bbb4a2e,1,1,13.280000
0xfe31144bfb96a2ba5c588d69f30f82eeeae8ad52,1,1,289.910000
0xfe3cb4fe2a50ccc3f2330751ab2869f8e2731471,1,1,0.010000
0xfe3e4044dba496a39350da0d4249c9c339b85992,1,1,67.630000
0xfe433dc9ae98ab75dcae95a9107b220b5f661ebb,1,1,10.000000
0xfe67835bfaa21b1d041612a203b4d83b4cb0fa51,1,1,25.000000
0xfe688623d555cb643ffb557ea1d817deb93499bb,1,1,0.010000
0xfe6f09346a54c4cda3a39cbe2b6a7bc6567b2fa7,1,1,20.000000
0xfe76e17400ace115e6cc044bb5291d0736c47fc3,1,1,0.007000
0xfe79d848f8afc4618741446d60f68f20268b5778,1,1,0.100000
0xfe7c645821714af6ef3bf9ff409ecc655a32be2a,1,1,1162.560000
0xfe7d16d3280e305140353f703b76b1c764dc2144,1,1,0.100000
0xfe805371dd0e77f55bf8f36ce924feae983f367e,1,1,0.100000
0xfe8a67dee81ad1e2f3ee356cca17a31f3473047b,1,1,0.010000
0xfe8c0073744231e6799b5dccdfd5f2778a1c369c,1,1,0.100000
0xfe8f0155643659ee7bf8018fafc644c68d606952,1,1,0.010000
0xfe8f9e1428885f1a2eb17af4596fad3f9046164d,1,1,454.600000
0xfe9e1c18c6dc577c8750e9ddf7838243b53fc359,1,1,1.120000
0xfea3e57e2c1e87197de665a80ad39c0b055e62bc,1,1,0.002000
0xfeb8a4f7b9733e535d07630273d6f491599d95bf,1,1,10.000000
0xfebcd68b386a83535f5f5387879c06424fcc05ce,1,1,0.008500
0xfec50f8fa34d50cfa44f37902d8d63871839c64c,1,1,0.100000
0xfec555ec29d5735a37957a6c91c6070669c87f6a,1,1,9.230000
0xfecabc2f7707bd5e0e8d4174685455dd85f24fb6,1,1,0.100000
0xfed7d14bb7ccd4fc77a9896152cfa25d33307218,1,1,27.200000
0xfee166e2983da0c04cb878a36df562c20ec93664,1,1,0.010000
0xfeec1ed90489671a00cc1d14733e82cf9648286f,1,1,55.050000
0xfeedb9f41b69d7a5ad42267bddce65ccfc6237b5,1,1,92.520000
0xfef10f259921d9a808f26c968a3e48f6e92c575f,1,1,0.010000
0xfef79299c534e344b375797055a5a37dc9d23427,1,1,51.010000
0xfefec7506f9ac0294ed34934209f0a0c10982cae,1,1,0.010000
0xff14ff86cf07c79a194a08ec28b4af5ffc547a5d,1,1,0.100000
0xff16b56b916ead51c3643271f7f7c44847bcafec,1,1,349.000000
0xff1a90e071c4d495018f66c0d8abecda1ac05c37,1,1,3.570000
0xff1ca142ff87490cf72b224a456253bda0c13f0c,1,1,34.630000
0xff2869c2382d1cd1a82ed27515a70ecd5606f65c,1,1,200.790000
0xff3217621625c5f679535a965ed28bbb6e961349,1,1,172.840000
0xff34a139f9617a50bd939ef68aa4f25a81bc48a4,1,1,39.910000
0xff372e7866e727c8cbabde4565795fffa1e793fa,1,1,0.020000
0xff3a3cfc42d27e85dba9ea85f0bfec34bd632f9a,1,1,0.008500
0xff530d1bbc892146f6dc22070c0562471529004a,1,1,5.720000
0xff55e8d95eedf217f1e8a3393127a79fe110ae12,1,1,11.230000
0xff5d6289937c0c65a4363edce3f015e1d9c11e06,1,1,0.100000
0xff6064f011e3d8d479b7256251ee9c3789f0bd58,1,1,117.670000
0xff65ddd96c7c6ce60431531a63f5ef749dd5989f,1,1,0.010000
0xff71254b88dfabff4691ace18be702722095502f,1,1,0.100000
0xff77fc24e74d464238fe2a4925020b299ede26fd,1,1,57.500000
0xff9f1e749adaf060da113cb5b3e0daaad0706a35,1,1,20.615120
0xffa99482ade20329ab2e0abf7423441bde15817c,1,1,100.000000
0xffbdd61b864bc5f4894aaeb494e6004dcb8187c4,1,1,54.057867
0xffbe49c7f47e79fd66a4447f6feafdbd829d3ae8,1,1,3.000000
0xffe6bdd40fd65ec966034e7e1d156dd1fc3cb9bf,1,1,15.000000
0xfffa75b1369d7e0f7a43fd31721fb66a0856cd80,1,1,167.698905
0x0000ce08fa224696a819877070bf378e8b131acf,1,1,0.010000
0x0003a59858f44451be2a5b486ee612b4139700f0,1,1,0.002500
0x000e8462fb894cc8aa81d1da3ef82fd07fc486e2,1,1,0.100000
0x0011033522663b4788ec70a4d61b2cbcfc60a27f,1,1,0.010000
0x002ef566012a9f3b854df04033683690019c2540,1,1,0.100000
0x004172db1900b4f14223a6219a997bc7efbff312,1,1,8.590000
0x005be3b66e8edf67e0364f4461c190c5f7c59b90,1,1,5.620000
0x00605eabe4d15c5697f15f8068ca9a7eb17177cd,1,1,0.010000
0x006b70a7c4f061119a4fffb3773c49555f28a5a4,1,1,0.100000
0x00736b76336afda72db9f959ec590290ae734f7d,1,1,2.940000
0x0078905aecb458960d66148a26346c2fab0e2171,1,1,33.470000
0x007c5666c3fcecc84ce3fcf9b9377f0e4788c8ee,1,1,10.977980
0x00878b41de0f11e1c46e02e4d5b6ae9c7720f941,1,1,0.100000
0x00995133dc0d5e459386f60dca1919ef1471befc,1,1,0.010000
0x0099b1bc757020ab227f62b7f506ee9af803da27,1,1,18.484307
0x00a40ba8df597148b3dfc28c81cd1f62373226e0,1,1,189.130000
0x00a47dfd1f84d62d3bba000c79f0896e65b373da,1,1,24.050000
0x00c02db8e9e70a438ccd906e12cbf492b378415d,1,1,20.440000
0x00c034f74d7b8f467d2ed19fb898a25eb8a56ef8,1,1,63.090000
0x00c226a360f09bd41b812eab7018936a1cca4cfe,1,1,3.045432
0x00cd76243a976432155564a63421cc578d623cb9,1,1,0.100000
0x00d02a090e4f7486e523835ed20ccb25275aa789,1,1,51.000000
0x00e57e4b9926009149d56f76962e33b2ef7f5275,1,1,0.100000
0x00f6039fe6a8f82b564d23b9e93f922557124698,1,1,0.010000
0x00fe4604b47ec4675eb629736f2fef7f5373b7da,1,1,1.130000
0x01032d6e1cd4f257dd6b486e19e01f68e05f91d7,1,1,0.100000
0x0103a6d28d2e496f4b15712b9deb71365f71d0d4,1,1,57.345300
0x011469cd40148a2fed19d4f5ee7f2fa4faeeb79c,1,1,0.100000
0x0120a8d82fa0310509cef67796e877991033c2da,1,1,17.060000
0x012b58fcc25e01b45d4b03dfb4b675ee1f95f1d0,1,1,0.020000
0x012c84a1ad7ebe65043f7ed781eea954fc831188,1,1,100.000000
0x0145bcc135011f9c7e634c56b6678593a8dd7d5a,1,1,52.530000
0x015227c4d91a2c5cd5e1688abb3e4c77ae83db86,1,1,289.930000
0x016fd5a1daa02ee52d61040a009243b7f9c25f87,1,1,109.950000
0x017de44c4335eae2e77e328c91ab9ccf8ad4e2dd,1,1,182.910000
0x018d866f30de316bf377497577c46ca40267cde6,1,1,0.100000
0x019fd9a650c7684e9128ebefbb08365133800c90,1,1,240.000000
0x01a50d18b587600d3f07b2c10855a4b357631e69,1,1,0.010000
0x01b5028dc7b5265b99ba6d33d926efbe1af21000,1,1,66.460000
0x01c8988bc3a6df7d776aaa44aba756a27b64943d,1,1,0.100000
0x01cac92bcc1ddf8f55ebe03c54de145382335278,1,1,17.350000
0x01d93eef420e2ffdeb24858535dfe629ebecbff1,1,1,0.100000
0x01daf0ec7de544d478e93db12886117c033c29ed,1,1,10.200000
0x01dcc7386f8822bb3380ee8d7b792c2887ae6a51,1,1,11.790000
0x01f5a4e2ee8a8756d5d4a5ca8b7570c398712253,1,1,0.100000
0x01f9e65d14bcb5654adbfff800ea12fb1f40b68a,1,1,0.100000
0x01fb093a6165ad28cc1aa75b0434305ce94dda7b,1,1,269.650000
0x01ff840f79789e773d5b2263cc42861aace579f3,1,1,46.080000
0x021e832d518215606d44d1610ecef690a0db8c0e,1,1,11.560000
0x02318f74150c75b35749641a07f86b0966c7f9ab,1,1,0.010000
0x023302adcbb51c393d9253b9cfb2eda13319e8a2,1,1,0.000150
0x02370be84a3a11624bbf68d622caff2d1e948767,1,1,70.013281
0x0249f30f309361d43d219dc27652a15b76891f2f,1,1,0.003000
0x025485fc7dad2736b39a5ed35db54884510bcce1,1,1,0.010000
0x025682685576e5b11c97afda96df77cdf05c2ea2,1,1,116.040000
0x0260b4b07027af0430e32a8fcd2eb949f522eba0,1,1,10.890000
0x0268b44973755e46269af7eb92749a30093116b3,1,1,0.010000
0x0270e6b099c3faf674a407cacd909ab82961c579,1,1,200.000000
0x02714f948b1b29d0d3ecb1a66a05227f108b6089,1,1,154.700000
0x0271e98c522508fe8802fb79c865e4f056e3f24a,1,1,0.100000
0x0277376bcc9a9cde2c8458062c43848672f73f75,1,1,0.050000
0x028d76b7087d2eba307ded3b4706dea1c2482195,1,1,116.690000
0x029078f9205d8bd07b8b8ba9141670cb83a291be,1,1,0.010000
0x029585e6eb8d3ab499e5c007506ad1c27aa5e510,1,1,1000.000000
0x02ae234c3637d43a98c0fcd0167803a0205042b1,1,1,9.680000
0x02d331536698f17664da8dc7f541836babd4f1ba,1,1,0.010000
0x02d8de2c786f4f6ed9f77b220fd5042468b676a9,1,1,82.370000
0x02e7d36ff4b41566f59ac712051301b39d3f2ce4,1,1,173.620000
0x02ef04662684c805ac365872a843afb9fed444b1,1,1,20.410000
0x02f0ef330b82905f837964a96226f7576e0a7925,1,1,0.010000
0x02f1f71b04788af6dff2f0b45842b656a53623bc,1,1,0.100000
0x030674d37f88f7fd09d78d048df61c2315fcd486,1,1,500.000250
0x030760e98007bebe3400c8079de4f2b942c78175,1,1,110.500000
0x030ae69ca9a3d233013723f028c62be4576a9aa7,1,1,11.473591
0x030edc06aaca0b1994e8371a1c6cab90c11b46c8,1,1,35.350000
0x03150707b36e892ca3473fc2f5f0c2a614ccc152,1,1,0.100000
0x0326cd9936e2f17ce6108ecb081ac4349d18c809,1,1,20.410000
0x032eb04bd329355a41145af51dadce354b8e3eea,1,1,0.010000
0x0347f82b00d769eac0deddff157fb22a9e3c9890,1,1,204.000000
0x0357ab179f805bcdd7636308ed9c3b75beb6cbda,1,1,0.100000
0x035a166438b9cfc87f22dfdff6aec27a1bf82a55,1,1,0.000001
0x035c9e5fb0fe51e507ae3ed1ab4c8438c899bda6,1,1,0.100000
0x037a4dfa46e2e5477ffbc0ac34b4378369eb3954,1,1,101.000000
0x037d9d4afcfd15eb63e62769285659bb5e28daf6,1,1,0.010000
0x03856b9252255ab9c1ddf54e6a8cc3c5071a261c,1,1,1052.220000
0x038e4d344aed9e42c14570c12aa541e95f580bae,1,1,29.880000
0x038f2ae8c6433be6af3cff0b5a704d807be105ff,1,1,389.160000
0x03a2fc02ec3136f170d6f1eaa7fa1cad05d01827,1,1,0.010000
0x03a6a66bff69cf69ac930ae497676a680a5d1d09,1,1,0.000010
0x03a85bf0159d3e05cdd85ae7442a0b14c66dbf91,1,1,31.580000
0x03b0d6daf79d6d68b1f5044cd9f684c860d3b407,1,1,5.110000
0x03d58593a11e19cd0e2e40b4dfe29d70b6f2a841,1,1,0.100000
0x03d8a09b105c9afd1d42660e2aaea0fd6835fc97,1,1,0.010000
0x040ce48cb21c7e516cfbc180a5f53cb9ad1a1ef7,1,1,2.170000
0x041a4345d02611d2227a74ea68e2abaeb840c51d,1,1,0.100000
0x041e006c04315b1573fd39f1a7cbab80641f6cbc,1,1,57.950000
0x0426d2f1bd22d3d39da3e96e97b461c29f2c67c9,1,1,269.710000
0x044c8304714aec7396f20e014726d1b673aeece0,1,1,15.160000
0x044fc9f18e62020581ef619d1ed850b62038a393,1,1,14.952810
0x045456b531a60b369aff1aecf22bd962aa86afa2,1,1,43.500000
0x0461e90582f1770d59395a1b647c7b4462398399,1,1,111.640000
0x0475ccbd1df4c3f50b95c0b9919c883c29325838,1,1,56.860000
0x04934469e9ee1604b159b886f5929699d70f5258,1,1,7.000000
0x0494acb7e574066b4c004f8221af001cc94bb781,1,1,0.100000
0x04965830878f014572913e58287b6794a7ee178e,1,1,2.740000
0x04989595c67ec1145be5c03dac1cfe4c5ebb8d94,1,1,11.050000
0x04b38d8601140c373c87b939fbb9e22cd09c295b,1,1,0.100000
0x04bc61c144c2df9286340718ab7191eb004358ed,1,1,154.560000
0x04ce6365dcc3d014ae9e22fa68ce1469d4e569a2,1,1,80.380000
0x04e7b897d974df65e35af23d80887bfb85ceda7d,1,1,0.100000
0x04ea85e3393f3d981ddaca1bce4bd4a2033c2044,1,1,0.110000
0x04ebb121b5ad0259e99db1af7458cd1e408ed96d,1,1,0.100000
0x04ebd5b3767529aaf12e58d4b7607fd1ecdafe3a,1,1,0.010000
0x04f30e963e4c4f2b4d05f903d427921b68d5dcbb,1,1,21.670000
0x0513b9ee6057ec56819a57ff900283d95bb34486,1,1,352.750000
0x05158df0bcfe0475f6c28c7ad0df5362b637eff6,1,1,58.120000
0x0516cf1afbf0e32fa5ad82ffb347c938ad84115a,1,1,31.610000
0x051c185108f99135ec8499eaaf1bf03146f20c78,1,1,0.010000
0x052966da2d7684fad5bf098be7a6f5bd4fd5e69a,1,1,0.100000
0x052a1971ed9d4e700e777977f19ad09f5a9c4d3d,1,1,0.100000
0x052b0d66da064c5849c6cd0285bdfc0b8659e7d1,1,1,0.100000
0x0539937d2366dbef0243ad10f0782b1bc3f1d29d,1,1,0.010000
0x05431f74470d77249611684b5d535f4d5dac4230,1,1,202.000000
0x054554983fa762738b5b2303ab8a41efd84434aa,1,1,69.160000
0x056476afc74359f3c045bd395f55a4451fbd9583,1,1,0.010000
0x0572573fcaf93e1b332824f73aa3a21d0ff5ddba,1,1,0.010000
0x057e2de25af09c58cc3d10b561be22e16423e0ab,1,1,0.001000
0x057e6c8cda9e7c024e23df6b1388a25e5150a371,1,1,115.816415
0x059609daa55e77c945f997813c3f3066b2cadbcc,1,1,23.070000
0x05b79950792465eca8965dee3eee814d8df7dbba,1,1,0.100000
0x05cf24ba848dbea0c473efdf0003e54a11b62713,1,1,2.800000
0x05d2ee10b01888cb2502c22e4e4e0a0fea6ceb69,1,1,0.010000
0x05e9b99a684e0f0883d6214117f2a6dc2f9120a9,1,1,341.940000
0x05f7a52dac50be1d2f04d7d2d787f307b1f70703,1,1,31.630000
0x0607900a215ef2a8e30dc2de89b7e483dc7c398a,1,1,210.000000
0x061c0fbdd0ebc1fb0356a7328499b31e84e5ac24,1,1,324.720000
0x061fe1e89e2711cf6fa76c8fedfe01bcfc4cf526,1,1,11.880000
0x062ad180ee836b0badb195e2f5d44a541b92bdf3,1,1,109.660000
0x062f28462fa2c51a698dacf00b8d650292e80b00,1,1,29.580000
0x0634978ba63d983ee779367b77330f8a4bd6a387,1,1,0.100000
0x064fcb007592a7a7278366a10623b3222006b791,1,1,20.410000
0x065053f807fa0ad32b5ce0c040c4b9377a814ee2,1,1,0.010000
0x065dd8d4cd9bdd3d6d12c1d19b153593c66f9ba4,1,1,28.910000
0x065f378436044514cc9e77991e3ce5245032345b,1,1,0.100000
0x0660f2ed352448dfdcce8fb709dccb811dcd7d17,1,1,505.000000
0x0665802acbf28a2cb1dfb735a37fe1933516f903,1,1,0.100000
0x0666647f4f376be83fd815552e3f573a5a9e21b9,1,1,66.240000
0x06852025a0d3ab093168bcdb3febd85215f64464,1,1,0.010000
0x068cb45d3d1ca1a4c662a709eeb6c5aa8b49c1c0,1,1,0.010000
0x0699668ee05496d0f7924d7e2a8557d4598ac802,1,1,16.000000
0x06a3e1b2d46a730e6c779da7bba4bcabfb57ecc2,1,1,0.020000
0x06b1b088cc40219f4009a769a277d601ce5ea6a5,1,1,0.100000
0x06b62eae5cf688fc993bb84996b83e8c59f341a7,1,1,0.007000
0x06c761db50f767660f90b6be3a57df00f88cd91e,1,1,73.740000
0x06c78b3f9747cea7a3348ee42deb5f22e758a4b8,1,1,785.550000
0x06cc70aec88902529fbb33bbccd38389797da5d4,1,1,346.660000
0x06e28aecad6b776cf1edf3a3bd3458a36cdd66b5,1,1,0.010000
0x06e975a1ebb3bb73ce21609329346a34346b7084,1,1,20.400000
0x06f4837a0dc951235e0114f4a2440b174527c8dc,1,1,0.002000
0x06f48a5f291e3f1f97f5869471d1fe77001fccaa,1,1,0.560000
0x06fb071501f273e07737c50c62655bc53e701de4,1,1,336.570000
0x06fdfeb6b4063a147d2044c729f6284b44b21a37,1,1,707.410000
0x07056118c36fca245cc6099d981fc38ea4efc047,1,1,0.010000
0x070f956a6670ca1c0c0ed9da77d0c25d86751c72,1,1,0.100000
0x0712a7d153b8a88c85dca56ff4c4427d2056f91d,1,1,22.190000
0x071cb96592714797d048bec6cc2043a42b3308a7,1,1,231.880000
0x071ecba7df37ecb7e7c32071d1c947aa9a4885bd,1,1,0.100000
0x071f55b8a94eda26b3d3609b41209002b786f51e,1,1,13.070000
0x07257311755ec02b2f83109e135aa936a35c95b8,1,1,10.100000
0x072d8dbd0584361a5c3cffe06b340129e995de2d,1,1,300.000000
0x072fc33d9e24d8571f7b0a2dbfa3091a63639d9b,1,1,0.010000
0x073369171d27e572e1428895861b1bd44e757111,1,1,109.600000
0x073566e828e9c952701afd7b686de5f4a142bc3c,1,1,2236.500000
0x0737ecd3073ed31b88a88e0dfc1a31db8e07418c,1,1,2.000000
0x0740c35471ffc17ffb252c0b80fd31856eb02207,1,1,50.000000
0x0743bf1ff6ab864d03065a5da623274543aad662,1,1,0.100000
0x07463343904207078343b4f911fce6bfbb744f87,1,1,0.005000
0x0775950dbae50ba743c5d4344896f0d079f08524,1,1,0.360000
0x0780cf08b9a5504a828e666ff38f90e49653560f,1,1,4.807692
0x078be25d8c38c1b823e29c4ebef4616ca4a63a18,1,1,214.020000
0x07b09fdfd9fb55476fb2c1ffe654ae88688e746b,1,1,0.010000
0x07bffe8320b3f7f91118405a270e7cfc43e8aeb3,1,1,0.100000
0x07cacb157b3b64ca31a375d771db1ef10e34d9aa,1,1,0.010000
0x07d455694991c9368bf21e175c99603259f4a3f0,1,1,50.000000
0x07d9946025dd0950be2067222c8efb2657fed794,1,1,0.100000
0x07ddd30192716a7ee508143b2afa17bf15f0cff6,1,1,0.100000
0x07e40953f039af4266f83856f8fa636cb35e66dc,1,1,0.100000
0x07ebb486e11bd217e6085eb5ab663e4517595993,1,1,2.997000
0x07ff3dd5d3ce1c824b6cefaed22814f72f64fcc2,1,1,0.100000
0x080335991b9a7e29e12a85154a85da099d91c7cb,1,1,5.510000
0x0815d05f8ca510ccf7b94beaac8293ce56b22b0b,1,1,0.010000
0x081916aa24517d2755765ce16e5b35bc4e2fa130,1,1,270.000000
0x081ec2f69cd1c375b68b9d2037b1930b6259f7ea,1,1,20.000000
0x0823a7e6f1daaef1ffdc2a1f29c53ffb187240ab,1,1,0.005000
0x0825a5d6ae97efcc13d97b4c3204d7bcb2ef796e,1,1,0.010000
0x084bea95fcfb95b27e8a20b008e153086ba1652f,1,1,11.160000
0x085b7ed893cbcdc8552fc0d8ee5f9328bf5cea4d,1,1,54.390000
0x0866aff833e3f5f97a93a7823cf211cc2905c845,1,1,0.100000
0x0868e597060f5e1f58c1db850f6ff9ce56e3de92,1,1,20.400000
0x086f95128f00368719d2b322ca7f83d5c3a27ea2,1,1,10.000000
0x0885b5424d09c93f609c428710680e8b5be6a5da,1,1,0.005000
0x088d3b9c6c0ba597229bff4d3765d8434f7674b1,1,1,0.005000
0x08ad1c6603c9b314dad89ccd1d2da745d25b90fb,1,1,0.100000
0x08b00ceee2fb66029b53d76110b19eeaabfd1e65,1,1,1.871648
0x08b0c3c6525ce927b4a398f3069ed71c607e6b43,1,1,0.005000
0x08c7c3398bf48a6da30bf68f66cb689ea0278976,1,1,102.000000
0x08d8d5dea7e2136cbf15fef84b2ffa88cb0b3783,1,1,0.100000
0x08e0893fba3c9ceb9fadfa37e6a8f13ede01e3f1,1,1,5.640000
0x08e0b7723778c06349ed5f10a37f1421df4722cd,1,1,33.500000
0x08e3955c4068b99de31d4df73bba4b62a9b9a693,1,1,0.005000
0x08e82839e1513023d115451babc0ff18eda8f925,1,1,5.143604
0x08ec14d56fd912cee9c717de9a37028179a40b67,1,1,54.510000
0x08f0e308da9be0876f51fe2140384ffd5f98cd4a,1,1,22.190000
0x08f9b72ac94b66b6c0a5779426714d1322c4d448,1,1,225.000000
0x08fdc61128eb714e92568b8de0596d9d6e89ff6c,1,1,1000.000000
0x08ffdc0e00544f5dff29a79ac10b218e113efc96,1,1,0.100000
0x0905a8a7e9e10a59ce9b0798df5c04d13e1daaff,1,1,500.000000
0x0906d2e8bfb48de1451c3d55bcd91c5ecdafb793,1,1,58.440000
0x090d61ef7a6d1203815f03d4f562720b9463a540,1,1,0.100000
0x091ca6d22f9e89887da1958458b57ce24a095708,1,1,24.620298
0x092dc9a59ef3939e9f5f276e7e2b7afe5ea40271,1,1,86.540000
0x09311d62459e7ccf68e9e8c32653303dd9cc03f6,1,1,22.780000
0x093b2889345830605a94e7fae611b3b7772139e7,1,1,35.070000
0x094bd993de602c995cc515fde97ec2ae350e18e5,1,1,0.010000
0x094c14996d24b9e95adeeebcdd795dd63457ecd9,1,1,0.100000
0x0967aaefce78498a5472e148e531390ea31c70eb,1,1,0.100000
0x0969091404fdb9f79eb170280eb2e9863f39917b,1,1,0.100000
0x096b98cf31a8beac4e3d32c44e7bbc60c7c902a8,1,1,0.000017
0x096fd08acd782703ee93b87784c5125c819b2e6c,1,1,0.100000
0x09856d287414576939a9c61205860e25f8ef4ed8,1,1,5.580000
0x0989dc309e35145b13ee60bead623b6c56a601b6,1,1,20.400000
0x098b83330b943167910b35b943179461b14e17a2,1,1,0.028164
0x098e2225a594c87fb402c3687fc42ee42922c8ed,1,1,58.690000
0x098ebd36fb9a2799bc57fa4dc0bd7241e9852605,1,1,173.220000
0x0995fb6718d7cbdea183cd858dd2853ef9318123,1,1,2.830000
0x09a7637a466e881325b8d55b2d502587dba5f7e2,1,1,23.550000
0x09c2e36729efdc6dd8f406918ff8ac96ef14d17a,1,1,0.010000
0x09c60b02c67b00c279e73e32a3b899bb402228cf,1,1,57.060000
0x09cf4d8a7abe396fc04aa64bbd0ee95838b673a6,1,1,24.000000
0x09d9fc73cb34352efe6c2f8f153563674b89b6a3,1,1,50.000000
0x09ed85cd0c8a5bdc5101abe01adc5983a0b03bec,1,1,0.000010
0x09ef494d88ccd5a6753f0da94ee39aa16f393bec,1,1,0.000150
0x09f7126029ea4e7e860c0163468cf42bd63d7c84,1,1,0.100000
0x0a043cc2552984130a00fc81d01226dee08df076,1,1,0.100000
0x0a0894fc56895813d10744b855358906470763ee,1,1,245.000000
0x0a11ffe49c601a6a120ea2a0eafaa4e67ff67cc6,1,1,173.050000
0x0a240d52691c037d7b45208ce1a74f7c38aeedf0,1,1,100.010000
0x0a2aaafc5c2f10c0fdd0d619a9e6f88e8accd780,1,1,53.120000
0x0a317fb67c829b95aee0cffd0ef7c161d9a62632,1,1,355.300000
0x0a406447bd8b35e57c8477c3cb9af8886dab29ca,1,1,0.100000
0x0a43787ed1eb3b87069ddb7895fe43de33fb2325,1,1,7.350000
0x0a486496a838b82028a7d3f0309b1d8fa88edf17,1,1,28.474339
0x0a5005a1e488315a5fb6871173aee1c0d0bbd069,1,1,8.741877
0x0a503be3163f90bbe91d0c606b6383b9c004e5e2,1,1,58.580000
0x0a7596253f7fead42c1e31426d0beabc9c6d7eb1,1,1,0.100000
0x0a80ba8ae109049a16d788a26f67953b371a76f7,1,1,20.410000
0x0aa4232f30f0577b592fc07e9f495772651364b8,1,1,0.050000
0x0aa5a66b92f03425c64a011e70c1bdb94d110f5d,1,1,0.010000
0x0aa5dcd1492134eb912b1da10af54247937b1a73,1,1,0.005000
0x0aa8199930599a675529abff48482bb905f13cd0,1,1,204.000000
0x0ac5d356130a8970ac0d8f619fadcbed090583ca,1,1,20.400000
0x0ad2c59acd2ac2058de13773f2a30820646ed006,1,1,172.930000
0x0ad85f6e75c3de5292865386e99c106a1093ffc3,1,1,115.220000
0x0ae56a330a2b962541bcd271bb910d6c5c6dee00,1,1,0.100000
0x0aeecf9074efdb642143966de100cfebdc312c8f,1,1,0.100000
0x0b269289b03212808f390cd16cd2b7d922617ea1,1,1,0.100000
0x0b2ac8ebc3eb4d71d1d8a6a813e2622ff75df3fa,1,1,57.440000
0x0b42cc8470dafad77f35192a6290b60fde14d897,1,1,0.400000
0x0b4ec041a533e33a7a9b37643d1eea2e04106dcc,1,1,0.000150
0x0b52324f5248a98759bda45fdc990bcc945aeb16,1,1,1.000000
0x0b64a60caf7bd382eaac6fae7a8ad9901e8aeb08,1,1,0.100000
0x0b699869fda5cc8850ce14dc10a1aa0d5f068ff2,1,1,108.200000
0x0b8188f6e3dc96bc3c1c7ecfadccf874d5cd4ab8,1,1,0.010000
0x0b9adb7605e1bf1ea219bcf91cf1676fbf9ec21f,1,1,10.791000
0x0b9ce44c7bb21269816921b022c7cc4d1ab66b8e,1,1,10.780000
0x0b9ed7c0262af3459c8db36ce5e235cbd7785a4b,1,1,0.010000
0x0ba8cc892a0cea73229eb50c628dbb0e89fc5172,1,1,100.000000
0x0babb23201d786d3d37a357a81557d04ce2bed61,1,1,24.010000
0x0bb34d7769f3084525a81fda328ef2d19c8d008d,1,1,0.100000
0x0bbe2b9592804e83261fe6635d084211064d2c27,1,1,365.580000
0x0bce6a2965112220d4f0ce3a197847ecfbc848df,1,1,0.005000
0x0bda04597f4185daa5ef22f6f291882ae66ac415,1,1,63.870000
0x0bda895147acbf7dcc078a4307ec6d8188421538,1,1,0.010000
0x0be1336fb77648ec0f2fb166bd64444614271b9e,1,1,94.360000
0x0be889f5cabbce59ea5777da13cf6d468ad87fc5,1,1,357.000000
0x0bf472e38d72f53f4e7c4df44b464b0c030ba5b2,1,1,11.090000
0x0bf4e02c8770e950e1c43c4ec65adba7c734388c,1,1,0.003000
0x0c0f2d5cdb9e752390fc87c8d1633c81720c2035,1,1,0.180000
0x0c1454587a67ae8f13e45cdc63de8dc3284b6ece,1,1,0.100000
0x0c18917d94c952128671e07f5cb8e58d822f642e,1,1,0.100000
0x0c24ba650151d60b3e4fef9c8449481c2a04e403,1,1,21.770000
0x0c2663fa4220d7c9c24a91a8e9213ac436583f5a,1,1,345.090000
0x0c26a1b910021f5f825a7491577a34fbe86a4511,1,1,0.005000
0x0c2aa045e192b3ba4a0fe49e84e49e366351a54b,1,1,0.010000
0x0c32d2986d80fa1f6f8ded1aaed891bba005f50a,1,1,200.000000
0x0c3ce1885f9815ef7fa854491f7ea6d9507b8161,1,1,57.800000
0x0c4505302868ee00b25e7929b4d4f4dad82b5380,1,1,0.010000
0x0c48995007e587f1b3d03140eda7d5b6d25ee958,1,1,105.820000
0x0c4ae972b93b25ac96e9920710f677a5a173b75c,1,1,570.560000
0x0c5792025ae4085eacae8e831786632b919e6daf,1,1,20.000000
0x0c607a93416a780acf124ef34e3654b1d577ff66,1,1,0.100000
0x0c6237dba1143ad4d81ee9ca70be20e1684ca9aa,1,1,22.000000
0x0c681641e585913b721237fa773b9f11996cc391,1,1,0.010000
0x0c76be0c9a126df7ab1d5ca1fb7d9ae184a84caa,1,1,0.010000
0x0c88ffe501c9f3a7920a91f049319a05a5c71566,1,1,54.780000
0x0ca34c704110f38e3cd562c06f0133b33ff929c6,1,1,0.010000
0x0cae261a4ef968af7703074f34a235684c3970d6,1,1,0.100000
0x0cc5491fb2b6e63fbfa3c30e75093682bd0e1381,1,1,0.290000
0x0ccec60b32e55e66e10d5584af447a6561f7de8b,1,1,0.780000
0x0ce6220c0ddbea225d2d21c6c3d17d8044680d59,1,1,20.400000
0x0ce88fd7f932192f40de8a95f6592b6065d0c653,1,1,0.010000
0x0cf1c0e20e7cbabeade82c6267ad0c2b4f183aed,1,1,0.100000
0x0cfc5ac4099f5a346d1b8f930d8eb96b73d2fded,1,1,0.100000
0x0d018b59a73721b5b6f8445d52d942b7fe3ad936,1,1,53.750000
0x0d2bbd27d35c6461b1f72177409c5a1014f2af07,1,1,0.005000
0x0d451861d037b9cc9925f2d627c64a260a453445,1,1,10.900000
0x0d4a2400ed8aab0460c50ef94b81e7f2a301fa4e,1,1,0.010000
0x0d60ac6bea9d0f629d9d8323ea8334bb40c21483,1,1,10.439958
0x0d662a9cebb4fdfe10df2a44c95012520af43ba5,1,1,23.130000
0x0d68c3761a0470e93a6859273c7ace5d861bdcb8,1,1,22.620000
0x0d74c5d05efdf7318692fcc083e7573d1376624b,1,1,0.263437
0x0d75aaf96385f75418aac97da4cc8e5269c6d05f,1,1,0.360000
0x0d7b4a7c7ce3cb7386bd5fc4cd0d943fbd72ea53,1,1,200.000000
0x0d8c6eb1914c61a982a1665b73e48e4769beaa46,1,1,0.100000
0x0d9cc106a17c0816c73179e15dd46140c475057d,1,1,21.530000
0x0da8a8719fb738bda048ae49e2a613b3c2851745,1,1,115.920000
0x0dbb93b4e69cc9d8f5a16a196e0470f5d81cc0cf,1,1,0.100000
0x0dd211a0b4bc8f4bc6461dd26060a292d8a5556f,1,1,0.010000
0x0de2bcc78c0056f6196a1272130eedc219029850,1,1,0.010000
0x0df43c6f20b4b060bc84eca011c0fa113f38f963,1,1,117.820000
0x0e0678aa7436d758366fbbc9b03bda0d40ffa1bd,1,1,35.000000
0x0e0ace67092ca79aa138e13d90f23dfb23a6e3ca,1,1,0.010000
0x0e1089508b6db55df35dcb6f9a103ee61c05f33d,1,1,823.310000
0x0e16e9df6958fe0c3855d46494da3f6446c017db,1,1,0.100000
0x0e1f7508d7a4a72b7890e971770e42eaa69224bb,1,1,0.010000
0x0e2011c3083c356e1dbc19030981160c1de042e1,1,1,20.000000
0x0e23c2073a93eaf1143d0539f6eb6fe451af9102,1,1,172.550000
0x0e3b0e564e8d664a45aaa9913b521fade0321d17,1,1,0.003000
0x0e3e9028fd1c1748bcea52729ad3df89fe2f693a,1,1,25.000000
0x0e51ebd795d6293bda6b724c92a2872f170aca83,1,1,0.100000
0x0e5a2b934bb4573cf7804f8028e2e253e5758e3a,1,1,90.080000
0x0e6937aeb4b2b8cf9db0e8657e2bbdc4753eb579,1,1,0.005000
0x0e69852bb6367e2152fe7c7cd62260eea2522300,1,1,2240.000000
0x0e6c3bc9c17c2bd5c758cc872f1cd525682ba080,1,1,31.000000
0x0e6d35c1a17ebfa9be0c59e1365deb12917d7c12,1,1,22.460000
0x0e74da2283a92cf0e826d3be9a3b0ef3f135c4f9,1,1,322.160000
0x0e85c764a6d73168a3196db1af4e0f5168ecadb6,1,1,23.550000
0x0e87dd5cfc2c4a226ce867597d5cdf3be4676aa9,1,1,0.010000
0x0e8bd9dd6c9d3bb283586799c1378c424eb9f54d,1,1,227.910000
0x0e8c9ed943ba943f58499f5cd169ba650ed08212,1,1,0.100000
0x0e9916743f9485b7db7dea141c1028096e001c7d,1,1,45.110000
0x0e9a9dd460dbfabb445edf8ffdbc6db3c092107c,1,1,0.100000
0x0ea035fb42385d658706d15ded9feea87ccba4d2,1,1,54.360000
0x0ea739772ca3d1e6e8123f27245de14c4a6551b4,1,1,0.100000
0x0eaa461822020fb8b91c8ff73d86970e0e1ec6eb,1,1,0.100000
0x0eb6a4c56cb68188f39fc0f3ec607e5693f9b621,1,1,102.010000
0x0ed23909adb58def28eef4ad8cf8b0711be9f1f8,1,1,0.010000
0x0edbb1efff66bbf5a99a2044991c197b8ec537b0,1,1,0.290000
0x0ee71fd67f89383a0e511f9582bb46f17485a680,1,1,8.130000
0x0ef59759eb0f4000634f37503d2064505c360628,1,1,511.500000
0x0efdb87527c5cc5bb2e850de19781bc3679b4527,1,1,58.000000
0x0f099ce0a5e63e3e55831d3eee4dd3946f18d9ca,1,1,71.540000
0x0f1521123ce2b0537329b652d7c44f5c5ba20e54,1,1,80.300000
0x0f18af6e13e39c4f5a39e4b68824eb8d6caf39b4,1,1,2.710000
0x0f1a618a00d3932e7736056b25cc307c35bd3352,1,1,57.340000
0x0f30302c304987132c684865e72ba989d9e368a3,1,1,4322.040000
0x0f304222f9db556b5cf1292c14cc178c9e511ab5,1,1,275.220000
0x0f33283b8832be683c12d29da4b412ad9706ae10,1,1,0.772749
0x0f42450a158970df30570f75ce4cc25365d0f91d,1,1,0.100000
0x0f6301a6603a4c338173b82fed2f5606c3c36527,1,1,0.407999
0x0f803632d4c5a09fb46f6c9695e109fa0dcbf7ae,1,1,230.650000
0x0f881fc22f610f48334bb34d01b97081a10a0720,1,1,65.330000
0x0f8d6795d15493a10ed8342081ff96e0e1029a92,1,1,0.005000
0x0f982c3c8c752e4407059d630386e17b6b4c83e2,1,1,51.000000
0x0fb2f7a7d45af81dc165b5edc3d6dcb21aa8229d,1,1,0.100000
0x0fcc5d0630c549d366cdb82562668ad9b50e0db5,1,1,0.010000
0x0fcf53a59710ee3de48b8690958c43158645568a,1,1,0.100000
0x0fd5a52e0175bad5ef8a3f2654fbe65f3a92914e,1,1,0.100000
0x0fd89adcdbc432a621dbd29a254a5e19bf04c3a7,1,1,33.230000
0x0feb67d718099499f64cf6255ff58a686151c1a8,1,1,0.010000
0x0ff0f527247ce087bb0570b73c17ff7fd163d6c3,1,1,354.860000
0x10088ba53b9574f924df6e9306b0fe06350e6bce,1,1,23.040000
0x100949cf79fd441ff7f0a165f49de4eb45570042,1,1,33.560000
0x100ab0678b71cf4bc68dd652c54369f134290f43,1,1,10.100000
0x1012bfd1bf5cb7ac49e6d1445aad679dde0e940c,1,1,0.100000
0x10137a4cf165d6acf5986c42cb064f78a5af903b,1,1,181.720000
0x1024d01c12dd300f4cd9288e8b764235cd70b1cb,1,1,0.100000
0x1038c05631c0a6852c4cf8a0c1c7af2f4c30d23a,1,1,211.330000
0x10471d02e0b46cb58515834a95b21338adedcb5b,1,1,9.900000
0x1057860f6b1b56e8d0f77268458a9e747b0ca1e2,1,1,0.100000
0x10616e3df01876cd7a472c64319c4880868453e3,1,1,0.010000
0x107379cfdb4ae2ab16fb9a5d3ff2b2a8d4d53a34,1,1,18.000000
0x10794832c5a74554926267a4cea59104da67d4e9,1,1,54.030000
0x10a06a450122f63ae6d50c432a6b8709f4a3da38,1,1,13.088351
0x10a08967cd3c606ea322276c7604aa0ec155b70e,1,1,5.400000
0x10a808c8a35472f22e3e29b86520d3cdb0b48dd4,1,1,0.100000
0x10b59a342f32d0e908799a29ff78132fd20845a2,1,1,0.100000
0x10f19ec49f499702b9bcd02c2ba3bfb162219b22,1,1,40.530000
0x10f9d1c8fcb584446d30e40b1d45a63525ec3752,1,1,0.010000
0x10fe92933fddb7aec919131f6872699245605592,1,1,0.005000
0x110d040b16af8d6fb96ae4df8607526fb71a988a,1,1,0.050000
0x11193602603291680d27a1d0b938e9336049dfdd,1,1,0.100000
0x111bcef010a9350f32645f26bfb97f3c05ac402c,1,1,353.640000
0x11243191b5227ffbd86e8751097f380f46248bfa,1,1,20.500000
0x112537fc53db26f1d47adf5d876ba2dfb80c03bc,1,1,0.010000
0x1148dca8f4f639156dd9eb85d7d4098f3c1e59aa,1,1,0.003000
0x11556740e5a4c15dede2dcc3c03035820a744edb,1,1,0.100000
0x115765c01521019ea0c175e14431f84a9630c68d,1,1,22.160000
0x115c2d7b4004519899c38f8fa3bd823554b9647c,1,1,5.470000
0x11629158bf6bacd385ca60331d5796451b2bd401,1,1,133.013370
0x118a5d574c584ddd20286ad67e302eb5d8998052,1,1,116.000000
0x1199bab5b4aef118f34af4b9de72ac12ba44d1d4,1,1,22.520000
0x11a0674b11dc2e3f65ea2d7ea16b17952fd6755f,1,1,5.550000
0x11b17cca20f5801298ff28a5520bebb82acaf0ee,1,1,0.010000
0x11bcc81825313638ba8f8a26fd2b0746295e94e3,1,1,23.520000
0x11bddd2dca6174d6b5baf78297966a416da79482,1,1,31.069431
0x11be0bff208550144aeefb38f54af0f736a8328b,1,1,0.540000
0x11c4198520d46d1378996339f50bdec0dc910a99,1,1,0.100000
0x11cc757bdd2c323ac633dea3fb49bc02f825930f,1,1,0.300000
0x11cd3b387e769797d242723bb82145559d682a4a,1,1,40.450000
0x11d6eda8c513b1d9bade9efe677d5618566ce6ad,1,1,0.100000
0x11d7ca8d731ce27560d11806f7646e5a178b3251,1,1,57.740000
0x11dd29f84f97bb9fc6fc3e58e7e9505786a6950b,1,1,0.010000
0x11de258586ea5f2e2553337b0f388148d9e377d3,1,1,117.360000
0x11f59903d420c95e996d0960e6534c726581e2db,1,1,0.010000
0x11f5c1c918cd39d08cfe2c279f43242a8e8190d5,1,1,0.050000
0x11f6684a9d8acde2f0d406b7614e6b394e828885,1,1,3.200000
0x11f72af56b08c40322e35c9471dff07d43e095ff,1,1,0.100000
0x11f9fddb45592641a0a91599bb302a5acd3a1f1d,1,1,30.000000
0x1201e8d711d24efbd4f820b69d29ffdd63337302,1,1,0.295000
0x121585cd592ee0ddccc226440d65ada8b81d7feb,1,1,1180.040000
0x1221d8514a5122382e98a5af79db9710468056e0,1,1,29.428320
0x1231b4b8e749cda9270c73463ebbac9b179c07f7,1,1,20.500089
0x12398054d8d24a94704f9975d15dce065bc497b7,1,1,114.520000
0x1245af7ad5da4c3e353927f78e169f8bec6320bf,1,1,0.004000
0x124811a4ed0be8403425b7ec3e01e1cf84c6133f,1,1,118.100000
0x124d8ee3a4136c4a868d31c0b1c4958fc70da947,1,1,0.005000
0x127f75569897a3aa7e7eaf4c06cb602f9d825001,1,1,0.003000
0x128161865d4c04b84acfd9e06cba8a139c7ba0ee,1,1,0.010000
0x12901df7fe6476fcbe245b6c5dbfdd3332e49daa,1,1,500.000000
0x1293f85a807219b38ed7b89b72f24de215c2d0a7,1,1,19.930000
0x12ade1cab77ebab5d6814bbf4d21f380518185d8,1,1,0.100000
0x12d044c5ab76250bec94c0142723cdb8bdab82cd,1,1,20.400000
0x12d848b24dc31a524fde05e16859ec5e1855f758,1,1,0.002000
0x12e798789db9cca157487e083e9356418e54e899,1,1,0.005000
0x12ea92524c4425bf40d771deb1de1d13dbedd762,1,1,55.370000
0x12eb4060b48ae89d5d50b9ad12da9f1ad490fe85,1,1,100.000000
0x131b6234eb6ffd479bff594640e4f7a266ece56a,1,1,11.070000
0x131ca89ab6fc7cb5852d52e0f40499da7ec67f79,1,1,232.460000
0x13263ffb12a7106409a7545765a1c89982d0ee5b,1,1,0.100000
0x132aee602ebe4c22ef09c39227279f122a9cd57a,1,1,0.010000
0x134e72acc314418af24b8fd9381b56243a6b9c5b,1,1,29.730000
0x1350f2e24f376f8b7c0db922513a32b06d5994a4,1,1,27.720000
0x1351f31864d8434665dce3f8eccd55ced2fdcb24,1,1,91.810000
0x135e1d270ebcc542a2d24bd16a4c04a9aa2f0e5e,1,1,10.920000
0x13682e298d8d2c8573ac153668b7a7ebc12c8a37,1,1,57.850000
0x1370fae8367ddf5344c4f2bbc937d3415b3dff64,1,1,2.010000
0x1382aa77750a4a4cc793285e766de9cca0039e7a,1,1,0.100000
0x13851e0b00c4a207479391dc28efefdbff5ec25b,1,1,10.840000
0x139cdf7c53037742cf445b98013b45a615cc65d2,1,1,65.690000
0x13aacd306268949b4afd010bcdfdf9ac08783a32,1,1,9.990000
0x13ac584d419d86f6d01d929a06bfde9d924303a7,1,1,57.800000
0x13b7b4c8dcd24037ca31433203e9ce84be37a9ce,1,1,0.100000
0x13bfb0c3f2825368cab4e7cb72e8551338cb29f5,1,1,4.960000
0x13d32be1a5c8c1199c58e339a6103ad2d02de109,1,1,0.010000
0x13df3524c5042a203caa5af81ad7f0715c5e4b64,1,1,0.010000
0x13e1a2a17201f7b1a6192a6bd381048403394491,1,1,102.000000
0x13ef42d27b835ea5265a25225616c79e9ba3eee4,1,1,0.100000
0x13f8a75338d5ebc540f92dd0d5fb4efda094c8d6,1,1,102.000000
0x13f940ba9084b23c7cd2ce769198de1c62a1a195,1,1,30.990000
0x13ff276b3b3cfae3b12b69391849215c9cb3efe1,1,1,0.100000
0x14004a0f9c3ffa5cb380cffd2835ff487161b8bd,1,1,0.001000
0x1414b5118f0ab5c3edf784f4cf0d8a8cbdfbe021,1,1,13.433678
0x1434a48b218b46e1526c4f0df717def3e74b82c8,1,1,1.140000
0x1449aeb8dbb50164b5827e0541fd7a81e4ac99c7,1,1,284.410000
0x144af0bc6b46fcb9cbe0ebd841a51b045a79bebf,1,1,0.100000
0x144d29d1fbc33fe772caaa9682164260a1fc1686,1,1,10.000000
0x145103dc277c9313aa958195b44e18d02afdc00e,1,1,0.010000
0x1461e0214e880e31cc33a82eb931a0476d7ef3a5,1,1,35.410000
0x146b28f81a1545f29b72f9b0ef36058e6c80bed1,1,1,113.780000
0x146cc8fdee3200a908c3976445719478aeb6245e,1,1,0.050000
0x146f6500ad5ee2a3197489d4e24a5eae1eb35a25,1,1,0.100000
0x14822473e77fb11997b797f104322728b312bceb,1,1,29.070000
0x148c7c339deb031170a76f5d11be0cec9418a12b,1,1,0.010000
0x1497a33072bc01833a79ac406ef346ad5f09a9b4,1,1,29.230000
0x14af68858d159b64fde0127dfe8be3a37442b08b,1,1,172.900000
0x14caad7d9444c92b8416078240da300b1cbd33b8,1,1,0.010000
0x14d1640aea0b1767ac7e98d23614a169877a6a78,1,1,23.540000
0x14d23fa34bfb3528fe3ac5f6b3e1da1ac63fe81a,1,1,108.200000
0x14ddd5c6a5c2d02426985043b0bb53e505af6a58,1,1,10.000000
0x14e6c4d28f5cb7621493405f0a29358a5e24b956,1,1,0.100000
0x14ea79b24ab5703763f9f28cb2c3d9436fe46232,1,1,40.810000
0x14f0887def5888649f2800d1ab5a7bdef2c6f946,1,1,0.000029
0x15070f4d386da0ef4e66a780e34a4578320aa8aa,1,1,0.100000
0x150996176f9e6033709832bc0544da4b3ff31e08,1,1,22.050000
0x1514ea1cafcfbabf8dbcbf62d49d8826797fa323,1,1,235.060000
0x15169c642edf7b85c18c81a1a99b9923cf93a416,1,1,0.100000
0x15279f16ab397fc6d3407298778f172e9b6e4638,1,1,0.005000
0x15391057617c5b6a336efe83c9ec2268e177d9a2,1,1,7.820000
0x15454c1e145c7b017fb346ee666b52e205786b74,1,1,34.820000
0x15534ba3687ce690c797757d4878b4172f8dcb7c,1,1,100.000000
0x155e2655428969ed1605210ea1665587fd16ce6a,1,1,0.003000
0x155ed304b94d63d38f018ebc991fd82a5ffa9795,1,1,0.100000
0x157b7f4d7a78e8cc3c08c80fcade6a2b242aa04b,1,1,15.970000
0x15964005d29f15c6e17a0af4e1ed2761fde301a8,1,1,0.100000
0x1597649f51e3f7844a5edb80e907860a32eb8707,1,1,0.010000
0x15a6ae1153144dfed0ba22491325fd24be119d82,1,1,270.300000
0x15db06c80f1788bf9921b2742da718f9f1a4599a,1,1,147.110000
0x15eea2c98113596db4ba190360d32c377c75efcc,1,1,35.630000
0x15f79bed3409990ab4e8ac479e54520fde0308d6,1,1,11.170000
0x15f8148327207a41dfb415b9c2052b1e50ae6650,1,1,0.100000
0x15f8e82da94331746f78bd858f7450f4cb651021,1,1,0.100000
0x1601c00ab6b8e00b9d26210f70f78c37c7365940,1,1,150.000000
0x16080ef0876af724d70cc42c9b98a0c89d47b8ac,1,1,0.100000
0x16134e8c50b56eb53689d3af766eeac9321df8e4,1,1,0.001000
0x16402a9e8d5e73b41b0732814d37650273b16811,1,1,0.010000
0x1648a4b0cd1bcf191ec88c7629bb9dca11d267a2,1,1,0.010000
0x16499ffbcd524be469472f8c710b94c8f565bbdb,1,1,0.100000
0x16554c9cf0b2d032522b58a1109f83abc29508bd,1,1,274.300000
0x16597e4dbc2051268b4ebc8499db879b732a144e,1,1,0.010000
0x165b99ddf11625baaa543b9dd3296be2dca01946,1,1,0.100000
0x165d61c2e987c12c11bdc01ae4d2059cbb3904f1,1,1,0.000010
0x16647f54989dd7d46a2b0dcdf16dd388fc960530,1,1,0.010000
0x166d70e38bfed6f416d5d398314f1dc923474309,1,1,162.240000
0x167044ba3f851b1ab2a1d7fbea3d849c45d55971,1,1,144.150000
0x16745fe23a5efe75f34501dfa8871e4ec142d2d2,1,1,1.210000
0x16780a898115ff4c48374712fdc7458c5fee4761,1,1,10.000000
0x1678287b238406e0b53869b5b3170891f348ab1d,1,1,50.500000
0x167ad9feed6eee8618794da51bde6d7eb3635e71,1,1,0.100000
0x167b4a7e53bd041c7346d38539d1ec5f96e395c2,1,1,0.010000
0x167c3933615c7a462cf050f79e5432cdd8822a1a,1,1,455.440000
0x1686b3f39bc4bff0f6c4b3edc2b5e8085a616234,1,1,0.100000
0x168972048fa1e1b000fe3d4f4c158036774b3a01,1,1,17.250000
0x168fb9638714b37d545aa383bd5dd629b20302b4,1,1,5.977992
0x169cc780913bc06b82d066011a4731e824070200,1,1,0.010000
0x16abf28fa7da672cbe1e299c73a727c80a242f57,1,1,0.010000
0x16ae4a061d001dccef031193576b955fc135f660,1,1,71.349864
0x16d7cb7628fbfd1415e4ebb89804b6e6f824e725,1,1,11.700000
0x16fe5bdb519a6beebe70a3ecafea3d736fd5fa88,1,1,58.790000
0x17093f0c71f101a8ee54528e080bf6e7da66c1f9,1,1,46.380000
0x17154c89229bb1ef5f03d3d36c66d0604b88cca2,1,1,0.010000
0x17224aba081f381af9127bae61cf4b4b78c3266a,1,1,35.290000
0x17248f2e15296839a5b81c64797c2029f6fce20f,1,1,28.510000
0x1724fb45ac0fa7ec7c1e2debb32cb485d2794169,1,1,50.000000
0x17347694f2bc24f781dc76e32ff3af36448c9104,1,1,28.680000
0x1749aa1978052442a3c9a32b8ddaf81d415e2e01,1,1,0.100000
0x1750fd1f98be092193bb08bdd14ea3bd06300a11,1,1,22.946272
0x176299c1a1ea94490085b871ba76ae38d8f03f94,1,1,0.100000
0x1774df8ebb09bfe849c066db173648fac2c1b4c5,1,1,58.870000
0x1779f9b6cc45bcc58242ca4335fe38356faf76c7,1,1,0.100000
0x178a2fd66644f9f196ca39fc1c8667179cb787fb,1,1,0.100000
0x178b4c0657171dfd12c7bbd980492fcf923c1b10,1,1,16.410000
0x178f460c176d24ecfe041dda9368fd6b26115d48,1,1,50.000000
0x17a529297c5ac6757465e969857daf928335ec96,1,1,0.100000
0x17b7d1ac3874d5765eb1270934bdfa2a8302f01d,1,1,0.100000
0x17bd17eeb2e764e5afdb742d4b2acdd4c7520e97,1,1,39.980000
0x17c26957b8e738b55f8a95f0902fe6adbcb7b538,1,1,0.100000
0x17c7cb562756f974cb42fee42ea36fd3d3810035,1,1,57.680000
0x17e02e54829d5bc884328bf12bb94bcb65ed4fb8,1,1,116.090000
0x17e7dd4a9158e965d4c1e7527c9f1e4fc4dae6cf,1,1,230.000000
0x17e872287937bf43f0f6910fdb11abb8be0b9235,1,1,22.610000
0x17eb40a68c03c04ae76ad2d0786fec4217b2b85f,1,1,15.780000
0x17f1f0eaf36e6d2d56c911268b9d4737a0de5d4a,1,1,0.005000
0x17fbd3fd8822477a6f46b19bab5febb1af7e6683,1,1,0.100000
0x17fcdcb138e1bc8d671405bbc008efdd9bcd9d5b,1,1,232.100000
0x180254a6e0b1d415d6087691583e7e974cec401d,1,1,0.010000
0x18040086e3cda609c66b2ee1c33a89979b8e6678,1,1,0.100000
0x1805b91ba79ff2586ef31de2efb6b658b1430cea,1,1,221.400000
0x1829cce609526db15e4a102a634c413105a379f3,1,1,0.100000
0x182ee879407159a2cf8d50fffc5df90712262af7,1,1,0.100000
0x1834ed3717ee3b0ff1f4122c1a45b220c4f22d46,1,1,582.530000
0x183a79e36bf1a5a6da0706fed468e228abdefd9d,1,1,626.150000
0x183d9d9a60274d9628188272a3324fe3ec716ac6,1,1,172.610000
0x184ebea9f07589284d68955492a5ba65b6bb7bae,1,1,0.100000
0x185455c5f6a795f3f3394ec02a92012f129a734c,1,1,0.100000
0x1874af8157c74776a9e2a278dde346e58e36cd81,1,1,0.005000
0x1876a7900eaa5415871806f74277a5fee3c9bc72,1,1,0.010000
0x1881a9ebbd5a358484b6515683b97460b2d0b74e,1,1,59.390000
0x18850717369be6986cd123f3cfe3a999be775b09,1,1,35.980000
0x1887fa9edadeab7562b01cc3f4fa246ace2c3cdd,1,1,5.000000
0x189683af2c08409893e0ca32090d802f17bf9b8d,1,1,1.610000
0x18a30cd7c0b47c9c47dfb8e9e3e77687d9b27580,1,1,57.840000
0x18a65d4e550178ff91dbe1c590b787c010513445,1,1,0.004000
0x18b3df08946a060ba6ef731c467bb80510af521e,1,1,0.100000
0x18b47bce2bf8251f4d03f679b9fb2b6480402708,1,1,1137.230000
0x18dd14af7eb2cf3ca2d8d9fcf2bc8a89c86add62,1,1,0.005000
0x18e0e443f24070ad930340585453d138d486fb82,1,1,0.100000
0x18f120ebca0374be9baf5d7c04a8dd5bc322ac35,1,1,4.990000
0x18f4880f9afc6a0ff3bcab64abca24ca10b3ef96,1,1,0.100000
0x1902ef296bc5a61a5fc43fd734cc3c12b26f400d,1,1,510.000000
0x1906e283ee9ce501c6844b8f8185acdeedf09c70,1,1,0.010000
0x190f4d634c5f47d86c133a97d4efa9ac33e9080b,1,1,0.360000
0x1911039460a6ea281fba0e776b734a856b2522e6,1,1,51.020000
0x19164fcb68ae1d7792c79a76baf0d16b295517f8,1,1,0.010000
0x19171c77d779cc956a4b98f32b5e9882430a64c7,1,1,20.410000
0x19243aba25e0e05dfb063ac2bc1919e57ff6fe0a,1,1,12.610000
0x193701f302d281a3e80f90a489cd8c35b3308c94,1,1,0.000099
0x1943b426491070f2cfc29fe9d2a7fcb320ecd548,1,1,158.420000
0x194b69f1939abacc3f3352a4537e9d6aa27260d6,1,1,2.020000
0x194e2ec02f00d59b7bb735d540d6b100adcc8929,1,1,58.660000
0x1958fc54b20c6276e5cf85b7538426d7fabb3640,1,1,0.005000
0x1959fff72bfd7bbf3a103126a92abc13630de8b2,1,1,0.450000
0x19674a87738b81210b8f96b951be0ab94a42d42b,1,1,0.001000
0x19779fcb3bba7005aae397d215b7453116f44a61,1,1,5.300000
0x1979f0fd976d79944ff1f9e6380cd8b3b3062a2d,1,1,0.100000
0x197c75dd7a057a84618ad23daf1a126fbda607f2,1,1,0.100000
0x19838f15bb54346ca4c2c89bbe313813869bf94a,1,1,0.010000
0x19853320449737279fd2d4c2b53beb2596700986,1,1,0.100000
0x1987882fce19011a5d2de9ad700bc2408b883e7b,1,1,0.100000
0x198fbf3d8750ca0e78f362a4c383c483b22b5bbf,1,1,23.540000
0x19933990ffc334d249ef3d4212ac922d09c6cf74,1,1,0.450000
0x19a2c8d9c9bda2b6bc4c55fe27b9a11f8f65f184,1,1,115.310000
0x19b8c952f9ef2677f7661b299a497d7cc6b6a66d,1,1,0.010000
0x19b96d27f32c8181b3143a4405919d14cbce4514,1,1,0.003000
0x19c2b1462937311bfc5a7cf89ece56590bd5b122,1,1,0.010000
0x19c7b532971f3fdba865fbbffe61c11593f4dae7,1,1,0.010000
0x19c81ff785b7064456f6e00ec5c65f25b7387ecd,1,1,0.003000
0x19d06209cf19f7ab6be79fdcbca8ed9f968bf211,1,1,200.000000
0x19d6533ef4ff84aad2a1c0c4ede0ffbe59190f45,1,1,13.130000
0x19dc641d01b8bf92f9ce1b30d827de89d0f07664,1,1,132.000031
0x19e2739c6ab74755d6808345f071f55520d04f24,1,1,33.720000
0x19f84286ce3f8cd386238adb521c9b3c3ea93e73,1,1,0.010000
0x1a14b645055dd0440443c3454febd35b4b1ed284,1,1,6.140000
0x1a1c17273f831297de14a2548fcf104e2207b779,1,1,589.610000
0x1a2424cd137476462a29c37e531233731a4bd72c,1,1,3.650000
0x1a24f566a5ca89a72f145389f3a15ba37c1dc264,1,1,0.100000
0x1a2e323c74e957ec4b12269798d3c94f41d920ed,1,1,57.620000
0x1a3e17fe4411fe3f6bfa8d7108c66b58c2ea0295,1,1,581.930000
0x1a3f315a272fb514bb473053c9ba658af09f8b83,1,1,0.477097
0x1a509531f2db524ac47ea70fc12185a77ed87a94,1,1,0.100000
0x1a6ca74f3b76f9608bb1ae831e445733e87cfe8d,1,1,44.670000
0x1a73e9cb0b440d8c43aa022fad512913e3546f3d,1,1,0.010000
0x1a7a17cbddeca417ebbe766ef0919288cd11ba66,1,1,0.010000
0x1a930d4f27d7b91abc2036c3ce0470eebc7aa3bd,1,1,10.000000
0x1aad04e936a02e200f0189ec577a5fbaead6bb18,1,1,1000.000000
0x1ac3dbddba1d7e0f14b5ff604b54cbf46f1c6df9,1,1,0.100000
0x1adcb2d195413dcab518a1b2cb354942e3a0dab4,1,1,115.320000
0x1ae15675b37daaa29fbb5c38f17d464c74da3477,1,1,0.000010
0x1ae28ce3bea0297d95cb2eab304c5b789e2ca441,1,1,77.180000
0x1ae3abb1a3646d54aeda1d6e6f7f65ada0c62b6b,1,1,35.870000
0x1af7c950e85468b65e6f86ed2e44ce37c64e258a,1,1,0.010000
0x1b0634a6289c642f2ade2f54742ed5e6e8a7c88b,1,1,11.600000
0x1b23a7c5aef3082c02308880d2f12c54d74f4128,1,1,198.800000
0x1b2a37dacf07eb9cc83b9d90139ae53921092f6b,1,1,0.100000
0x1b2be1359ff60675c1afffced027ac2d285092cc,1,1,0.100000
0x1b35ab6e142da1537043cc5044e7fe8e70dbdcc6,1,1,0.100000
0x1b83c55fe04ea13f7e00e0e9030a114220cd5cb9,1,1,22.130000
0x1b9940ca06b71e0428e124ce8742f744ca552bbe,1,1,0.010000
0x1b996245ca04f9cb245ccf242eba1617609670cd,1,1,25.470000
0x1b9cbbafa647f11163d18a04a3035a56230d29e9,1,1,20.000000
0x1bc46456a499423fad621422aca33ddee0116147,1,1,22.150000
0x1bc7b085afec872e616d032a8830598cfe2639bb,1,1,0.010000
0x1be059b74e2b23444d0e65c04445ddfdca661b6e,1,1,65.000000
0x1be31a04c9b5b4272b8270f6ee735be5f08cdd3b,1,1,21.720000
0x1be8795b57194a3f420f091dfdab06704f0e2f34,1,1,115.560000
0x1bf249a8872b052229e1b6c59e0e509426713063,1,1,0.010000
0x1c0c2e561b1405fe6f97ae24095368ccecd090d3,1,1,2.960000
0x1c17cbc8aee307ff6a3c799326d3f3fc65ba7a24,1,1,0.010000
0x1c18d6fe33b169ebab74ef935297c375e5cf4b7f,1,1,0.010000
0x1c2bfc6d54a05a0004b79b97a83b09d5f9c61b78,1,1,12.890000
0x1c33ca02052c172b97a1bdbe071160a40e56dc9b,1,1,0.100000
0x1c470d9040116a2bf3f4a2887e2217a15c30fe2b,1,1,0.100000
0x1c4e8186ed4a1c5a7d905c64594bcf4ec51c88f4,1,1,101.000000
0x1c4f5a0738f893df6591ba3663c6a336a9ce748b,1,1,44.930000
0x1c6226764983170c41534ea61d0aa07f035dffca,1,1,0.010000
0x1c680173f1b5dce4ff5dea530da1457ccbe92e23,1,1,0.010000
0x1c830235cce2697c3a1af9d04b20b7eb642cbfa8,1,1,252.360000
0x1c832cb9247f65ca362a3c4ca13671a2e1cb7b10,1,1,35.008449
0x1c84c155af17d71589e09f7f921305e67162023a,1,1,100.000000
0x1c86c0f8c9b1d03d1dd1bc2492661309d12eca5f,1,1,0.100000
0x1c99cfc4b5aabba5f4e52d4289d485081155b9ec,1,1,22.570000
0x1c9c0c0df619b11fe582d864a5eacdb880f4b0b4,1,1,568.840000
0x1cab3e6caa21335c41b4e21011327330ddaf8f3a,1,1,140.000132
0x1cb85c006833e07dfc20f3f7010a3dd5a6b9e829,1,1,0.100000
0x1cb93ac2d59a7c1f6de95932c54fdd80a0982187,1,1,56.850000
0x1cc67ff3b5969e7d5fdf9d12fd70e0baca00ecc1,1,1,0.100000
0x1cf120759186330a8f8344cc29dbdae9bc3443b6,1,1,0.020000
0x1cf1a33feb5747fa08a905056a31e9eeee5c674e,1,1,0.406461
0x1d1173c1465c9a01f6afa38b36cc1125cc55c71a,1,1,0.050000
0x1d213a8285e859933747467f4e661075dcdba109,1,1,0.004000
0x1d28dd92de64ea2af91e11b8a83c59713220362c,1,1,0.100000
0x1d2e6498377a3e2129a91758c19dfbb67efc9edc,1,1,57.240000
0x1d302670c194711371fca0b224bff17c9001b0e0,1,1,1020.000000
0x1d34953c284274be4d596bac1ffa1232f45b1135,1,1,32.711599
0x1d476ccb2c22e4cc9ed718e000aa4b81239d7d38,1,1,0.010000
0x1d4d69dbefccdea001a9551e50519a6d0257f2f3,1,1,0.100000
0x1d5145cbd55b05bed7ef583111d25e9a8991ee84,1,1,0.055361
0x1d571b8454639540082479989ba9014cc674f48b,1,1,0.100000
0x1d5753389f14d999b111b78efcd15725ac9541bc,1,1,100.000000
0x1d5ccd077aa811e87cba17dc2c7d128a84abe148,1,1,0.100000
0x1d63b71cefe4ada0c4195030b4ce33def4e06e21,1,1,202.050000
0x1d75e0c38297820a721fc6b26d5a19e636003a34,1,1,0.010000
0x1d76f97c41e317b5a4d938e2e1b5ee3c2e39e609,1,1,0.003000
0x1d7c1ce841ddbbedc5edf8c7adc445ebe2e9d0dc,1,1,44.550000
0x1d7eec01596ef0ee616e5cf074b86cc33576e744,1,1,0.010000
0x1d9872746838b0070e77d3ff6cbe6c7ffff643d5,1,1,0.005000
0x1d9d2bcbfead3dbad808658da19feaf47c0bd0c3,1,1,46.880000
0x1d9f59f7761aa87f1b2f7598988f5136425cde60,1,1,0.005000
0x1dace1c45eb6aec9976b1cb0749d821f375e9562,1,1,20.200000
0x1db64655f63828570df3c060c0f5e28cf3024ec2,1,1,1144.000000
0x1dbcaf404c4ed18f2c205fcb816f9585ed620abc,1,1,0.100000
0x1dc5cc10b4387c273eac00a435b80fe988084b0c,1,1,0.010000
0x1dcd54f88e8569a8b20713629b30e42a82c4db4a,1,1,0.100000
0x1ddca493596139c122509d5e4729108996b6cd4a,1,1,26.660000
0x1de93bde9efd7b09b206651c993747a31c58f579,1,1,0.010000
0x1dedb3451508454a924604b17f3fb25f181f3055,1,1,0.010000
0x1defcdc28159520addbdd98c1f8af2e88b299a22,1,1,45.280000
0x1dfd33901d08d7fbef675f6d02818169d1f30d7f,1,1,2.200000
0x1dfe211397ddd7737e0a2a2376b17dc51ccf0054,1,1,0.010000
0x1e015809f0dcfb51ac0a7ed65f5f4bc0d24439c6,1,1,0.100000
0x1e1143f997dd1820c1e69bf510f2566843966df4,1,1,113.030000
0x1e337933b7251c2a99e53626665053f312db92b3,1,1,3.241421
0x1e36322292725f408e2a5b9a4610a8ce48dd45aa,1,1,0.004000
0x1e3c969405649f9a9f89929b0139c14924a34709,1,1,289.870000
0x1e51747612373d38604dc7728d1b131d90d1e314,1,1,21.000000
0x1e525b43db3c6e284216d1303df179d196771d38,1,1,3.000000
0x1e55d53a5336a29fbd5ab7ac7624c48968e8d900,1,1,237.542981
0x1e58cb8eda01395f95f3fccf67e0566d516b85d5,1,1,156.930000
0x1e5f3ad01235f40c2d41c4b0d03b9b05c3b39f2e,1,1,232.250000
0x1e67fcc806efe735f29366eebe25e6387d979ed5,1,1,0.100000
0x1e68670d8e5ca7949427d48ee175ebfd0763ee3a,1,1,0.010000
0x1e6a08c084c9d2b4447519650d65941c2b490a1d,1,1,0.100000
0x1e6e32c022d42353e5217197a584245149f6f5df,1,1,58.800000
0x1e6f052c822c05888c23a2c1deaeb863faeb30e7,1,1,0.100000
0x1e72c274ce052582e1b39e22dda3eda1ec0e6792,1,1,0.010000
0x1e7582dab48a04b326704710d5e2d8e99c4a52c6,1,1,5.000000
0x1e89eb79a776b83192842852eda8fc27985f62e9,1,1,500.024921
0x1e998dc3ba1a27340f4f4e2299bde464e84f2982,1,1,23.580000
0x1ea335099278f7283773e4fd4081aeec37422792,1,1,0.010000
0x1ea8c415186fefffaac3c78e505582796cb2b14d,1,1,0.010000
0x1ebf34ad93a525416e78981c0c92a4f40b4b6876,1,1,0.001000
0x1ee22c8cb8e42b39d2ec9c86e8eb93b072d54afa,1,1,116.440000
0x1ef50d8870d78f135b5cf2ef60a86d3039f1fc46,1,1,0.100000
0x1f10541220f93ef92401602ac03b88afa131b15d,1,1,0.010000
0x1f12e85f9fd8564065f579632b9b582b1db2f53a,1,1,0.000010
0x1f15980bbb07b47937f47a1dfb05133eba6ff53a,1,1,1.000000
0x1f1bbecf8405f9ee2291b05ada4a271621fa83be,1,1,0.010000
0x1f2aac2efb02aab1f19bb28c8c0c558266e23943,1,1,102.570000
0x1f323ffe088ece80328275becc6b2d2c80247df1,1,1,26.370000
0x1f3ae6e6f9b1a73f70d0c7984d2e0cdf9480cee1,1,1,0.005000
0x1f419c916c3cd8893b8413a85e5e78f6b7b9d1d0,1,1,0.003000
0x1f5e84f3c94b667730c51fc2a8802b1c6cc0d44d,1,1,0.100000
0x1f646a77bef3ccfda5075d794c691fd865f58ecf,1,1,83.640000
0x1f6df323a4f4f42a0128f371d57f4117538ed22a,1,1,407.000000
0x1f7015cc59dd9bb58f2b8133c76eba876fb1748c,1,1,23.000000
0x1f76c9693522733ce61ceb5f7a480187d7d88d0d,1,1,26.000000
0x1f9871c48dcbeee5bfada8289f475529126b6b2e,1,1,510.180000
0x1fa2622eeaf605a128058101693570c9617d93d1,1,1,582.120000
0x1fabf362037fa1a3b05c4d17d0da1e4f2bf65a24,1,1,725.000000
0x1fade4fc1f7059ce1a0c7d4a7507bcaea51623d0,1,1,58.711201
0x1fb6079d39ef849030327c3b1444199269f2439e,1,1,0.100000
0x1fcaa71ccc56dc560b8e72c9face3db69c351029,1,1,0.001000
0x1fd44de40224cddc9c717f15296d25f2be168453,1,1,0.650000
0x1fd588fcd891d5847063579395c49543df132b8a,1,1,20.410000
0x1ff2452a55ab9e53100b3a1b6ecdc7148c751e9b,1,1,0.100000
0x1ff9504bd3854c5196ceaae92c98f3c0486c2234,1,1,23.110000
0x200298b2ca8894cdfa974baf899661b61e41858f,1,1,0.100000
0x2007dcdc7308f786d7fc94da36ea7fe50444355e,1,1,31.980000
0x2033d5321470d76b85824ee7fcb649a11ce7cb1a,1,1,10.470000
0x203d470f04573e828630503b3977238d0910d7b3,1,1,0.100000
0x2059bc5ff5bb83066b80485043a7df7d05b386f6,1,1,0.100000
0x20730540a749daa80efccb470a2ae4cffa508717,1,1,5.028582
0x207d71d9baccb2605b33ffa163554a55fcf16820,1,1,0.100000
0x2081c2d9eac499cbba6502d665b84119dd0075ec,1,1,10.000000
0x208ac712b53e822432fb17e84a5d6cf81d3de10f,1,1,347.180000
0x2092477f4645b315c701a355500dbb313b7b9e4d,1,1,56.230000
0x209f067a9312cab10796eb468bb6a5f2ef7940c9,1,1,0.010000
0x20a59a5c90f9ff926ff74315609c16ae7fd09253,1,1,0.100000
0x20d3734d30131cafe25114088b9c852a033add45,1,1,200.000000
0x20d78d97dd3091c05ad9c31aa2f6dc3c1aae98e2,1,1,0.005000
0x20e468fd985e119b7b303f42654b8f3313e330d7,1,1,227.490000
0x20e63b0973e10e10967b299715f1580ce866f018,1,1,115.320000
0x20f444e714b1db28b8b7673e7d2abd9039b667a2,1,1,43.860000
0x20f6ee51340adeed01a59b0e65cb3703f3dc860c,1,1,30.017133
0x20fae895983440980fe526add62e488d0259004d,1,1,0.100000
0x21106c56b9bf88f932fb6d3267c3295db6685c0c,1,1,137.710000
0x2113a1506b4209f15b008fbab43cadf2b09b3005,1,1,100.000000
0x211651255f3712e7aebf8d59c7f4c46acf847c2e,1,1,0.010000
0x211f0469d2f6bf0ed6c92af56962a32edbb6348c,1,1,341.290000
0x2122674ac57e1551ef28e3b2b7981ef05c4116c2,1,1,23.520000
0x212889aad60b29f9ab905f6bf2ca7ac2676b91a3,1,1,22.140000
0x2134cea04d6a6ad48c17114b4d4d35065bdc5914,1,1,5.580000
0x213907134f2b519bb3e7c1e31110d2a72d509c06,1,1,66.490000
0x21539b11464bba5abaece075e4211d88ddd5a8fd,1,1,70.660000
0x21555770ac0c41e9030fa3dbbbc7a4104a9b9d3d,1,1,157.870000
0x21568991ecf8dfa0e4f45c4f206761f2cbf98ba2,1,1,0.005000
0x2161dca1b9627471c3097e8b0faa3a1ba5a4bf21,1,1,510.100000
0x216b64cbe504e8567212afe8c32663f2a60b2761,1,1,112.310000
0x21708c5c2ae2613551f45bfa60267411e98cbae6,1,1,3.800000
0x21770c9e4dcbde8d9daea662bbb647e8e635edcb,1,1,22.900000
0x218346691937884c03af0eb88e89143b76c32ae3,1,1,1.000000
0x218c82b87f153e559a77adba0e9d059bb678f369,1,1,0.100000
0x21907231392a99858fdb2cff403f8f143aa081d5,1,1,113.830000
0x21a4e6bd3d51a12a0c143e86f0d035a5be4797cf,1,1,0.010000
0x21b8efff47ed614dfb17bec954e9439e85b38c57,1,1,11.680000
0x21c0720d1b087b79d7ad0ecbae6cbade1b642e5f,1,1,5.540000
0x21c0add287c942920fa972b916feba4be1acb943,1,1,120.000000
0x21d2c9f42876264db0e0017977bdf4f9a07ba6c0,1,1,582.000000
0x21d6aae4e20e6cf69602dc31eba8ff304fe2568f,1,1,0.100000
0x21d987d35f123815d69924a2543590edc59de5d6,1,1,0.010000
0x21e747902162d0f7d0215975a2c98c8afdc9bfb6,1,1,0.100000
0x21e7597d2d09eb16ad2d4c0c162605b63e83c20b,1,1,120.000000
0x21ecade21ebbc7c3125f80580856fd84400b1fc7,1,1,2.860000
0x21f0fe0a5d6d4ae47b06eb634418792dccc06b44,1,1,21.580000
0x22087e9310c411f75cc27f7923e7053e02e0d3c5,1,1,35.600000
0x2211d1d0020daea8039e46cf1367962070d77da9,1,1,0.010000
0x221a20d2182dd77fdc536d6c3b078753f5a0c8c1,1,1,0.100000
0x221d9a0714b13d01637362bf051b926b7205f7a2,1,1,164.010000
0x222b204d4ea7498f5e181134ec74e2123df51487,1,1,100.000000
0x222e858b2a8504a2dd97896d15a9e378f394218e,1,1,0.010000
0x2246805675f71f4d8c7ab841e8ef85a504e03eaa,1,1,0.100000
0x224b255b102c71c078265b39e3ce2c3eaefb7ef3,1,1,0.100000
0x225a8e3830cc32d4bf50319cc4401608db316d93,1,1,0.010000
0x227552bb2a3da6ed50b69bcf9a45ae5b707cadb1,1,1,0.002000
0x227dcaaacda62ba4df618103f6d76b6861d65dec,1,1,0.500000
0x22834f7909b767a3745c6550f240513621251b7d,1,1,0.010000
0x22887ea47a052922930804818388623c89aea805,1,1,17.340000
0x2291c7e2dcdff0f79aefd007f111d0a37eaad6ca,1,1,15.150000
0x2292c27f72d0a457c8c274fe4fdd225a1b08ff81,1,1,1381.140000
0x22a5d1cc4615d304f26d2788ed561ca1ec6431a8,1,1,2.000000
0x22a9a93ee318f9ff8c2ac1bc23bb47ae342ac514,1,1,115.320000
0x22b245a76ec29dbc04f42aae9f7da631cb3e7df4,1,1,0.100000
0x22b69042747604b59821ce0d038c997ee4f468a8,1,1,56.880000
0x22bf3682366a00b50760b46fdd4c0c0d419ab8bf,1,1,0.020000
0x22c338ca2f4929fa147a4cdf4ec62ce97c5be701,1,1,5.540000
0x22c71beb767203dda5e9c8da221f1d570316f236,1,1,0.010000
0x22cdf8416fcc64d490ec5d385f4db3970dfb785e,1,1,0.050000
0x22e2973225b9f56b06ac899d0d6c7c01673c8c8d,1,1,0.100000
0x22fa92d80d622c1aba520b621b60d446d495acb1,1,1,12.990000
0x23005a1216676b91fdb43dc59c6c1c9d141ddaeb,1,1,72.830000
0x230b6779873c287c6b93acdfe34461ecc5f82e1c,1,1,114.150000
0x2313983928a44bf0d06dcb070d2f4a978b0cf420,1,1,0.010000
0x231fb7056c84b5747cd6dd340563dfbeb9f3b0e2,1,1,115.550000
0x232d86b024a683b015a4ff5fae2210ae2cf9d010,1,1,0.100000
0x23403062894a6cbabb994472c1d3625dfa03391b,1,1,70.000000
0x2346a186e66e3c9ad309257536cc1acb52939b48,1,1,0.100000
0x234ef3da9b32ac29ab956831ecba28bf76a37867,1,1,271.650000
0x2352d6114f7b1d331068c491796d075067720c71,1,1,5.470000
0x2353976a18792fb49de4f145e341a48cb44d22a8,1,1,0.100000
0x235d62aeebf8e63baae6491bd30a445a95b23435,1,1,0.100000
0x236781a9e45ca3819a7febce2f776ea2c4c2407f,1,1,5.790000
0x236919f11ff9ea9550a4287696c2fc9e18e6e890,1,1,10.001517
0x23729693fb64c50be1391d7f43a40e51bfd4d1d3,1,1,6.320000
0x237a8eee8f6a7e852b6f51e3fd87ee10adac3941,1,1,0.100000
0x237d744650f7add914f342bab01078b0fc3ea6d0,1,1,0.010000
0x2388b7a438b703c0a25281a745fa5c5d572ebd75,1,1,5.000000
0x238b5b976b78d158dc06abb5b903f7cd084dee22,1,1,0.050000
0x2399af004fe2625c193cce7c97d765a1bb55ea7e,1,1,0.010000
0x23ab1f65a54caf87825283bbd029aaea968a4622,1,1,10.880000
0x23b1621f7637543f818803813512c620993ebc10,1,1,109.200000
0x23b7f8b57aed71c1c6dbc005346beafe9f243f65,1,1,0.010000
0x23d6efa97634e7e18617d7e15214c294c88b8a11,1,1,0.280000
0x23d71d0df44a1a2484977a8e0609272743523a02,1,1,0.010000
0x23e048bcc7d637618a2f77020f69fa8842aaf3e5,1,1,0.100000
0x23e08e7dbb72fc8fc65649a3bbe94d2e8a5e0b7e,1,1,10.779210
0x23fe0d830dd10d37e2befe42cf79a7424a1e0d4f,1,1,0.005000
0x24040d541f1475a9c11bad889a8d181a5e275b93,1,1,360.330000
0x24100b93414204c9da0a71e10514db238519af58,1,1,17.060000
0x2410b3951d7c006edbea380a92375b0a4957b097,1,1,0.010000
0x2440a272f2129e50c1e8a47d30e23055f0901999,1,1,0.010000
0x244f0017cf164409f1f6247eaeb2ede0f01cb40e,1,1,0.005000
0x246a8721d6034d124ca4f8905854d12a6011db3d,1,1,0.010000
0x247ae35d4be787239cd151c6cdfa7bf96cf84d35,1,1,2894.000000
0x2496383725efe3feccbd904d0a052910579ff21c,1,1,0.100000
0x24a384c8a3e6de27440648bf1261d90ab581045f,1,1,40.000000
0x24aee57bee69d076fedec0f6396dcc011d2daeb4,1,1,3.106750
0x24b6ddf8c452ebdf7843d6a3adb5e1819ff3b0ea,1,1,2610.000000
0x24b9af668e03f1e304b8121e34b77866aecdce15,1,1,176.680000
0x24cc52da54197eee44624cad75ee764105d07d39,1,1,30.300000
0x24d3174887de8c41ce716bc8f90c8d1043a40398,1,1,0.010000
0x24dbc717201f8843ba100be5fef1980d9370c719,1,1,1.000000
0x24e23d18c94b7b51ace6af790b5d0e2bf88e167d,1,1,0.010000
0x24edaf7474f06a053c35300c1e69c8158ab4eb04,1,1,33.345952
0x24f96bc581c93cb2bc09636eecb3b82afa3a6d56,1,1,0.005000
0x24f9a3067dcd6692d0f4c57c3ce6934eb12dfe43,1,1,0.100000
0x2512f8f36116716afabc775a5384eed914a73986,1,1,500.000000
0x252a415a279b92ce084949ceb79c058c324bb9e5,1,1,179.148639
0x25329b0f2bb69a6a5ab27d93fc376618ea270d12,1,1,320.480000
0x253610d007526676b37b16a0d6fa42410d280c63,1,1,0.100000
0x253c028e79385fdfd07d573134c96deb824f4ae7,1,1,0.001000
0x255326c4942ab111a797bc313a6579d7376ef359,1,1,0.010000
0x2554e1443eaa69efdaba7a55bc2f3b73f0c91f96,1,1,141.960000
0x2559f18339fb03503534d039e63e7489ea13d5ee,1,1,45.180000
0x25739b767586c2dac6e411e5392e59755a98cd26,1,1,17.910000
0x258d8a45e9252da89bb8a8f970f5f1e4a9210e92,1,1,0.225000
0x258f83547d6aaf93da898117e5211e9e0551a6fa,1,1,54.100000
0x25977371c46114cc127d567830360598d9d58d9b,1,1,0.010000
0x2597a4f9cc43e3d0a6b98f6fdd5fd2a774200dac,1,1,0.100000
0x2599fc0f3c56f63925cd7b8714b694180c56dec0,1,1,0.100000
0x259a72814068385f3e7d7e23a5fb70edbb8ba05e,1,1,7.550000
0x25a2c97beafb39a656e6db253b5058e984792590,1,1,0.100000
0x25b4b49d1da413d15eb8b7244d64978ba282caaa,1,1,58.650000
0x25b8c8a96317a23ff7e7308d29aa473e3cff8ab3,1,1,28.870000
0x25c12569aeb26a19cbcfb31a8b49d745e51fb3b5,1,1,11.830000
0x25c4ac4432bf9479e0e372d9c4e2eec22bc41b9b,1,1,0.100000
0x25c6fe3c41418d8a5b5c70d6e02f5fe61f2e144f,1,1,24.990000
0x25d7c491a40a14c02386bb5aa67a31695ac952b6,1,1,360.000910
0x25dc055293dc570f9bff3866affe96f211c44ca4,1,1,691.290000
0x25e468725a2a3eaebd9d5934c98ab72a91f7b4fc,1,1,50.000000
0x25e62141c0ca75daf7785f8d4895b7cc30f334ca,1,1,1559.700000
0x25e76bc1f97715e131532176bb3b5677833883c2,1,1,117.430000
0x25eebb5fd814803c175de48195f0769d99f0288a,1,1,0.100000
0x25ef8b1470bb12e6994f527c0c04d665c33127ab,1,1,0.100000
0x25f650a35d3a8004f757c80432f8f7effa4b3f03,1,1,0.001000
0x260c93ff1c3fe2e5aa75e817f116ee1213654321,1,1,16.000000
0x261a93a6985f09a60a66399e3b08ecb83583ddac,1,1,227.530000
0x261ca6715d07a0275a06ea8cfa74ee2e3cb845b2,1,1,0.100000
0x262169b02a853388388acf72c15619a1ea6ece94,1,1,0.100000
0x2628e47c0f9edc0ff556956cab180ab526455b89,1,1,0.100000
0x2641a267c4d7479f355e50ca71e36251c6b32e4a,1,1,0.003000
0x264adb0c27ce7ed781eb06cabbc4c0a0a1dae3cc,1,1,0.010000
0x2652fce20ebfc2e5c9159859246667eb89ba1c40,1,1,1.850000
0x2654b0205bb6a4fd8fad1440205517c713712f83,1,1,0.010000
0x26572ff23c6c52bfb1a69cb0c9114a8be443b422,1,1,1.000000
0x265876c2ffbd26dc2d4bace463aea2555abe1917,1,1,58.960000
0x2674492d7409b966635188f1c4180ed378d5f067,1,1,173.380000
0x26819c9c08a008d2c155cc5248945eb054b84c44,1,1,0.010000
0x26a5ec302e923322094d9b934852a2cf0a1be8fd,1,1,10.220000
0x26b33af51e8ff5c8f126d599de879c603f03856f,1,1,22.750000
0x26b59ac857a3495da3cbf7f6861c29dcbd1223d8,1,1,0.010000
0x26c627d3e5f413268f4cad91a3128d7f885dfeed,1,1,137.600000
0x26c7b9e37304d5ada1c23ff9bbacd1ed91d79c27,1,1,0.100000
0x26d2ca9c6c1c46cb65bb87a8562238ee3dfe067b,1,1,0.190000
0x26dd550d59a8f84ef05945f260e3b589b0d82a0d,1,1,10.400000
0x26e9ce94f1fef4f82a4c83e5e37e9aec6ba159c7,1,1,0.010000
0x2703e1d6c810614fb429c720bfed9624aa0678d1,1,1,0.100000
0x2706c3357f11b35d93b0f9d2f46f6c681cb2b469,1,1,0.100000
0x2723de219d62360cd02d9ed1a0455b9c44369c2a,1,1,0.100000
0x2727b808ae0b31b3fdf4241906ccad95dc4aaef5,1,1,44.900000
0x272a6d5dac10311e15905f028400dc7c573c2645,1,1,21.210000
0x272b266cfcf12e4e06ff82cc8df4faad3eb36b35,1,1,15.400000
0x2736a134c88aebd921908f0f534600d05f57b1a4,1,1,24.860000
0x2738cdf1b8c4e2654521126c9f1b62a895a69825,1,1,20.510000
0x27397002550e3934b4abae32d424709c18f0a17b,1,1,0.100000
0x2739e42a08bb1913d7c3fa51a4818a975af10d36,1,1,0.100000
0x273c450595a919729dc29e4be9efcc58fe2825fe,1,1,0.003000
0x274008b5d652003a2e98541e891e2a9826a51ce0,1,1,0.010000
0x274a8190a19f23d0e4e85bbe270cce1cd8ad1381,1,1,341.280000
0x274bc6b4cf3dac966b0aa4b6b8ca50c098a56b34,1,1,23.030000
0x274f8c57b79aeb90c1dd5d5bff1a9183398b9dc2,1,1,0.100000
0x2753626ea2d66102d8d7405beeae97ab2e4e0c5a,1,1,0.003000
0x27627ef574b0b69fc36afc83c25e9f4efc6c719a,1,1,0.100000
0x27630bf9bf542dee0a750ba873d17c61527b6d99,1,1,0.100000
0x2763f0c1679b1cd5e2bac56e458785daf86070df,1,1,1.010000
0x27667d6ea32e82dbfe2c6e068ca2008d72339695,1,1,0.002000
0x2774e86629e2259201be95b088be468083824273,1,1,0.100000
0x277baa7c7045e79777532c29d8f62ecbecdc195e,1,1,72.810000
0x277ccf8043a65b043a8235d675ffa485477ca27c,1,1,99.990000
0x2780c94ddc1a10f9876ab6bd7e50e919fedec594,1,1,25.000000
0x279066201d4140e3e282f3384c45860a3ab2fd82,1,1,100.000000
0x2795f6cf30191bc264b6cb2af62f4594ce0a631f,1,1,35.320000
0x27a2297cabb2d7f2ba0fba986fc004074cf530b8,1,1,0.100000
0x27a88c457b1bb70f2b085496217483c6085f71bb,1,1,0.100000
0x27b13443c8780f3a162874ba1d39d916c5493133,1,1,126.250000
0x27c5142e41a24a699aa06008ab1577c4638976c2,1,1,0.005000
0x27ca7be29505f247dfb4b5b8c61d1b2b50484815,1,1,0.100000
0x27d928abae873f9acccebd85f7189abace2dfad7,1,1,20.400000
0x27e1a92eea352728f81b9ca2ad05d3112cd15c49,1,1,20.510000
0x27e561953dbb61c90eeacbfd8cb65e3d5d6ac820,1,1,116.280000
0x27f03df74d6408073645932cb28dfd8c0161341e,1,1,0.100000
0x27f1d4ecc0c037ff74cc7d22b56baf12156672c7,1,1,0.100000
0x27fd695ac844eae27e8e922aab910025f6057e07,1,1,15.000000
0x27ff21f4fcd0f72def05f251eb2267ce80064702,1,1,11.050000
0x2804f7ecf2141c9e0ef8898b777a1db5a9a8a2cd,1,1,5.470000
0x28054db24fa5a26b75fee757f53d5367b7acb899,1,1,8.000000
0x280e35b9c26c8b4b35dba995defe91ab8ab6149f,1,1,0.100000
0x28191ac47d9a0b1f2ef81366651ec75463726b82,1,1,170.590000
0x281edba802f285e4f951a67b4ef58206e1f27212,1,1,0.100000
0x28211bc4ba5c634b935fd3b89b8ed4123c73248c,1,1,5.000000
0x2828152e59979251eb232590190b0fb9b7338463,1,1,0.010000
0x2837342e677f028b3f68531b983dc78cf2ef8147,1,1,11.720000
0x2845baf91792a185d825e56d8c43472a4c661374,1,1,0.010000
0x28528a723ffbcbcc82fd0597edc86a8ceb917091,1,1,1.000000
0x28671ce094174260f55d064216b13af2c7b30639,1,1,35.500000
0x28677fcf1b8abb1070bf4bc15d326e2b6dedef6f,1,1,0.100000
0x288c8d97fd9c4116090d536f43bab6bd9f3b0a95,1,1,80.000000
0x288eacf702257d96cb982a1b4301e9bd8b97f48b,1,1,0.010000
0x289a24720338fa43e2c2067ab9abb4fc6544ebbb,1,1,15.000030
0x289f39030eb8e085f455fa4e49603023f8440082,1,1,0.100000
0x28aa05d7bb73267d35ac034509c15f8e4d903a20,1,1,134.810000
0x28b23da6ffd8eab932933956f4836c91b2b55c78,1,1,0.100000
0x28c673342fd132ac3d7368e64eb27efe34070070,1,1,10.100000
0x28ce92a0d38e89b67bd19f1f72772f9f0f7f0727,1,1,5.570000
0x28e2498d977cbe9b2c8e2446edd573d1482db365,1,1,0.100000
0x28e690ecc7d1d6bf9bbf5af891a83dd14d3f8858,1,1,0.100000
0x28eb7bf66e1ba26888983dd03871d7171683f92f,1,1,229.340000
0x28ec42729b9d5aa35774137f96d77a64ac611ac3,1,1,0.010000
0x28f0bc23dfa27c7fe7f7b559587264af7b0a484b,1,1,0.010000
0x28f1931296eff076d6fbd009f235472c3e4076c0,1,1,0.010000
0x28f9054124b1c615a9b0be278292b313eb726c58,1,1,71.680000
0x28fe3eca44c5e440ab42359db5e4c2d3fab5b60b,1,1,0.010000
0x29131e09007b094fc242d47a64284f09452ad39d,1,1,0.100000
0x2914426ba6e9a864c315be174ef40dc962d79725,1,1,0.050000
0x2934b44a465a0e63eec9bb12d1c784a06742a920,1,1,173.370000
0x29351ef6dd39304b6d31a642a5fa441f2471fbc9,1,1,51.000000
0x29423e0f4e4159d2232f460946430af5150fd671,1,1,0.100000
0x294482cd4585bf81bcd25056c911cd91f1dae910,1,1,0.100000
0x2949a98a14d4c6d7e32540a75b4bb38c0341a013,1,1,0.004000
0x2959a7c1c1eb343f8836332b5c392e8cfb59d4e4,1,1,0.010000
0x2959b076d97a8c9134a5cff2d690b4ea5354f35b,1,1,18.940000
0x295a421e8016caf7d3b6db1abf3066d902b70995,1,1,0.003000
0x295c686a395751a594c4523b6c2d70e1df63e481,1,1,0.005000
0x2960f248bf8b841532b5dbd0c9a7c45d6d2876a0,1,1,0.100000
0x29667a6377ca0a46546f7d4f225f28df4977659a,1,1,0.010000
0x296a8a323e329ba4535a6ac228a688d36b47b43f,1,1,113.800000
0x2978967897d8ec720d3d39a3cfd425705f3f8873,1,1,2.727182
0x297afe6628561a446a0e68556a3c9e6c1c18cb77,1,1,200.000000
0x29842ca76e64057940777638183a2440afdf2e76,1,1,0.010000
0x2984bb4953cfce2cec957388be686d6c38779234,1,1,0.001000
0x298b4a41b6d85a6795e53c65438e7250bc778a98,1,1,70.910000
0x299649348b78bdbe61d0e9fe4d460569bbbdf06b,1,1,21.750000
0x29a9b046bd330e6f46f37b6d43dda022eb35ec90,1,1,0.010000
0x29a9f80a6f4571518b7495abd6771a8870cb049a,1,1,0.200000
0x29ab46dd18987eb57f8c29b5fa1035fd7cd0c268,1,1,0.010000
0x29cd9f89dde76a1381b6895e650c206d95c790f3,1,1,0.100000
0x29d2de600c1667565edc28b58df689420e25ef72,1,1,0.010000
0x29d539202acef1b56918527924dbef267749ccb0,1,1,35.430000
0x29d6715e36a8efd2e80f55c425b82b9bef115457,1,1,5.000000
0x29ee7996ada9a06e974996ba4d29441a90bd7183,1,1,0.100000
0x29ff863207bf7ebc2764e74014bcbcb74edefc06,1,1,512.500000
0x2a0afda6ea7f4d5b8e6f305c0a2ef4faeb256be4,1,1,0.010000
0x2a11e7439fce3a1e91881f152071a375fdc78e1a,1,1,0.010000
0x2a122dc820b7b4fa76d3270f34df184f99642287,1,1,0.120000
0x2a1ae558b2c7bb1695a39632d59abac208c544b7,1,1,0.100000
0x2a1d50a9179e035b4b124903cea37cc5529e7cf9,1,1,26.740000
0x2a24794a8987b8dc84cdd33137ad4b54c7778b36,1,1,0.010000
0x2a30817099281a531b6b6778df0e894497c247b5,1,1,0.100000
0x2a36e30d0d54eb9d60bebbb9365ffefdb7ed4939,1,1,729.375259
0x2a52258225ba54f44a30b1f6bbb78321461deca6,1,1,0.100000
0x2a6327e5e2aacb7b273d51a0b11867d8be631e9d,1,1,22.662340
0x2a63bb679524a9256f0dd9693e8b37e50f3047aa,1,1,0.010000
0x2a6534c8748df939b5bb2b0e634369bc6b4ac9fe,1,1,0.100000
0x2a6ed0e55dc7cb9569e579a69550c7736212f890,1,1,20.000000
0x2a763b9241f8399554c691abdda30338cae73983,1,1,0.005000
0x2a7f7922429664259e00ca4ed8df24ff03d172c1,1,1,0.010000
0x2a848c55b3252c9dbce11898d7aa2c6cd6b4d7c5,1,1,0.003000
0x2a8dcff3ed6a46df77b977ac17c31cf4ea998bde,1,1,0.010000
0x2a91e22337c206046e6ebb160af320260e4770b0,1,1,132.460000
0x2a987d21c78e2d17e149c9fa532210080eda383d,1,1,173.010000
0x2a9ff0ca6e298a9e553b17a8bce61445681f66cd,1,1,0.010000
0x2aa16cda805e9aade3f364ffc2c502330ed730c6,1,1,463.040000
0x2ab618106c67d956ea4f0fabb56c8037f2761a8d,1,1,0.000150
0x2ab90bd1ffb8e75e5781d47f8f4ea1fe4c914cfc,1,1,57.740000
0x2abc064c9e90aba49380c60b6ca512d12d311a8d,1,1,0.000024
0x2aca2ac55c9ec93adba117c88b06a61ce4f945dd,1,1,532.780000
0x2af1733775ccb10f8f5f4d6e34d70bc90dd8dad5,1,1,19.130000
0x2af770b77c8e4f7844d8431c270cd01e746b360c,1,1,28.440000
0x2afcdf46e750dec800c84cbe22108f60680e1ec9,1,1,25.840000
0x2afe3a068f11c95492005ee29b2eb86b0ccb2832,1,1,0.100000
0x2b095054c30af7182269311ece745e780ecedc90,1,1,6.690000
0x2b0f5c45d3ca7221b8c12a7c09a4a3f599f5d4fb,1,1,0.001000
0x2b13d6edbbba7352a0693ec643b558c754beb5f1,1,1,5.000000
0x2b159ba0e827515126cb4c1680869b161f5aa3a0,1,1,0.001000
0x2b32495c9892ebe484d958daeab54a1f59c91dd7,1,1,0.100000
0x2b35697b77fed7091f1c499d2f09b06dbeaf8ca9,1,1,2.720000
0x2b4e01e0a0de06b9feabe703f067db81cb369037,1,1,0.000001
0x2b4e0d564a0380be919f9bb293585c1f408a9037,1,1,0.000001
0x2b4e10f996ba1da7dec870f558ca03b3c8fb9037,1,1,0.000001
0x2b4e128efa13d24c80a8a223569a05cec3349037,1,1,0.000001
0x2b4e13232333cb3744fdde277922833b30ff9037,1,1,0.000001
0x2b4e1738d9d5625323393191bc5e28dadede9037,1,1,0.000001
0x2b4e18f982310bf83f4478dc6567a9bb96d49037,1,1,0.000001
0x2b4e1b0ffd82685e1f15512a6cdf06e770109037,1,1,0.000001
0x2b4e23f0a1e36586955083d7dd878ed5dd769037,1,1,0.000001
0x2b4e294da4004b3038782f7a463f0f5145319037,1,1,0.000001
0x2b4e2e1eaa213d200b3ef3d87810ec4652fc9037,1,1,0.000001
0x2b4e30ced38e427f2a19fea6881bccc2e3c99037,1,1,0.000001
0x2b4e3540943765f211bec1c70df36bde56539037,1,1,0.000001
0x2b4e3e058e47b3d556154aab7d35b670b0789037,1,1,0.000001
0x2b4e43a6f0c8c8f273049eb593ecddbf52ea9037,1,1,0.000001
0x2b4e47c104b9fe60ee8fc6fcc52ee5231a259037,1,1,0.000001
0x2b4e4837b6a49310c20426ba3ed9a3e192099037,1,1,0.000001
0x2b4e483cd99d6e75bcf066c60c67bcb2f53c9037,1,1,0.000001
0x2b4e497f9dfe032f35bcd15d1fac1397c2239037,1,1,0.000001
0x2b4e5a15b0c4e5ba66a996f3a8923b87df889037,1,1,0.000001
0x2b4e642f129e1ae17e0e5a19df7553afc0d89037,1,1,0.000001
0x2b4e6b6dce20e952ca4665f8a42efbc761419037,1,1,0.000001
0x2b4e7b739a1c405aae55a25ef495c9dc57049037,1,1,0.000001
0x2b4e7f928dca4be583687ebcbbc0e56a76be9037,1,1,0.000001
0x2b4e827901c9bdf0fc2e96abf4518a61f8669037,1,1,0.000001
0x2b4e85f67c0a6413170777a79df20ba0fab09037,1,1,0.000001
0x2b4e893465ec7ee14a626c59673bead518ee9037,1,1,0.000001
0x2b4e8c64cb4789808737e672fc61eef8b8889037,1,1,0.000001
0x2b4e8d1081cb94e6b62bf342d7f2f85945379037,1,1,0.000001
0x2b4e9007270210893a1b7bfe4986be7f35309037,1,1,0.000001
0x2b4ea32f244de4cab6b263e2f60329c93df79037,1,1,0.000001
0x2b4ea4d4cf3e9542528cd5b57ba7b977e5549037,1,1,0.000001
0x2b4eab30d47b072c1f8a038f91d17a045aa79037,1,1,0.000001
0x2b4eb46f939462bf01e8d8fb945c5efc4a399037,1,1,0.000001
0x2b4eb9dcde389d0f6225ef4aa878aa9300129037,1,1,0.000001
0x2b4ebc2a3985dec8c29b05e6cc6d07e05b559037,1,1,0.000001
0x2b4ec46b716e8df69c5a1e9f9c65086f81859037,1,1,0.000001
0x2b4ed1dadcba3e797b426e519f9b77b666309037,1,1,0.000001
0x2b4ed694c8d8e7fc4a961f69e55353b0ff619037,1,1,0.000001
0x2b4eda6690064aca93a965243b45acddeac99037,1,1,0.000001
0x2b4edc4be398cba8823695f159ecb334ac5b9037,1,1,0.000001
0x2b4ee65d42b2651608be2c0d40b685a30b8e9037,1,1,0.000001
0x2b4eeac157b2b68be282e912afb8de80a0f29037,1,1,0.000001
0x2b4eed0076ae6067c6f33d59a0b37081b4cf9037,1,1,0.000001
0x2b4eefcf0bf30eb8734306ac50e5daef46dd9037,1,1,0.000001
0x2b4ef94bcaec074d2001bfbd0e1b0b4029c59037,1,1,0.000001
0x2b4efdce8084fb8abbc5a346d8ca3b73eb849037,1,1,0.000001
0x2b5586ca1e28b6310ada60d03cd432493bea2c49,1,1,0.001000
0x2b62cd9d074b6c13473a848f9438d7a22031a7a0,1,1,0.100000
0x2b65957a2b0931da84dccbe566704a69e3145a1b,1,1,0.100000
0x2b6633cfc5cd2fdd0bcb7f078fb8196e9ea7c60f,1,1,16.660000
0x2b8478f477f4812c939b3ea957179dec93887ff9,1,1,0.001000
0x2b995918d06b92ac7766d1e5d3519533015a41a4,1,1,0.000150
0x2b9e20c3f046c5c2d39f77f7e25ce471a60841a4,1,1,0.000023
0x2baecf1bb6c1ca2cf1cde5113876eaa85efd35d2,1,1,0.010000
0x2bc032df4c5002f92f66beccfb0adf04b2688fdb,1,1,5.590000
0x2bcb5313f899bf467f945d8a8d31e2f3e0926dc2,1,1,0.010000
0x2bcccbe64f2d6d9bdf1ed33e6a2b7d27fe2155e6,1,1,0.010000
0x2bcfe0d353a3dae9b94d8f601e0f9b3eec71e3c7,1,1,113.951093
0x2bdca558ce6bc64b3e630c5f9f89727f8f74160c,1,1,0.000010
0x2bdcefefd97ea83449e00189909f0759e5c6160c,1,1,0.100000
0x2bf2b5d17c88b793328e3bc4b01979772ec5075f,1,1,0.010000
0x2bf2f8e74cea9e6efb8024a59e94dc8913acf5b4,1,1,7.350000
0x2bf443c5804adc7611041b8dcdaa9247080dd2b9,1,1,0.010000
0x2bf8050f6a555df8376706a4adb4a9f0db8df594,1,1,9.690000
0x2c03d715407b2d7befdb58528ef78016825f80fb,1,1,0.100000
0x2c068006d790899b064a40b3933654d2350cf641,1,1,0.002700
0x2c077fe6d48cd2555deebae48494b8ec78a6c820,1,1,0.100000
0x2c09900e9b09316117816f8e3409df7ac8c585ed,1,1,28.129912
0x2c0cc5a2791459c0ae1d64c9bf852241143d3cb1,1,1,306.000000
0x2c13f277fa84fa2f33b29ca83b7965dadf7c0499,1,1,18.180000
0x2c1c8cea61a335295c40392f43c63b398a786e07,1,1,57.310000
0x2c20c7224b748dc8775a30b037a621e4b28357c2,1,1,100.000000
0x2c22d1d9da84fc83925b7702878986ddf0817e72,1,1,125.000000
0x2c348a5203a8633b820d227eb248afd8b803da43,1,1,57.420000
0x2c4b847d8f97f2b3d79c8b92212bdb3c025cf9e3,1,1,0.010000
0x2c5c861229a9a2860774a0acd4e533bc79c3ee52,1,1,0.010000
0x2c5d8467ed063653c19fe2d430f5ff695f979d9b,1,1,500.000000
0x2c640bbc0a1d19ef9e868f2ef9558582fedbb8c4,1,1,0.100000
0x2c6d5e41335b6f8f33fe263af5ef4b6e5c39bc98,1,1,0.225000
0x2c7134f32ff22e8c7ed5429d62edbe59fb8e4563,1,1,363.320000
0x2c7504ff29c27d7694b3c1df79aec4cc8af9202b,1,1,0.010000
0x2c7e3e5a42dbc90f1063592d5d5952706e80e2f3,1,1,0.100000
0x2c82e9500179c19afb7a833a32331293a4818efc,1,1,0.100000
0x2c90799981ce8d3885fa9bf5521d6515da03a997,1,1,0.100000
0x2c9c8d4aacb4517727e3c5420b5f4efcd1818aac,1,1,113.490000
0x2c9f045d71b1606a424b973221af317f58d52090,1,1,1.860000
0x2ca1f107d850feacfb1182565115d6d6c4bf4f9e,1,1,102.000000
0x2cada20248220d79aa2a827969f5e6a8d32a4cf2,1,1,100.000000
0x2cb8bb4f209a7bc9f6647dc6985130185aac4c16,1,1,505.000000
0x2cbae6fe26547b9ae3e9b09090c477160e138ae3,1,1,0.010000
0x2ccdeb9c43fc29298c841d82072d37cf426ea301,1,1,58.820000
0x2cf036a05b305822f128d6a3f62a4011c4e034bf,1,1,0.050000
0x2cff890f0378a11913b6129b2e97417a2c302680,1,1,18.322516
0x2d0a50b9706f32f982211fded2afd97814b1c9ab,1,1,0.100000
0x2d0e3d10219755156ddd5f3e471a863cffbb865a,1,1,0.100000
0x2d118b07f3c2a2ac56bb6d4e45a1d22dae3bbccf,1,1,5.777315
0x2d159f408faa7b9a4dcc5d243f8a0200e4a54e62,1,1,0.010000
0x2d184668e3b28eac639bc1ff51c33ff8e0c97dd2,1,1,0.100000
0x2d1d64923ef517d983465f84bfe7d6f78f850eb3,1,1,0.100000
0x2d38e7758d7b7b34c0904d23e292ba4c30d7b2ae,1,1,20.410000
0x2d3c37ba2b6517e1a88edbd408bb5de175f5ea9f,1,1,0.100000
0x2d43136ffbbbe0ed5cbaab2e8b2b8c968059114c,1,1,0.001000
0x2d508753d8621c6e64513b3c4cc019df18cfe209,1,1,0.010000
0x2d585c0acca989a76809cee16cf74bbd952d5c9b,1,1,4469.320000
0x2d587800c74113c90da3c3fbd2bf5e1e69a73f4a,1,1,149.200000
0x2d710612ac5e9b0c66e6bb05f79284364089d1b2,1,1,0.100000
0x2d99019ebc24fb43f2437d7a4c784af73498244e,1,1,0.100000
0x2da54e5ea4d6989da6217102e193486a0fe6b1c6,1,1,118.500000
0x2db302da6809c90bdcdb9d48855f2d2f9b7c702b,1,1,0.010000
0x2dba4568810f9197ed6c6b20f170f2aecb9b5b02,1,1,0.002500
0x2dbcd9b7bf96a2457d38a0b09c9f28da496caa8f,1,1,45.910000
0x2dd37a210ede96691516e15c96cc4a0f74141676,1,1,0.003000
0x2de1518804998af9462c078718c64c11e180b44a,1,1,69.920000
0x2de85f944cdc651444bdd0ee722813ace450e1b3,1,1,208.600000
0x2df2cf778915543de1bb01b5488c153ce0271251,1,1,114.720000
0x2df366fbd970f74815c1239042511667da71f201,1,1,0.100000
0x2df5bfee4dadaf15196917174c2df67304629ef0,1,1,41.060000
0x2df8bb75e15f1f8aa65336f5f9b7d71868668673,1,1,0.100000
0x2dff08b2169e463c5f118c728c57634c84bf370d,1,1,5.640000
0x2e071ae8e37f5a1fb544f362fc93e53f57c5f20d,1,1,0.100000
0x2e205da5e506820159ca7960536ba765789a7fc4,1,1,0.010000
0x2e25cf8916531584764722647dc7f479d7c0abdf,1,1,0.005000
0x2e2b3491aa2cc8b1860ed2ffd06b5742e0bf39ca,1,1,0.100000
0x2e47b8e29ebc24b608125d7e05c0ec978b988e59,1,1,45.920000
0x2e52f38491af9f30d3dd70f55f83b0f790e7237f,1,1,274.720000
0x2e591a17709d9f4539af9923c06c630863abf56d,1,1,18.000000
0x2e5a02e89de9574ca75540de5e1d14f73b5f8fb2,1,1,115.410000
0x2e5b83c3598986923903ff92e18a5d183b637334,1,1,0.010000
0x2e60bdc22314585bd1950db08317748a67ce3f18,1,1,0.010000
0x2e72e826ea43e7d7307ba1ae77ffab3051a384b8,1,1,0.100000
0x2e7a8ae96495df4230e1e7fbc584d3d48e1f5ee3,1,1,0.100000
0x2e801300073815ca5904ba494c2d58f8fc6bc6b3,1,1,470.680000
0x2eb4e1582dd90969f74dc8a6dd34d5e84f96a862,1,1,44.940000
0x2ecadb5e9abfef2693101e2f2f59f01ec17aac32,1,1,0.004000
0x2ee69519e6a25a8eea40aed17f0ecd937e3afd66,1,1,355.970000
0x2ef08c0016e740a0f09e7d93c0eaf9e2fe44c810,1,1,5.770000
0x2ef94477415628cc718cc2153f97bc44622dc144,1,1,0.100000
0x2f0ad0bc8588ed956a087402002eac0427a087f0,1,1,0.100000
0x2f3a0242de6efb52946e68030fb92d65e32e1f31,1,1,11.520000
0x2f419cabaf5fe290d3f4ff10a6c0942c7def5e4d,1,1,0.100000
0x2f6fed896d20f084d4006697a47694fd2d1e5f98,1,1,0.100000
0x2f7106669b2baa6e44e37a4c2639a6f6edcdabe8,1,1,576.000000
0x2f7b001a29881b4755153dccfbbc49c2b26850c9,1,1,0.010000
0x2f8d2fe80a3e1f98f3ce570fbc5f4310ba97cb25,1,1,0.100000
0x2f8d74ca5139b6a15c3cbd23ab624525e330bb62,1,1,0.100000
0x2f949365a16fda11c40eb4d68c4d2d2ee11ebde7,1,1,68.490000
0x2f9751fe98bf408df1444e60051376c69d3d222b,1,1,578.000000
0x2fbae09971377dc7729d76c78e5c3405977188c0,1,1,0.100000
0x2fd0eadc256eea0008c3e48e26b6440fc55488b1,1,1,35.300000
0x2fd62c841c23d26d3696293ce1d84bfe5c21b97f,1,1,1388.700000
0x2ffeb90e8e07a901e958260ce1a759cbcd69a4d3,1,1,0.010000
0x300718bc0c0e4f8bee4d3a1ddf84ff133848cce7,1,1,33.600000
0x300741dce398b320e297483b38a94cf4b9c9b0f3,1,1,70.000000
0x30081c23c089443971b965ce53115259bdf60877,1,1,0.100000
0x300ca1f7af4cc5643701338e68a258526ba44043,1,1,570.540000
0x3011424d9ddc727b0ca9547a73172b0be4bee946,1,1,10.480000
0x3011b95ae04968762186e6dee0bc1ff681cd797b,1,1,132.200000
0x3012cfa53b4fee8f8d86c760e5919fe91f8f95f8,1,1,0.100000
0x302096ef833dd30c8191f5df9be17031c6a1c836,1,1,10.977980
0x304414154d8459f803f1ba7a65e99a9c5cb1cdd8,1,1,0.100000
0x304496022b1159030bc59ace081f9efee969053b,1,1,0.010000
0x304bed0cdf523588489f25b5429e80ce489497a8,1,1,0.100000
0x305c3e355ed7bd33c74b652c8623d58dd844428d,1,1,0.100000
0x305e93bdc158bfd69eca73cf1ca5288a346ad6d3,1,1,0.010000
0x305ec5b427998d3892a1880eea9711eb65de3dbc,1,1,0.005000
0x305ffaef07caf927d540bbeedcb28377e89dc19c,1,1,13.520000
0x30732e824b78aa59586571b63a87d73d429ed45a,1,1,0.100000
0x3085a0631b96024a60f4416481a84643a945042b,1,1,0.100000
0x308a0c193f7ed3b445829f89b59dcc62d8309336,1,1,0.003000
0x308a7da78328db232a6b77097bf2315277c6dc72,1,1,27.710000
0x309abd1ea62ed2fc16d0e0a4c9bbcc7ea82421a1,1,1,269.150000
0x30a8d0c184e5b31b2c61400a40adbc376cbbcbf4,1,1,362.157689
0x30d30cef7aed3d27389608f066079c907bce0e43,1,1,50.030000
0x30e00151bf1a915430c608629518a9a338002311,1,1,0.004000
0x30ec67ede5d39509dcfe7e2fda9f00fee6041308,1,1,44.300000
0x30efbc8e3815762014c22b0947c5a416d3d4c6d7,1,1,0.010000
0x30fb0159b9dc24a357bd3ea43d8ad1eab723beed,1,1,19.290000
0x31014290012165dcb53fb2b5e1761cf66e53ffd0,1,1,0.010000
0x31054a520439d88f982e4ba79d63e5ea8742518d,1,1,3.080000
0x31093168889a49c3f524e5a873730383004dbc93,1,1,2.020000
0x31097f50dcc39ddb1a07bb5023ac9dcd43542f4e,1,1,33.300000
0x312231f23c78c19e824742e9bc74f0f820c24a40,1,1,0.050000
0x3122337a9743a476b3de1fcd522bc0cb673d8c26,1,1,0.001000
0x3123499d3d9147bb5fa89323d9f5c221e2b9ad62,1,1,35.356260
0x31349dc006b27cf1afdcf9885956785794314382,1,1,110.570000
0x3138bc6f634da1f0e4e8d9fce69098e83fc24c37,1,1,0.100000
0x313fd85ea232716d5093fdff8c0dd244d5da23e4,1,1,142.400000
0x3140a9fdfa93705d49083b29cbe7dd2a3abffb58,1,1,53.340687
0x314bce13332974cf9bbd15e0197bb8d86ae1be12,1,1,0.005000
0x3157de84771df7c6f9f44556d4c1008cf5225998,1,1,1.500000
0x3166782c670cbc7b9e92304e8222be07a5f5aa76,1,1,10.770000
0x316860ed994a97daa9338efdaa1505feec5adc5f,1,1,0.010000
0x316bd982200316520221fc0de6de862b34d391fd,1,1,22.180000
0x31771dece2807709327ddaebe435bfce96ffbc11,1,1,65.000000
0x3178996fb1e100251d3c3e3c58739a8c4fbc03af,1,1,0.100000
0x317e6fd3d7be3384dae7c8dcc851bcd889bca804,1,1,33.710000
0x31844fe6cfb1501d33644b32980bfc753a7d49a4,1,1,0.010000
0x319db6e4acb8d73608fc474ca01408d444968cf8,1,1,20.090000
0x319f87a28ea38b0efd9634b51e050caa77101904,1,1,34.520000
0x31ac67d023ac529f8be3c76784485b9d8771484c,1,1,3.380000
0x31bf75e4b49872de3195e3aab7d84e4100badd2f,1,1,0.100000
0x31cca7bbe2446fd2bdbd7aac3d7187d4c77379ab,1,1,40.334889
0x31cf791326007c61769a5615c8e697d2cf3132b4,1,1,0.100000
0x31d44a1e23d496e5e7dae69c1c368bc3b22870d9,1,1,0.010000
0x31eb4eb70b257afb3123b011b31b2f63accef0aa,1,1,35.600000
0x31f25a1b9caa17ca03d3b298ce4ce5b93a2a5617,1,1,0.100000
0x31fb559dac1bf3387a6bcdf07bf7d3c74213b337,1,1,20.000000
0x320b820a42c53aa61c9b6ce271235bc29c6bdfe6,1,1,0.100000
0x3211b60ac883e5738aedf1e3f1bb87fa31eb8ab4,1,1,3.790000
0x321761c1e8adcf1009566e3ad3838903d28c9588,1,1,13.490000
0x32208ee5933d082361bc0f477cee39a269b64d6c,1,1,19.000000
0x322f19c3911bba17d97b47ccb2ee2128ecf12e9f,1,1,0.005000
0x322f94fde66ca0be09a84dc55dd48d49cc5d8ab7,1,1,0.050000
0x322fe7b92b3930046832123745bb9b510a313818,1,1,0.100000
0x323b4c144289ed127d251fde689f98bbc6dc0493,1,1,1.850000
0x323d3114871e3e27017587647d26170663310e3b,1,1,0.100000
0x324ba3a23fa150453ca578f26b20f74417002ad0,1,1,0.100000
0x325b4b43274aa46e9ff87acd0f438d4d378ab532,1,1,0.100000
0x3268c9434d8603957420f04510ca0ff6097a5c64,1,1,0.050000
0x32823827a271f55658c59d6f6f41f5c38f505951,1,1,117.530000
0x328ccfc62913e34385b11a4ef46d471d3c91c4d8,1,1,6.810000
0x32a9d11ae438e53808b7a858867834e5c2f4251b,1,1,0.010000
0x32ac7d5c7655a0fbace18d96506978c630ec8613,1,1,0.550000
0x32ad9e3179fd07d7f63ed05e88a4ab2f3727520c,1,1,688.090000
0x32b7f6e23ebc50ed649b7b6cc840abe01350f122,1,1,115.090000
0x32beb8f29443b0dc2636cc285a41d90db2009e04,1,1,2.790000
0x32cd9073bd9c1fcc6191664cab7eb22801fb613b,1,1,58.960000
0x32d40ea03fdc80be31c4de4da2f7621f44399b21,1,1,0.010000
0x32d8b4916698bd5ea6040b910c334e81a795e91e,1,1,0.100000
0x32e761b3bf80032ec80fe09ac41b7d538bb8a7c5,1,1,0.100000
0x32ed7ae2ce2a5f5fde892c7e9750644e2205d7bc,1,1,46.290000
0x32ef897ca78b15129d08f4fbe415cfe67433b7eb,1,1,0.010000
0x32f2f5f6c7130e351659b8fabb1ebb72fd5c6dbe,1,1,0.100000
0x330104442b002c15815a78f640b1b9dc286d8207,1,1,117.730000
0x330b29d329c66b6183762d39c289926f2f847e6d,1,1,1438.450000
0x3317c87b3afe4fb5ef10b5ca7ce136def4d63aa2,1,1,2.050000
0x3324d9c790dfe3491de44519654e49404144246e,1,1,23.580000
0x33387f1ec8c4b03ef7f3c1a1e21f24e881643835,1,1,7.478150
0x3346e2b850bb2b3896da9e483ed35b39fd8f3bdf,1,1,0.100000
0x3348d490027cafbd9f41ea722de87e54b9d4f4c1,1,1,15.000000
0x33642fab07ea55756a18176c4eabfefa36827ff3,1,1,0.100000
0x336bae8b054e41dfc13f9c410ce1191b81952fc0,1,1,0.100000
0x3379ad1faa4a52bddd60ce61109d9837a831f14b,1,1,1.700000
0x337bc11119e4ea94c3b5e2c04d315c42f65bb022,1,1,0.001000
0x337e5fb8a554d6dc8f4e6517e8d899ecd4db445a,1,1,0.100000
0x338168b4912456a6dc0d681412f8fc740aa770ec,1,1,0.010000
0x338b92ec5b52a6497376f06e7223db127ecf9c75,1,1,0.010000
0x33a4ef7c804701de24bdd13ea44e39be6f90df4b,1,1,0.100000
0x33a4ef7f8398c6d5ef38019d6d9b07e6d227afe6,1,1,35.000000
0x33bb21f0f63d16dc5b4167270c7fed1c764f84de,1,1,0.100000
0x33c5251335113d32c6252b098982253edb146433,1,1,0.100000
0x33c5d3fab196ce3438e6662e05441fdeeed0e06b,1,1,0.100000
0x33d193a57b0bf414a581b43cb9793c13fd051d01,1,1,0.000025
0x33e69dc886c2d50f59dc64f9bfe81dcaf478973b,1,1,0.010000
0x33ecaafbdbbef3cd96f080b90e8f539fc008ce8b,1,1,0.100000
0x33f2205a2c304d8b4f4f36881d70e8677e290c63,1,1,18.024553
0x33fa67d0805332cb165b117f85a35b8fb3d26b02,1,1,0.100000
0x340106403e7489e0de42017a6ede2d7ba562cab6,1,1,0.010000
0x340398cdbaa947463129425568dda98fbf1a9875,1,1,0.100000
0x3406f7af02775afd36d5319f91a30cc0c95e6380,1,1,15.000000
0x341286b5b47823e3f66f0a9ff2cd28ec7a6a3eb9,1,1,291.140000
0x341cca84dcbdfed25de5688df824ebe2fe980b97,1,1,505.000000
0x342add25f776ee60cc761133b40a0d2b7ac44914,1,1,0.010000
0x342b110d6d626faca23c8ad7bc6cdbab36a4cd6a,1,1,0.100000
0x342f362ba9761766943b0bac6a7becb34eab0346,1,1,10.960000
0x343bf2fb397af24e1c98ce415265af96a2e3779a,1,1,0.010000
0x343d7195e0294562c7897cb209d734c110af59f1,1,1,0.010000
0x3442c756c4a4c6b0a548cc4ebd740a352c2cc779,1,1,60.000000
0x3461d185b5c14dfbb6d5468638ba270480d8b704,1,1,113.239009
0x3465876eb3bb580f9fb50225a5e4d414e03f1997,1,1,0.100000
0x3481db7b11839b10b833ed1710c6589bd0b3e4b4,1,1,25.510000
0x348691a9c521ae4992ac872af45fe70bd361a72a,1,1,0.100000
0x348b4895da0ffac1f1042c25b601d48ac20c65e1,1,1,327.900000
0x3490ab7be7588db9aa6e34e3ca926bf5926e16a5,1,1,0.100000
0x349247b4d0946254b88de6b8a869f594b40eb552,1,1,39.960000
0x34a0dd6b9c4d02313bf541704ed4fe937be12678,1,1,0.100000
0x34a48520409ab86b23654c9595e930bb281b8e5f,1,1,197.220000
0x34bf2332840643fb1426c94e84193bea44ff666b,1,1,10.040000
0x34ca071bf0c64300965a9c47b11206d814d531ed,1,1,0.003000
0x34d01e1eac15296ca1a2b6c49e5ce006750b628e,1,1,0.010000
0x34d7b07ab0cb1d4f4429f759f7d85cf590c81212,1,1,0.010000
0x34e01b5528fd10b63aca104fff26b9c3a85ec041,1,1,0.005000
0x34e8c594e596254fa3669a05cba70dd3e1e1486f,1,1,2.255013
0x34ede0d3399fa462c8305e0c1224c763c249dad5,1,1,0.010000
0x34fddb25b541baca2bd19f6af12078b38c2fc23a,1,1,10.930000
0x34ff04f8ac37a5485ebcfddad012f97c28cd026d,1,1,23.590000
0x35040787b1070b8b557bee6c050d48b566a10b8b,1,1,0.003000
0x350a1e22e60251fdfb833ae56017aa70cbd137fc,1,1,0.100000
0x350bac41a8cc5222ae8cc0983e03e8ca57400b8d,1,1,1.130000
0x350e52f699e76ec9241fab32863d8accf865f6df,1,1,0.100000
0x3510e23ddc94e9e16fd5a3f3caec599d7465af39,1,1,0.100000
0x3538021e938c60a2b7ba3999d319d4bf331eaa8a,1,1,0.010000
0x353a3251bb3cfa14e002bf8c190d245acf965593,1,1,41.520000
0x3541b62785f1c9065c26b5a71870908565b0d5f6,1,1,53.510000
0x35433fad4d876a6eca6c6ac9bcbdb5185803c02d,1,1,57.810000
0x355bb2f4ac25867e3e7c81173fc7085ae6aaa297,1,1,0.100000
0x3563e246901d8a9b7ce5b48dc9e2d5f04d4c8d25,1,1,5.000000
0x3565da04f7eecb3c1dadd7a32e252438cd31a1df,1,1,0.005000
0x3572ae3015ad04178d5e71d98dc43193438c4863,1,1,1.110000
0x357393a862f45a82063248a7b6698c5eb27d971c,1,1,115.760000
0x35762bb039dcb2a45d71cfcaae16f4b9cb000e26,1,1,104.000000
0x35868bdc7ede927e2ba24cb22e9e05e0111c7233,1,1,0.100000
0x358f4226630ad01e75a2439680c97dde7b936aad,1,1,93.310000
0x3590b14fbed35fa692a4bc115921eecb891c7973,1,1,0.010000
0x359144b45fe8f54f75543ee5bd6aefa8c809f9c4,1,1,0.010000
0x3594ffdf5bab7d25021b6bd9e240bb49fd92b995,1,1,0.100000
0x359cb6946fb7f0e51b4bc029ef52982962590998,1,1,0.100000
0x35a546e91eb4db652b018dcdbd31791853cefa99,1,1,83.550000
0x35a8ea519a9c32845df3b4b49d8950414ddba84d,1,1,51.000000
0x35a8f25a6822eb6d4122f8faa00000c8705c103d,1,1,83.680000
0x35af90a829214bac6d716fe93947d3d4547f609d,1,1,58.340513
0x35b54fdf65561edb5d50004b8a04acaf454cef77,1,1,0.010000
0x35c5c3f2f9dceaa2f96e4ae0c6c056ada32a76cd,1,1,0.100000
0x35d8d88ea223aa9687c973f29803400be5ca259c,1,1,134.520000
0x35da7df88be67016a3755b858a7abc903c2f6d60,1,1,39.370000
0x35ebc5a4ca6405dd7cd866eddc18e40db5732e0d,1,1,0.010000
0x35f687160860f65634190fda7fb13b2fd5aab3dc,1,1,500.000000
0x35fb5f079ccc8ecafb796c1d15f2b962765bf094,1,1,0.010000
0x360daf2a733aa9633c957d91ac9b63d924ddc70a,1,1,0.100000
0x3610d24f4554dfa3f49e8deb73f90b50bd40d681,1,1,1.140000
0x363689d999f5da58454e5e0ec27871c5e616e9ea,1,1,110.210000
0x36387b3ffc869e3687f792165f22b6091676178c,1,1,500.000000
0x364fe887e3b2de992d1b7005836f8a3e6c22e3f5,1,1,29.640000
0x365700835630e6251a7b97132776b22af8a1ad84,1,1,0.100000
0x36709cb530c6e9eaf2b49d107dadde55c4e8e42d,1,1,0.100000
0x367b4bc5ca6185d0bc97e7e9d1ac49990bdae9f5,1,1,0.100000
0x368761253bae4447e68754dc5ab3e641a9742004,1,1,20.000000
0x368b239d5c102b64e5296f7279496bfb0e474a1d,1,1,23.210000
0x368fdd4eab25c1d07c722b7672a822a0d868d9c8,1,1,0.005000
0x369258a6421ec72d44acf5373cbcd86351227625,1,1,183.260000
0x36940ec9e1ec530fce3050e05cd2f0b47251a8b0,1,1,0.010000
0x369722d59817502e66f4a07ceb07dd76099558c2,1,1,10.050000
0x36975fc97392d80d9da2935c65c27b527ded9dec,1,1,0.100000
0x369a5187944e025bf24e1969170abfc58c5ecc98,1,1,0.020000
0x36afd187e449645f52c56abbe5dfbb5ec6b020d4,1,1,510.000000
0x36b0abb705496fd742d63480e0fea9d0eebc5505,1,1,6.310000
0x36bbf251f2694b0c84f8cc746eae0ae875ad6d18,1,1,0.100000
0x36d58f6af76ed588d3b464395c409bd62b93abe4,1,1,5.380000
0x36e34cc6814bd3b7e1b6be30e27bc7d37fe29ff2,1,1,510.000000
0x36e72c0064b98c06224e199a77876cb86d4641bf,1,1,18.490000
0x36f09f9845036abecc9a0707baf69e46ce668e58,1,1,0.010000
0x370d10f8d56f36ace60525152b63e8239a7acb5f,1,1,0.010000
0x37248d06833a336f0288d6e6e5b0d273daeacd2e,1,1,191.500000
0x372af13fcc4e19770a9d44b1d1c218e44140a569,1,1,5.510000
0x373d504c760040aa3ac1229fa28670b501d3f1c8,1,1,0.003000
0x3744438ec29fb8f960499ad8568d4fb504e90ea4,1,1,47.580000
0x37453f598d847bfb349d38b2e25cba0cc0d4f903,1,1,0.010000
0x374a5158abaef39d49b7a93759f3b95cd6224cd9,1,1,0.010000
0x375a0e54129b9b887c15dfd3cb59fe9cefa25e9a,1,1,0.010000
0x375ab917950890272cb73ca9ce1c096694233b9d,1,1,0.100000
0x375b0294644e007de8d8560c43eda155adbd5fbc,1,1,0.010000
0x3776326daad16278619e469da49b636ab0db0d38,1,1,0.005000
0x37813765ebb97d2cc9cce27512d5938ba3fdbcca,1,1,0.100000
0x3789e1d794bcd2beaec0a02ff0bfaa08e0e5a7e0,1,1,0.100000
0x3795cd5eaa98dbfad6b7445132302af0b4b92a39,1,1,0.200000
0x37b774b4d7c80b3fea9040ba7eb7a6f85120e29b,1,1,28.880000
0x37ced275a37ddbb2b97420022fdb2158a29dfd2e,1,1,0.100000
0x37d2155a0622fc68d0e10bc8ad1d346e3043ced0,1,1,0.010000
0x37dae0e5063739defc16ebca9f72fee69b41ba01,1,1,142.800000
0x37eddb29aab3eb371764834838847dca38cf34e9,1,1,281.276510
0x37fb0185606b3aeea11be5c79a381104bd7d5fbd,1,1,56.880000
0x380f1cbc7cbab62881166fb7a5d59591b2932ba5,1,1,3.800000
0x381a10c6222b77890fe9bece6379685fc4743217,1,1,0.012600
0x3825d7de583b8f56c87cbf172b54ca3be7e57443,1,1,108.790000
0x382d2480f9213781fe47558bf149562f7ce208e6,1,1,17.080000
0x383c94236d923ae87aeebd06b7c8471e9a9711e2,1,1,6.310000
0x383e6272267478ca092f4a431b7c036933a73468,1,1,289.220000
0x38490b16ac4ff08daee265c4b8383ad0b9edac83,1,1,0.010000
0x38510bc7b75fddfe04b0fab2e0de5cfe4ae8c882,1,1,29.020000
0x387b79a906c3dd519c187d9612593379bb4f5873,1,1,6.030000
0x3882119ab72f4ead5e33002e79442fa6cc5b4572,1,1,236.010000
0x3889410151ba18fad86c72fa4ad6341b7468dcec,1,1,0.100000
0x38948f0dabf9df15f8109b79a7820c989b3ebde3,1,1,0.010000
0x38a131da0e90ae69e751bdf037df29992e619338,1,1,500.000000
0x38a8ac22fc09b7155b0717b51c69f76a94546697,1,1,30.139919
0x38a9fd334ee7ca5ee5756af6151d9ae6166d2812,1,1,0.100000
0x38b9285cac3d0d31ed5f15cc803ae7fe34ad1c29,1,1,11.290000
0x38baac3096b04e5ed038bedb0b443a3f6a5c10ec,1,1,75.000000
0x38bdb523bf29579b51f91d47973f8c942c35571d,1,1,0.010000
0x38c41997103b49732ceb1ccd2051e1ff7d76fe36,1,1,0.100000
0x38dac166c633b505b0f069e63e038826a89c34b4,1,1,17.710000
0x38e0e16728561cc504fd6108f713806220a5dcd4,1,1,59.880000
0x38e6f7450206db099b569cc6377e9aa133559052,1,1,0.100000
0x38ee4361b9670fe979e10b740e1b48dfaed4b1b1,1,1,0.100000
0x39076bb14c5fa10ad9616d659623e8e54ab455cb,1,1,101.000000
0x390e1c235398fae318199dc7e15171f2d9051b33,1,1,31.630000
0x3917a01cfd6e8c7586c9dbba020678868754f362,1,1,113.740000
0x39272634ead051c15a6c48199dfeebdd2c4881c3,1,1,75.510000
0x39286a2f1241a762d3d80eb6cae8760fa8cc1d7b,1,1,29.400000
0x392efd74864c61eadbd40a699caa7df8bf626a13,1,1,20.400000
0x3942a617fe5ec4540862bbc00969dd451439498a,1,1,0.100000
0x394311a6aaa0d8e3411d8b62de4578d41322d1bd,1,1,9.866192
0x394c6aa06841559ed913126fda7a97a366f33513,1,1,0.020000
0x395b0355f83fe228b43a0504b857d6ba614864f8,1,1,516.010000
0x396358d3a79047f26336b10c47aeddc0000c5f95,1,1,9.650000
0x39637f83cbd1d66b1e5afbcbb43ec651136728b0,1,1,0.100000
0x396f1c01277af91c7aff639eaeae7687d770a48c,1,1,11.210000
0x3971350217b32e570ccc578ad17cb926d6a8e313,1,1,8.752553
0x397a006d78f1d19f810cd7a22c866d1f975c522d,1,1,36.330000
0x3981bb030548afc6f15ec10c6c3c3a6ab7e78fec,1,1,50.500000
0x3986511309cdd9832ee698911977fd8b22bb1ac8,1,1,0.100000
0x398e55b84255cd26c8d662ba84d15059720f5370,1,1,500.000000
0x3995dd1f849de45b32c4ca13e473b57371cb4f32,1,1,50.500000
0x39b3e17d51dfce4808c056e4a5f958bdd8489245,1,1,177.960000
0x39b3fafe35f02e632380923f0754af78901d10af,1,1,130.810000
0x39b6424b3d3f3d7e97758fbc81de146c4cedd894,1,1,57.440000
0x39c46c90a0e99807a68b449f8f1ca9d77e6a5182,1,1,125.710000
0x39c687676421bad25ad70bf149e37bbe93c7b195,1,1,0.010000
0x39d49bbe11918404c498ae0c7e2860dd244f1432,1,1,629.153893
0x39dcacc0657a5c1bfb5ad8210e57c7a484f6420a,1,1,0.100000
0x39e0934b396a726fa33bda648d46fd2babf67201,1,1,0.000010
0x39e6154f8e0a4dfb1c3c2f7491448a13fa5c7201,1,1,0.100000
0x39fa6d91cd9139366f804bc661603b4114712770,1,1,11.070000
0x3a02b597aa939b01aa8f75b8edc8d153c46ca4d5,1,1,32.800000
0x3a038127142e66cad864f49423415198cf0e1ced,1,1,0.100000
0x3a07fa3b38d3b506606af81db570fd3a64d1e921,1,1,0.120000
0x3a151abee3d2d6c91b353961d1c9e7d7de92f2c4,1,1,0.000150
0x3a176a35b32e02e9b0afce726ac79d2c31fef2c4,1,1,0.000027
0x3a191bb7031fae4c33e378d145503ce99b907891,1,1,0.010000
0x3a3445948a02972c12146758483a6d793516d453,1,1,0.003000
0x3a376233ce22ccd3f165c939021c4e5835f937e1,1,1,5.000000
0x3a4452b467b5942da3f855efa2b3813e323b0000,1,1,0.100000
0x3a45cc5dafab7f8872a683eef824ee71dde8896f,1,1,204.000000
0x3a6c67faace230820e17979f8a0d015554acd54d,1,1,16.130000
0x3a6d7068c75e493bb2f5e74fac4e623f85d81d81,1,1,0.100000
0x3a70024c51d07df9c5a1250ffedb148f7c796e53,1,1,0.005000
0x3a812e9012f3333e163a4dc4afb7e0d11c660327,1,1,1.130000
0x3a934d2eabb28c338ba1841af2340f317ab13973,1,1,34.570000
0x3a9c045d37ed75177358268e09cb98863b7cd096,1,1,179.980000
0x3ab55825f4d440bcc11b1e95c1eeaa4c07b23d27,1,1,171.860000
0x3ac402a5d4bd9e139a633b2a36dfbb4de5aba864,1,1,0.100000
0x3ac57ec5aec01714517c33463d54af33299f219d,1,1,0.250000
0x3acc957e68d042b0a6e3d0f244e5e93b507fdf5b,1,1,1026.700000
0x3acd46ea064f8188ef4c8b650892f64893f5b958,1,1,0.010000
0x3ad8cd1ad177551fec8a00b40768a6420ab452d1,1,1,5.160000
0x3add1e52797604b58b2e7a921d78121bbbd682e5,1,1,0.005000
0x3ae753d1c758313e489034f65436d900da32c6b5,1,1,0.003000
0x3af49b53faf7e316434aed1c08d6c93027d8d9c4,1,1,23.070000
0x3affcb3d634ce24cc01d172dd84bcd4729f58a61,1,1,0.900000
0x3b1cc95b7673b2033a3470cc3eb072c06f347f74,1,1,484.500000
0x3b2923453cc97edc4c6e8944e42cabfb8a41635a,1,1,42.850000
0x3b4814640d1db64cd28dfa96325e5a1978af3404,1,1,0.100000
0x3b5aedd9ab921e592d2fccaa6e33cf893e7eeb70,1,1,1.000000
0x3b63932907c0e52731856691a099e371829b7d7b,1,1,0.010000
0x3b68a9c3d0215aecd73de8f2fd1b51b47938cb0c,1,1,0.020000
0x3b6d2a602b3785c60d2536bab3233ffb8bf04eaa,1,1,0.100000
0x3b7546d5dabedb2cc9517ba28ea689cb53310ada,1,1,67.230000
0x3b7ece6b595b2d97da6da810059134cdb2ad75bf,1,1,0.100000
0x3b834611bbb7d767b4a66c05efbded56915bb6e0,1,1,344.190000
0x3ba77c238cf580d856649e8f5c6e566b94a4870e,1,1,115.800000
0x3bab093662b36949f8e8f680afdca47b0834f362,1,1,0.500000
0x3baeb098d637dd0dea5697e25ab390e1bd2739fc,1,1,11.750000
0x3bb07729c3e4d0f6242ba8720606814eabbf2bae,1,1,0.100000
0x3bb36781cf6c099c4ca958845ad8d8dd28ac9ae9,1,1,516.630000
0x3bb7af83184878fc6c79d4a93dc8b4ff83482d20,1,1,0.003000
0x3bbc67f868b0eab5e59ff06629f7d699dd4e9b37,1,1,17.310000
0x3bbeeb6773f09e890e47938a115fd8eb1d7b692f,1,1,173.230000
0x3bd1c65f2e4abf113b5610e66dff0c1a6b61addc,1,1,10.410000
0x3bdad83077fba3c41eb1ad641da09bdd4336c5dd,1,1,0.200000
0x3bdc56d0d785983a606313166f6de98aba11e981,1,1,231.770000
0x3bdddcc6933f7ab2a7b10b1e11506a3873a3657d,1,1,0.100000
0x3be0b3f38974fc47caa783c75e19e9dd642bf121,1,1,116.780000
0x3be9747bda439ef5b3305490de52275d51bf696d,1,1,62.710000
0x3bf7018d81ab53d93aaad7ceedfcdf7d30ac4b62,1,1,285.841118
0x3bfad53b8a89a54c9e1835c6d1fda907ec2e925c,1,1,63.850000
0x3bffb88e64c445a867b252745696f995a9c1c99b,1,1,0.100000
0x3c1b7d875fd0bd3e5ba933ee2a3327e9d3cb82a6,1,1,0.100000
0x3c2187ab19cd6bd1409cdb1b3f22d188ec4fcb82,1,1,0.001000
0x3c24567a2844b17babb3469d4556aadbddebdae3,1,1,0.500000
0x3c36ac68ee7eb1972736c14f7cce28300d3c9ffe,1,1,0.010000
0x3c535ca34bbe1b33320a1f89aaede9f82f5474c1,1,1,5.780000
0x3c5bb459bc38ba6783d22fff026aa3c86953ceb7,1,1,100.000000
0x3c63f3321fe94f5d5d9dc9f17fb227de0cd6c34a,1,1,0.100000
0x3c65f57fa4903c13b23e2193802460dc3b37a479,1,1,0.010000
0x3c6619fa5d373dce85a3aaa8301862e78adfd8fc,1,1,0.010000
0x3c6e09a3a7f4d5472117f9a75bcba44dca79d41d,1,1,0.010000
0x3c796dcb06458cf50f4a1f87fcfdeeb0a3423baa,1,1,28.980000
0x3c8fc247958d94f9b230be8ab8474b752b9eb3c7,1,1,0.010000
0x3c9292a08b03b6c35907081358150309649f65c2,1,1,0.010000
0x3ca213073bb836d6e397ee011eeb26d6b8980fda,1,1,512.500000
0x3ca8d4bd2ad697615f8dc2768178f74943c4bbcf,1,1,0.100000
0x3cb026cd03500862f8bb38a75514e87f36b42e9f,1,1,204.000000
0x3cc102ee1a2b81a77bb5fa80e36bb751ffa5cb36,1,1,58.920000
0x3cca7e24005ada99947f5b4f24193362a2872d2c,1,1,0.100000
0x3ccf9657cfadb56e9046fecdefab2ca835c59b72,1,1,0.100000
0x3cd5cdc58569b16ea5e583c7d707c415473d9fbd,1,1,40.820000
0x3cd9da074f60ee6c40a1033c3409ed893e9deb1e,1,1,1.320000
0x3cffa12876dbe10b1a34e199a752974d1b3cfa15,1,1,0.010000
0x3d014db971098200d36cdb82edba81867f8eaa28,1,1,54.360000
0x3d09230547d9d1e431b2e8a22c1bb9e460975be1,1,1,0.001000
0x3d15568e31887618d015abe21e3da46bd70de217,1,1,0.010000
0x3d1581889b017ba9ac5c224d2314a8a67a667c9d,1,1,1.000000
0x3d2c0203b00a7c45e0a6b7c1c6c4d638355ad8d2,1,1,253.920000
0x3d35c348b9a9b78abeed0ca0d961a6d71b376b77,1,1,0.010000
0x3d51152c56dbc9bf0296ef44e2b71518b8e454c2,1,1,0.010000
0x3d6b517cf4710cb9501cbb69d44b054ac2021f27,1,1,0.010000
0x3d6eefae320862f58b967b90f4880469a8955e7d,1,1,0.005000
0x3d78d5c7f4c66c6bc82206a785478396f5f0590a,1,1,45.290000
0x3d7c9fe09fc2730622e4b13252e540f5d6fe334e,1,1,0.010000
0x3d8086e03125b3202d84e01f3812d1af03fe5e86,1,1,58.690000
0x3d8327c9108a93540659f52cc86bf83e77e15789,1,1,3.100000
0x3d8f0c156c37846912f4794b2b0eccd21838187a,1,1,0.003000
0x3d9e171856260e63bf0144a98c6e4c6149a77322,1,1,0.010000
0x3d9f6963956849d7ac23bd1045a289f3da5262e3,1,1,27.300000
0x3da1759bf60ec4359f864d7d4a7af3e4c4549292,1,1,0.100000
0x3dabc8791cbc5a1996a69c41deda11192bd9d76b,1,1,0.010000
0x3dbc30197f6a887a98e39e800ed7201773dba58f,1,1,70.000000
0x3dc0293ed5748d8dbce8bba957a1ed1ef16d1e86,1,1,0.010000
0x3dc5daf9c54eb2d0a63e779a751cccafdb37244c,1,1,15.150000
0x3de5ad2fcf265e20aaf242b05f146b0236f5fd98,1,1,347.060000
0x3df2cd52e37ca5fdb82f182ae62d66897aca7529,1,1,4.810000
0x3df84992f2d5ca4a04740c1c3483d2fed437c730,1,1,512.500000
0x3e04b7dee16c2a4a63a17635519d481783005465,1,1,0.010000
0x3e0549648e9ac59890cdf377e49c5efba9445ec9,1,1,0.100000
0x3e1cd6e0d7dadaae254e9fbe492214aa863a9671,1,1,0.003000
0x3e1e1da392b65846e3e7706dd3a9bdf66f6531e5,1,1,67.340000
0x3e214443151ce190e994ee5d4ef88e5b9aee72b6,1,1,57.810000
0x3e21ef8afc660c11f7e0e12aec801264a4044e1b,1,1,0.100000
0x3e3812909cbf43296d411394425824a56140d8e3,1,1,0.000089
0x3e3ec47be820835cbad3734b3f4d765525ab596d,1,1,0.010000
0x3e511d1f61867a7496bd1aff09c0a1dc7c801b94,1,1,516.010000
0x3e5c49692f3d24d07f644ba8139c2e146c021d1d,1,1,0.010000
0x3e62fd16f32dff01d50a6e8845efac89c21d65cc,1,1,15.000000
0x3e6c92d4619230f3d8b645968f93bfdd73276c55,1,1,0.010000
0x3e7ac5a3244b8e84f532ab1571fca939a8716458,1,1,0.100000
0x3e880ae0484250029eaf962bf2c2154daf034ead,1,1,33.290000
0x3e98f1b74ffa4683068417de37d51f81d6c10a0c,1,1,0.010000
0x3e9be4f5469f1bad0ba9eb34fdfa9c05e8af4165,1,1,0.000150
0x3e9f3b26ce92a87f3f98dc95dd0c05bc7e544165,1,1,0.000023
0x3ea06524e224bc28871afa04a1f13b88e5e52c15,1,1,0.200000
0x3eab74aebffb2d19f4895f83c74e4869a66f2d7b,1,1,0.100000
0x3ec01a6d61dce045f8ff14cb799d0a786d636da6,1,1,0.100000
0x3ec18e379f73a93f962ec8b594a0cb4da17a061d,1,1,17.690000
0x3ec8ee80de750357732477c247d800fd337ddd6b,1,1,204.030000
0x3ee073a5d71fbd2574821558b29c14ea2f0c7c0b,1,1,100.000000
0x3f02929f47e695a0745673f2e9a191ded9357222,1,1,57.500000
0x3f0d169ebcc00c05389676a7f6489f915f0e3fbf,1,1,0.010000
0x3f1574c715cbce098ab154ba4f969dff81273d1f,1,1,140.180000
0x3f171d1c37be190b3142869bb29ec005bda87187,1,1,0.100000
0x3f1d5843423b64427e09775ba044ea4a1bcb061d,1,1,5.380000
0x3f1f358dc25b7184d6c0329b353f1468c8f34e3c,1,1,0.100000
0x3f2cb18246e982388a0045a5d604b1c27d3c5bf6,1,1,266.390000
0x3f4c8c6d8750979207b2ad6dd1539cd9c863ec49,1,1,16.336919
0x3f4f281977d2e652464ea3ea98bfa541f6f4695e,1,1,0.100000
0x3f5289b993ad7ecbc46797b80d92160c21b3849d,1,1,0.010000
0x3f53c119f9ccd838ee2418016487f116d8f74682,1,1,0.100000
0x3f67ca3d2e4cd24470278ea23cda43e246754829,1,1,0.100000
0x3f68e6b05d900849cb35bacd0097fd43dab27e81,1,1,68.670000
0x3f7bee8d5c8204fbd2845648a9bab6be4a45ecc1,1,1,40.510000
0x3f99cddb6d1e0385b36fb29cd72b933b7b2d43c4,1,1,4.530000
0x3fa6dd956d1701dd5ce7fbda64abc457aeb2a15e,1,1,20.750000
0x3fb466f69d1da9bc39a068c56b60b1b2ac0b9e6c,1,1,0.000150
0x3fc97aef22daf579677a2726e5941de3d7a5fb5f,1,1,0.100000
0x3fd694fc50afae47e0f5dcbfb48d4a75e2940dc8,1,1,22.170000
0x3fd94b87938fca25bf16caf9a433cab12aef6863,1,1,3.790000
0x3fdf20cf5783b988bb81a39527927c91eb2cd183,1,1,0.100000
0x3fe1482a206cb814372fc5dab1c3f08b9777f8c5,1,1,484.510000
0x3fe531ca586dab661fed8dd2ffa26ce1c21cde3a,1,1,3.120000
0x3ff6c4956a384a9005ca96667157987892bbf759,1,1,2.000000
0x40079f0942a8e94171bf4f31ce0ffaa73888da76,1,1,0.010000
0x40161f64374b48f721ab4f2dfca43ae1bcfdff7e,1,1,44.930000
0x4020074e9df2ce1dee5a9c1b5c3f541d02a10003,1,1,0.001000
0x4022fc87c9566fb695d66c4a0376094f837a26ef,1,1,0.010000
0x4027250e0dbdff5403b6464708c315a704bf56d7,1,1,40.000000
0x4029d3e3819e2898bfd2be257e04ed7304754b6e,1,1,17.000000
0x402ee9354d044a6a2cc245e4b1b85e990f821629,1,1,0.200000
0x40413f9e27266fee4c9876f35aa2ce5d9b31a96f,1,1,0.010000
0x404bee32465fe5746b3d746ac5a05e1aa415b3f4,1,1,0.010000
0x404cab618b5f929a04e0f7f63370cf9cb7d18116,1,1,0.003000
0x4051ba1627e2807adfcd61f015ee1a8784faca33,1,1,70.000000
0x4060587c580475c2276f70c39f4c8a07b2e9886f,1,1,0.100000
0x406775449749dc7d9cde44b032f33e5a635676c9,1,1,0.100000
0x406cad60ef63ebff433217ff3e941188b1a49c92,1,1,0.100000
0x407af0a79216f99baa5660c9bfae62f6f421e605,1,1,0.100000
0x40820d4e8ef101562fa7b1ac87a9ed6385043207,1,1,118.010000
0x40875b890a3681b58e78734918e903fa922c8394,1,1,115.370000
0x408be06a7a53e3cb2b80d324d5b54c9356ae6d82,1,1,12.496168
0x40b1730e54b1bc0a4022a9a6838e2f7e7a4d458c,1,1,0.010000
0x40b84f905afd20af1deb7da1eeae0380493f6f04,1,1,57.700000
0x40c71ff7f0cf884020987233584fa75c9ebaae56,1,1,3.230000
0x40c815cdeadc163821d2cf784166d7fbb60e1d94,1,1,2.160000
0x40cd19ead8c4c242e99222b942e6e73920ba8d18,1,1,0.010000
0x40d1c5415a4dad4a026309644ff6d9d4f9910125,1,1,57.670000
0x40d6caddb48967e494cd18ec2c8b95d4c0f377e0,1,1,0.100000
0x40ebf53c276ef51a5ce4df697f9eb69a17aad27e,1,1,525.000000
0x40edb72f9b0ce3be50c213a972dd1ba621c2183a,1,1,20.500000
0x40f842ea82f82316dcfeb031f03e5338aa377d54,1,1,0.010000
0x4102b7f0417cf1ffb1c98ce08a8dff29b9a8fd4a,1,1,1.850000
0x414b962c1b5373694474f53f5dcc4f1403baeb25,1,1,5.420000
0x415356914e4463e9ab2c4c8bf19497ca550078a3,1,1,2.000000
0x415c9c322ab51b7ed0f5d9ff6333fa9b4965b3a0,1,1,154.700000
0x418be44eaf7c03d6b811d7f5b8f5a1656b701526,1,1,0.100000
0x418c1be60f6c78ffdc7bcf784dd5870fb9534da1,1,1,0.100000
0x41b63a389f707e0f785e356417509b219802777c,1,1,0.010000
0x41bd7e3f8685a6a901d3a5fc4aef780d36a3ae71,1,1,3.000000
0x41c5cf15baffffa9f2ef1af811e4ac216efb194d,1,1,63.290000
0x41e51ea4392208d5af76731df79d017b2d340d13,1,1,6.270000
0x41e89d672809c04a5c524617d0d94e3f1fe0b5a5,1,1,0.100000
0x41ea4f8f9f62461686b0df652ac831aeeeda7ee9,1,1,0.100000
0x41f531cd32535dd5bd14ca6d540fd1beff80ebb1,1,1,0.100000
0x4202b59657dca5424d6fddc339288250ad8bf6f4,1,1,0.010000
0x42109a9a5eb41bd20d8392f66cc36bbc7beb8d06,1,1,10.920000
0x421d4daadbf9e9251c63fe86b50d8f78a97af865,1,1,500.000000
0x42438472d143e011ddad1175957646d6718f269d,1,1,15.000000
0x42495caeda3dd3ed55d53adaa964e9cf4b3f9da7,1,1,0.010000
0x42619d2d1df88b585bf8f468a28ecea2123e0823,1,1,0.010000
0x4265e0b8adab603c83a22501df3591debc97a0af,1,1,120.010000
0x4269193a362d844b8a35c15c4d7797db4e0887ec,1,1,0.010000
0x4280a2da6bd6e9444ad264b0a87185ba2f8f1039,1,1,1992.240000
0x429535738eebbfd8224ea1ee5a0ea6fc2b778bbb,1,1,100.000000
0x42aa090d8e0f1f8fb16e8a0d75c6de7bb8e9c0a5,1,1,12.730000
0x42ae919ecc9a4aa91091985a4dc2f4d6dd2f556a,1,1,0.000150
0x42b9df65b219b3dd36ff330a4dd8f327a6ada990,1,1,0.010000
0x42c648796d67ae6b35b9322abdb9f9b9159b19a4,1,1,0.100000
0x42cb13d6e995a5e489671c14f51643c0c58d8fed,1,1,0.010000
0x42dbed1126067c8a623458c89df0cc192efce040,1,1,50.000000
0x42dd93b6ba5fde64328842bfa083193c7fa36eb4,1,1,0.100000
0x42f08498a9dce47461d2ee5c0b93ab3561b92f11,1,1,0.004000
0x4303ce14a4c3e70d41b0172fc5fab4ea5bb4b492,1,1,56.020000
0x4306bb413d72be449e10e52e0f3346821fe5ad5d,1,1,0.010000
0x432d8c0a6f9fdfce8c18236ef9428f1e4acc4f40,1,1,8.363239
0x432d9f7771dab8006e93e4021571ee517cae4d14,1,1,0.010000
0x432ea0fe766ca7af0e3a147d094adca5df473559,1,1,17.360000
0x4348ffb376cc966e785a7ebdb7b6d03af21a756c,1,1,0.100000
0x435538dfa4c4f9192795f04dfb97fad83aff191e,1,1,15.000000
0x4365dda817520554702001393324793055aac65c,1,1,135.025514
0x436d487d0e593f4d1e2ee7bd04b3c16fe89f4326,1,1,22.600000
0x43745cce84c9936df3e82f78cab807e9c68dede5,1,1,0.001000
0x4384974fe442fb7f9e7b07cbeee80d9e71bba466,1,1,0.100000
0x438ca19628f44040bd8fd3c4beef8530f672a529,1,1,100.000000
0x438e963429e97df7a3d9416ebc317488c1b74e13,1,1,6.300000
0x439710ff545925b45f207ae27bdc322e59bb68e0,1,1,0.005000
0x439a4f9e4441193efcc3e6571f51a89748efdead,1,1,0.100000
0x439bfc817b1d03b893ae90b03ae18a310d062b86,1,1,57.760000
0x43a37e64a3ed498bfb518e62de6df1b2168be35a,1,1,0.100000
0x43a8ea53a13bc6134d788d66216fe391db52bc86,1,1,0.005000
0x43aced21fbe9b879b9b86567fd35f61ca312d8fe,1,1,16.750000
0x43b6dfa5529215926ebc023f7296c80ca3f9867c,1,1,0.100000
0x43c637043644453dbd3ac0fcc84346e4828200d0,1,1,172.900000
0x43d104812d5998d3535f0e30578120112da8f921,1,1,0.100000
0x43e4551bd0d12d23fdc757303e4b3d0f6a667286,1,1,0.005000
0x43e5785b7be9e09f3cde996997f7153ae45f672d,1,1,68.340000
0x43eeedba8fbd1dddfc5db8a1a7021643253f3ee3,1,1,11.740000
0x43f4fb6b0f98a3f24b0711a5e0a601c0f0c39002,1,1,372.000000
0x43fb8f076dbeba262ee6e126599e8b6606a8f2cb,1,1,10.400000
0x44110663d8c51a2934fadb0dd15aff1e1d382867,1,1,102.000000
0x4412851fd203cb09291dc258c16d73ce2b121ccd,1,1,0.010000
0x4413f8b9c6475de95903487f56d7ca0eb952a370,1,1,0.100000
0x4424dd4f66d945a2139fb9c91fe5200384b45cff,1,1,20.410000
0x444777683eb700bc7de7d1af96a1e2d5e866d72e,1,1,0.010000
0x44542ca11c1b7a04189450b2ab1e534a0ff7cb4e,1,1,12.570000
0x4454e6474841550a5e48124b1f36e856995b1501,1,1,0.003000
0x447fc296544eeeaf779cdd9be136ca6bfd9ed8c0,1,1,56.850000
0x4488421658c783e9d425baec9cad3f20bec7eb1d,1,1,0.100000
0x448c16642b7fbd17d6364b888f17d754a36c7d6b,1,1,6.000000
0x448cb0bce31a4968d061208a2e7a1b191c37fabd,1,1,0.010000
0x44985d7032327fa003e2894328860a837363720b,1,1,6.660000
0x44a2c247f2903db0b71f626f5c7c140d32bd54b9,1,1,0.005000
0x44a30713c17a3cda072990aa2d0380c3d35d1bed,1,1,56.100000
0x44a357c3ca719df03faae195481efe0985be259b,1,1,400.000000
0x44a6a52e3836290d2213e8cdad63d59b50398958,1,1,0.003000
0x44add44fa98a19e39943e6759e6a5b78825e9c5b,1,1,54.550000
0x44b2d48ac2a3a0beff0ecc30374692dc9cab4912,1,1,0.747821
0x44b973b9c5aaa40f35a6c1eb8570e03e59c71170,1,1,45.920000
0x44d14620237c46a5ebf12f107df36f6f347ba4c5,1,1,0.000150
0x44d3b297c8b95c90774e96abf809e3678f9b9ba7,1,1,0.100000
0x44de3a23a791a61a6ca21e6e1d41a1602bf5e569,1,1,0.100000
0x44ea88c3b17599d226c21531fd6dec5c5b806527,1,1,63.490000
0x44fe6550b783c53f299f7429f19ee001e134e31d,1,1,232.190000
0x45028b414db5fb70f3fe282de5dee2e0fd20bd3f,1,1,0.100000
0x4506f0ed06f9b763a081f798d80d2eb45ec669fd,1,1,117.656106
0x45096825286f565f13c97a09149a7713c632474f,1,1,0.010000
0x450c406134b6f0dd19f5dd67e6ae12538e66c9d8,1,1,0.100000
0x4511ce23935ad5eecc65e720aa661c9cbea90ae2,1,1,0.002000
0x451e779b08e90cc98d2b863f5ac0500abc2c490a,1,1,0.010000
0x4560124e125630337d8a0abb4482c8c07b34f03e,1,1,5.000000
0x4561ca692b95e0b3c17e63d19d74334bf2db2fd8,1,1,51.000000
0x4566e4ee4a783197b8b605bab30114a478bc268e,1,1,0.005000
0x4571be8254dcc470d5a82c215b6707412b65ef9e,1,1,0.010000
0x45725b165f08613bb65631ab1abf7f3d72c796d8,1,1,16.410000
0x458241d85350537237e109af08e95d22e88f744b,1,1,0.010000
0x458de66a19ecb488ef2a51dea4b156be5ff04c47,1,1,0.100000
0x45a322a2f1e90ae64bee0fb0d394adac72e5ac45,1,1,0.100000
0x45a5cb4c3d2252bcff142351e8223a0fade4a800,1,1,5.450000
0x45b629a43db6119637eb89f7d1e288f85173267c,1,1,0.450000
0x45be764be43707e1db0ab7b0ff5c6ce598095da8,1,1,0.500000
0x45c0f37fd7910d27ddc832e7331c7b5d9c8931e5,1,1,57.930000
0x45c1a70ec62d85c669085b8358eca447ebb24260,1,1,0.100000
0x45c5bb9b90f72c24b37a533e3fbe2d802512d10e,1,1,23.610000
0x45da05a91850613b66fbc65af9a3d866bd4aff5a,1,1,0.010000
0x45e4ea6721ca783c384780642aefe5c13d4bd0c6,1,1,100.000000
0x45eaba44db69a04613cabc88dbc199f33befe2bf,1,1,172.590000
0x45eee5523aa0d167d54866eeb95a48ea20c86ce3,1,1,10.930000
0x45eeec0dd5d6cbd78d6020975c63284cb8a05c95,1,1,0.800000
0x45f6898e5142d91409be0df47aaf7f42932aedfe,1,1,9.000000
0x46018879502cf2bc6857776c13128dbd7dfa2127,1,1,0.000150
0x46086fe2c492b836e0cd5f11d23445da611a2127,1,1,0.000045
0x462c134af199af95235248505c0bab7b924bf3e2,1,1,0.010000
0x4631a45e377d13103d7267333b6cfe95b8a30a32,1,1,107.940000
0x46351b161720beb9891f15d8eb3ed208d46c200f,1,1,0.001000
0x463b60ead6800eba29ceee4c98ba65b77bcc7e0c,1,1,0.010000
0x464dbe46cc096fcc3123f49d818cbb61e28d5037,1,1,0.100000
0x4654582516568157561b1987d38afcfd7d30bbf5,1,1,0.000020
0x465aaf1babbde6a502f4bd97bf8bdee8eb0b6be4,1,1,11.630000
0x465d879ee3d973501bc8f1a2c032344f063c603c,1,1,0.100000
0x46676803d284f1a5ec2de91236c4b355206fe03d,1,1,5.620000
0x4668bdb8aa6cfbb994b98b23dc8e2314ca229050,1,1,21.860000
0x46815fddc43cee55beeb3b867f251542ea101146,1,1,252.160000
0x4681e2b0ff1bb49a2f0a094f42ab7625676e7394,1,1,117.000000
0x4686116302d0c3264e4c7b9774b342558f3e9eb4,1,1,0.010000
0x468ff9a5616b6fb79db0fa36e2394a90a458cc48,1,1,0.100000
0x469937c727b96a99aae99dacb8f8a8d7c71e24ca,1,1,18.440000
0x46b16200a2efc42d92b0ce8a962765dedaa16da0,1,1,20.200000
0x46b9f6ed8afed59abd2514ef4620af419ca6cae5,1,1,0.100000
0x46bc5e39122c4223f8df7f2dcf2e0ec1eaac4f61,1,1,0.003000
0x46ca64412eefa233a8e1aa8ee4400413ad77bee4,1,1,0.005000
0x46cd08c953a4c8617eaf9bb9fe5702800268e0a7,1,1,0.100000
0x46cdc993cbe54e5c70d5e959ca41d4d49a8005fc,1,1,0.100000
0x46d870a92b7d3ebbda0cc618f35c786aebf33311,1,1,0.010000
0x46dbf5faa77ea1cb434c78ffa336cf956a512811,1,1,0.100000
0x46e229eb521120c0a3f0981beb72a91d3253873b,1,1,0.280000
0x46f3b3cf93015d82364c20a658073596f8dbbccd,1,1,9.990000
0x46fc4ef0495a6ee9f2b07f650fca59fba089c1cf,1,1,0.010000
0x471676e76ddf4dd1ddf8af188075200ed98da01e,1,1,230.640000
0x471a74275662b06002ca6faab1bdbc90001768e1,1,1,162.690000
0x473b3fbda2d371e1e7acbaaf1abfb6d45629057c,1,1,2.810000
0x4750c65da309aebea53d16d12780dbe096b4e430,1,1,181.720000
0x4757546183872b1f27796c5f5e3a36ac878d4916,1,1,179.890000
0x475b606a019413e27c1d21333b84bdd64ec7a334,1,1,0.100000
0x476071cbd6042a1a56a8c82fa267564ffc9e7231,1,1,403.630000
0x4761e3691ee2dee5486f6a2e0a867c49dcc5e774,1,1,0.010000
0x4762324e7a20173108d2fb9f8986b2ad76c21daf,1,1,0.100000
0x4769fd375d50216edf01d96dfb054c0dec81175a,1,1,0.005000
0x4772d865ef022192f9176bdf12c42c6ece05fe91,1,1,204.000000
0x477ebaded8e907bb75aff52b5a87fb5f6cb22d2d,1,1,108.380000
0x478c0283d0cfadd37b0f446a44c177444b459322,1,1,0.010000
0x478f5f5e45a0178ad3dd4a57f3a7486cea1de971,1,1,5.000000
0x47919a600fe680e97b113f057c188357118760d9,1,1,221.580000
0x47942d89b01df40ea6236d7df602a2e4607496a0,1,1,2.020000
0x47b7966a51f30b2f34e1230b2a87f4483448e2cf,1,1,0.100000
0x47cbda2dc303dfc9ca3f746149c7fc190dca689e,1,1,142.730000
0x47cfdc661725b063a226b083e00d850537967428,1,1,0.010000
0x47e8e6a315ffedc4dee947b4902be48f5b335d09,1,1,0.100000
0x47f9127ca234c461896df6f3939b3146e8b840b8,1,1,3.950000
0x4800309c469102990912aa5c5741276aa15d4619,1,1,0.010000
0x48044ee147ca39e9a7adad656aaeb41a38d8c747,1,1,29.890000
0x4807ff6833d49d79804d12e493fe4ffddf763f9c,1,1,0.100000
0x481cf0d94de0195a3110813f188b8daed8b8f5e9,1,1,0.002000
0x482dc10a8077dcfdac630baa54cb3b7247504654,1,1,0.000150
0x482df314d0513d74944cd9cb4c8b773549758e50,1,1,510.000000
0x4831160ada636c00d9b03f90bab64fb3a63584d2,1,1,0.050000
0x484123dbb77ac25942fa7219d90d364f49458727,1,1,11.430000
0x48435f00d1b1ba44d688e1f4c1289eaccaa24f64,1,1,0.100000
0x484e95aaff2f0280f88c67032d015ecf3f01a77a,1,1,6.390000
0x4850e20756d48293856a3ccb0b573dedc8e3aa00,1,1,0.100000
0x485242a23a09b2863cff2d5fd9eeb2be5b6b93a3,1,1,8.690000
0x4861a14cd767159c3ee5375482f6ae1ff9832ddf,1,1,0.005000
0x48638a2b24f1cfe67800960405f24a0f3e7b15eb,1,1,0.010000
0x48641dd41cb2bb578a4d65a4581736481d15156b,1,1,5.640000
0x487d74b935083a51ee436abbbf6dd78e539fd4bc,1,1,0.100000
0x488692c103cc33a1f4314f4a2f30d06e04883f0b,1,1,0.100000
0x48a21304b427d73e2d9a05767fa26a277dffbd1c,1,1,0.100000
0x48a661659cff342852a53c687fc0d5cf570d2700,1,1,0.010000
0x48acbbb41c731134a665d5ac37fdae0cd40ca032,1,1,112.219638
0x48beeff6e61395ce5585c3411c454d1647915754,1,1,482.960000
0x48c22ef2c363528c0d47a79a5b32a72e12682abf,1,1,8.500000
0x48c62910e8ab341cb6f1f1f42d8eb1a4c100d8d6,1,1,0.100000
0x48e848d51bdb35c7bd010db0022987e8951aa28c,1,1,12.340000
0x4901db1d8bc2140fa5f7123299efc355c8feee85,1,1,0.100000
0x49029ace48734ddcbdecdf29a17955c8b8d0fd9e,1,1,0.160000
0x4906515bd64cb939dbe07e1e8eb59dc8dac9f9c1,1,1,0.100000
0x4922384b404e283070f17c7c0039e25f9a7d3c07,1,1,0.003000
0x49353896fe30d8d97aa8a8218310a78422cb7eb2,1,1,20.200000
0x4938190cbdca5ea66a9b52db2b8e5e0076494b46,1,1,0.100000
0x493aa7b7c3c68aa23b36fba26db0f13a746001d1,1,1,0.100000
0x494f26699cfc700245d93bebcbee04fb827f4a54,1,1,70.600000
0x4969c3a62b21e9a2340b1755366c6c936552e935,1,1,0.100000
0x497605d24c0c71159d78d112eb80b00dd09a9a86,1,1,7.000000
0x497ee6646632ec709f760f910a6b607a7cefcdf1,1,1,0.100000
0x4984351d65ec690278b0ead8bb818d35d11b30ad,1,1,47.320000
0x498a5c756de601ce9ba95b5493af9a64ee856b97,1,1,0.010000
0x498c56621c1caaf2826af8bfe8dbe5aa807a454f,1,1,149.990000
0x4995a4a6f0757cec4b8809f98e5a4d95697aacf2,1,1,0.010000
0x49b058426bcbd92a879232e96e0d1f82d2a23a35,1,1,0.000001
0x49b5be1177538b5c9e513a3ca327958f66d11869,1,1,0.100000
0x49cc81cfe3925700558ae2d9da04d66a636549d9,1,1,0.100000
0x49da20b1b7824756fe462993e0adee367886dd4b,1,1,0.010000
0x49da8176757ed79c9f4124043e251f960b6fec5e,1,1,20.400000
0x49e4d4400a13cb54ff0201d74c6c56c31cddc000,1,1,113.830000
0x49f0d481d7b5f6f98824144856c46972977829b2,1,1,0.010000
0x4a064b551a4e8aa53c8fa6ba2fb949a20eb4b8fd,1,1,20.450000
0x4a06de37c77f22e1cc60b9b906ad4f0e196e4aaf,1,1,1.170000
0x4a08b164f92e9c83229abecabce22773a9171617,1,1,115.800000
0x4a0cdb8870fe9a71ea2a7e2896534c561a8a46ef,1,1,0.390000
0x4a110b7263a1143bb3c708b90c5822d96ce64fd7,1,1,0.010000
0x4a195164545ab76a895c8c0e9198d12f85777dcf,1,1,0.100000
0x4a2419986a16afd252a93e6ec399a4be66553f9c,1,1,1.677443
0x4a2a78716dde1c517c4c49a331eb12bd855bb3bb,1,1,20.800000
0x4a2e148ff822fa98ef9f5e959edd9922481487f9,1,1,0.100000
0x4a3129235a83d65e5f4a4ff2818e3cf087df1377,1,1,0.050000
0x4a3248987d6b3e00b0152f50c6cd78027f7d9ef7,1,1,1.404026
0x4a5a4726505b85f2c6a5caa2a595b49cb77b0626,1,1,51.030000
0x4a5d59c665c5bfcf2856903384655fb322a1759e,1,1,56.840000
0x4a5daade134b1363bccab4699b91e993fcb0ffe7,1,1,115.690000
0x4a629e9e5fb9dcd720fdc58605c59f28616af1d2,1,1,0.010000
0x4a79932a2ffd2cbf5f08f53f3e9eef2171258c5a,1,1,100.000000
0x4a7c36b0261846e7a8fca8c0f11c18b219599527,1,1,0.001000
0x4a849b7fb3c3254c00a111283670b5c83384fc5d,1,1,0.100000
0x4a9ee070ebdeedaa6c2fd97c48ee4a201a6ac21f,1,1,6.060000
0x4aa55988fa032fbbb8ddef496b0f194fec62d614,1,1,0.002000
0x4aab199380454c0b48a5f5033729363969a36390,1,1,115.370000
0x4aacdd2192e7ff9cb904861c58f315ae0f573a2c,1,1,0.100000
0x4ab2fef36f75f82da4fad67b6f535e5a03108170,1,1,20.000000
0x4abcb54260f2cb52ab9c83fc33dbabdeda28fd86,1,1,2.780000
0x4ae9cf6ea052b45d2bae590dcc946759175aec36,1,1,0.010000
0x4aeffe16e71fa69a1954593d144842fd1a592cf2,1,1,0.010000
0x4afb8cb38d20c0e9b8c1a75cf54b1ec4b78cbf14,1,1,87.790000
0x4afe0a73f4871c6afcfcbe669b81631937c163a3,1,1,0.100000
0x4b13e7c063045cceaff5c680121b83b773c00363,1,1,20.000000
0x4b16d09ae0f95260fa824235dbbb83144ffb4bda,1,1,173.550000
0x4b276bcd7a4c1ac99e62e13bb4cd24b16f2ddb71,1,1,210.000000
0x4b295cb2fc960c58aaa292aacc791546d1ee6ecd,1,1,99.990000
0x4b2b73127872e43575aa81b414ac17d8dccee08a,1,1,11.380000
0x4b37bf279b8e5c67ec2fe6d5eac48f260ae0ea30,1,1,0.200000
0x4b3bec2724e438e8597283fe5b297ae9d99160e0,1,1,0.000019
0x4b52cd34c0302fde5c9995c245846b546600e699,1,1,68.840000
0x4b560d8a3d8272ce58ef859e0893362cd0308156,1,1,7.140000
0x4b5714f28c0d12a4cfac91e25008e30ea0e87113,1,1,0.010000
0x4b610dff7d11cc3a91117130f82fad4d77992feb,1,1,1220.000000
0x4b614e36498b1902dd71961cf3d1d6acc3e894ad,1,1,0.010000
0x4b69b888a2c277eaf7b63ff3bc1c5f982ffcfe40,1,1,0.005000
0x4b6af2233c1b306975965f6523f75943cb2bec64,1,1,5.000000
0x4b7c71a2661899f6a8e5db3c5969ba74f8df21f7,1,1,0.010000
0x4b7ff2cb47b7c137cfd552c24be0d69d824d8190,1,1,0.100000
0x4b8041af153c43297d29b59b6b81f89597e86914,1,1,0.000015
0x4b8275a98afd89e4fb4bbb99853abfb0ad884c88,1,1,0.010000
0x4b82fa8b733e3a5a05bfe4fe3a159ed9dff4c047,1,1,0.010000
0x4b909e0b1d03acb1e561c9ede62d524cb96113a2,1,1,0.005000
0x4b98eb255c302c73c8f6287e446ada08be8959c4,1,1,0.100000
0x4b9b752ea59c48f87e5b15ceefd854c410fe9497,1,1,34.600000
0x4b9fd699912468b8d5d227d031504ce407eaa7cf,1,1,0.010000
0x4baa4ccfed8f93d1455c3dd3772fc4e25f379e3a,1,1,0.100000
0x4baba194d7334ec81354711a8eea45e89456105f,1,1,0.560000
0x4bafbc48d04c43ff2b65288bd31683742e6d271b,1,1,69.000000
0x4bbbc49f98d9191ff3f1e36046cc95478359e133,1,1,100.014199
0x4bc265e76ffcf1135353c151575e8a4c6b2b14d5,1,1,0.100000
0x4bcad61cabab3b1900c0c0e92e8196717b236d45,1,1,117.660000
0x4befdf6db1459b97961517c28a7f8e6aaaf7785d,1,1,0.270000
0x4bf117eb250485ebd238c2524296a5a91e45733c,1,1,148.555308
0x4bf166132ea45cd33f0e910a2f94ebf018158d90,1,1,1.121127
0x4bf19ca4da5105cc8f8010aa0de4295843d77a10,1,1,0.010000
0x4bf72b57af4c6d5ea2a040c5a6171a2a38fcdb1b,1,1,52.160000
0x4bf7833f06eb1ee25444b712a7903fedcb88395d,1,1,0.010000
0x4bfb37fb4000b90936ce5a7adbd96a48f0fd4430,1,1,0.005000
0x4c04de3f1a0ac73d0f6469a368ef2e404aeb3d43,1,1,0.100000
0x4c0e3617cbcba4d63d9c6c5319626683942991df,1,1,0.100000
0x4c12175d699ad6740c86e3e6b65e7b00ff62d197,1,1,0.100000
0x4c1a9558782dd61e9748435ff7be02bf554f4f32,1,1,0.005000
0x4c1b5a5cad3c23370d6ccde23a2338eb3c3d59b9,1,1,0.100000
0x4c2c27cb504b179e5a6b0e094a5baf450aae77fb,1,1,1.690000
0x4c2c31964bd34200c98fef0987f2426b911ae9df,1,1,0.100000
0x4c3362d7c0d6edc4b349945456875878e070b080,1,1,850.064094
0x4c356ee3c4aa51fa5ed671518b83d1cdd6be78d2,1,1,202.000000
0x4c438329c912bb170203b5b719f97e0dae99010d,1,1,49.990000
0x4c4806821aa4314a8c9ec86579f06ac2f946c496,1,1,521.970000
0x4c55114b4011465a9ca914e2165c3d5ad252829b,1,1,94.705000
0x4c5a233d1fac62080aea49e868b32c484d7434e1,1,1,32.180000
0x4c613cd62a58f77ab01ac2dbfb9402a68cb40a69,1,1,0.000001
0x4c61470e76a019e51442cd98bd482bf80d8c0a69,1,1,0.000001
0x4c616bd1fb94b87e8e21773564812bd664340a69,1,1,0.000001
0x4c61830a73512b10616cbc12cf2734dd289e0a69,1,1,0.000001
0x4c61839fa05951b1fe3187eff35eb4f640c50a69,1,1,0.000001
0x4c618a3e004fd2deb13dcda04c56312347c60a69,1,1,0.000001
0x4c618f787a9e78e4259b39b3eb69fcdff1e20a69,1,1,0.000001
0x4c61b397aa17cc166950b8e73a9983e1399e0a69,1,1,0.000001
0x4c61b741a943b90f58d1bbb6cafd3497be810a69,1,1,0.000001
0x4c61e460e62f72888243d90eed557169bee80a69,1,1,0.000001
0x4c61f8a3d72ee9abb9bd5a7b9355546aed130a69,1,1,0.000001
0x4c74aa61b92956049e2843fd88d99633c2cc3458,1,1,0.100000
0x4c796722f0d799f84e32a80d5128a9a00dcd09b7,1,1,0.100000
0x4c7bf5bbbcaf1e67a7ac0fe686e28f145c5fcef3,1,1,114.110000
0x4c8026d5ef7c438c8bc082353b8eea9a7fd70677,1,1,34.400000
0x4c80be549bdd8206ea1aa68816df52125a7148d5,1,1,217.230000
0x4c814504d98f55b84679752af93f87408adc8510,1,1,1.000000
0x4c8349a081c9766e7f17d73506a8032c4060478c,1,1,0.100000
0x4ca4ec07eab7b89132e13242ba26e273b1a591c0,1,1,0.010000
0x4ca9ad49e053e3c66eb6ffec842cf7174c37af24,1,1,100.014984
0x4cb90362358d7f002f6d729e15945ee343dce4a2,1,1,1.130000
0x4cd71f7b8f64bb163427f76e05712b255abf4b40,1,1,100.000000
0x4cd8d171bb9c68fd1de1962ff2c1b9642fe50328,1,1,731.560000
0x4cda08dd6bc92034e552302e5458f7ee1c1f70b7,1,1,0.100000
0x4cdeba450c0d080e8d80f1401e1ec91a2a37e624,1,1,0.002000
0x4cdff7467bcbfbe0711e897306e7cef4db276802,1,1,0.010000
0x4d071b3bb058c43cc83b5739db5072305ec035ad,1,1,27.390000
0x4d0b2d371dfb4ed5c82380a990ed0c1dbf8642ab,1,1,0.390000
0x4d10e690654f7455b61b0bdaa0b77a933401bbdb,1,1,0.100000
0x4d1805b66921355b804afd975f44cd8cf8aec797,1,1,24.500000
0x4d1a8a0a7ce87e9c0676f8e07e25a7eb47d8ab1a,1,1,50.000000
0x4d1e754f0052b8fcce44af118f42aab7e556a35d,1,1,0.100000
0x4d26f6767b14f6fa64931ef346a5e781f2386fbb,1,1,0.001000
0x4d27b30f613ade780a6f2eee64aa4b90bfcabf3d,1,1,0.010000
0x4d2c83570f56ce8956b4af43b78d423e04098892,1,1,0.005000
0x4d3d362b5e066fa4d3f6dc2e640b2bfaf8b33170,1,1,0.100000
0x4d453fa0e5d9bed21dc72a48de726ceff4d51766,1,1,0.010000
0x4d4771db405824990d6f5e31ba45795593a201a1,1,1,12.100000
0x4d47d49058c12b8bd5e92e1f99e8b4e1325b85d2,1,1,0.100000
0x4d48aec8e8684f1617b3662f09664b93b5bfd12f,1,1,30.610000
0x4d49814f9b87f9729476088a3474c5c273a0cbd7,1,1,1.040000
0x4d63bbfce46bd9ebc498b32690e72994421abe2b,1,1,26.756236
0x4d68c7d5c3b468145fe953f08c7dbd2371f3782d,1,1,0.003000
0x4d6ab1fcd29a9902cae7ef732b958ebb2d8f0682,1,1,15.150000
0x4d7709f7ee6286a4dfd15fa9a4e23210074d5ab2,1,1,0.100000
0x4d7e2765c280132e6f8916fce675f94043e908ad,1,1,108.770000
0x4d81f81dda5736b5a6c868d5918be2434d4fe956,1,1,57.600000
0x4d8ae5f88a80d5e5c2ddd7c1023d81af6d816cce,1,1,0.002000
0x4d8b294f9d95cbf54a0c288eb5a65261a0b4fdf3,1,1,23.900000
0x4d8f08f92088be4a8a70bdb1f0763c4d461f2037,1,1,20.000000
0x4da2b376bc8b12ffff7e9b6b076beebeb9c79aef,1,1,4.100000
0x4dac17e5278d464853ddda5a76e0e65e43acd44d,1,1,0.100000
0x4db710790bc974fef082b336070aa4d9f994b548,1,1,0.010000
0x4dbdb4353f1e26faf94ec3e7d8246cc2cba0b50d,1,1,19.740000
0x4dc432211dff2339cceb4964fb11711da8d2b75c,1,1,0.100000
0x4dc552aaf387aa18cf33c8763bfa9ba147895c0f,1,1,0.100000
0x4dcc77fa91edeb97dcaae2cdf6fca29816b0e456,1,1,0.003000
0x4dd7c39bc64cdac1d89bf46fe14517a7dba69b91,1,1,0.100000
0x4ddc06bfd6031461aa146fee39f8d224bc52ba98,1,1,20.400000
0x4de6ed0a0f443130e9e618786c9e537a04e57943,1,1,0.100000
0x4df0315fde87b33d4d76cea498c3fcde8a538c60,1,1,29.380000
0x4df23b1ac4ac886039aff3362e573e10141401d5,1,1,172.940000
0x4dfe1b61b2cd7f412c55518af33eee440a11c670,1,1,0.010000
0x4dfface23fca1572adb7e1766677267edfd2d9e9,1,1,0.010000
0x4e0e87c8a9b53b60cd3b2162f3b6c928ca0aa65f,1,1,3.790000
0x4e177106ae42ddcaaf17c3f901ae82b4d15f7b2e,1,1,51.000000
0x4e1aab3afb9d98b7423ecbbbf2fb8becb8eeae2a,1,1,0.010000
0x4e1c4de13ea83a1a698e7cfad2400f47e682b7bb,1,1,21.540496
0x4e1e7de9c601c79fb87e73e83ac2e2f746e88c1e,1,1,24.400000
0x4e1eecb77c864192af8321468058c5e0df0719c2,1,1,512.520000
0x4e22c2fd82d5e0bf5d45e70e4e4457b43e115a96,1,1,23.220000
0x4e24f4fc120224d569565bb965c63063ace6abf9,1,1,0.100000
0x4e2bd72b2f2390e3b8814cddc5dd58ed5603b90f,1,1,23.220000
0x4e5301df16e32513a878aa579af8ac0faa093572,1,1,36.060000
0x4e581cf492d901a5a29bb01dab4f1aa75f109859,1,1,0.100000
0x4e583fb38870da09cdae1d5a810fb2ec066e83ac,1,1,0.360000
0x4e5e0b4dc6c243f4754a924b6216a062b1334eaa,1,1,510.030000
0x4e63ca4719b2eb72f6da3f1521269a12fd339d86,1,1,172.850000
0x4e674ef9d9fa386a1e6689c5b05bf3cd06a135b7,1,1,0.005000
0x4e6adec8e80f02b4d366ddb2c3293ef72cd815b4,1,1,0.100000
0x4e7c02aaef191bea6a6038fdab46beab468795c2,1,1,2.000000
0x4ea2b312d076c43e391ef268d81b68cdc32bf072,1,1,0.100000
0x4ea4f3342aa868c96b9da0ad0e3522386dd85f77,1,1,1160.810000
0x4eb54486df8cfa749dea84109d5e614a7fa72556,1,1,0.100000
0x4ec8039aef1f18975c7c110dadaaf7329ed1b91b,1,1,20.410000
0x4ecee137419711cc82efb34c84bf3b99ef304f7d,1,1,0.100000
0x4ed888b5f4f8fdcf6877c017795cd6ee71f6216f,1,1,0.010000
0x4edf2a54c31874c2b5c1ebf42739a787b47ddf09,1,1,69.280000
0x4eebc8c6f216f50f89615792e0640245f3cae625,1,1,250.000000
0x4efbc54ae0a502c26c70ac26104df834c6fb6689,1,1,10.100000
0x4eff97451eb12ce4c61e88d6e648ad54b6693a5b,1,1,35.190000
0x4f0737b83fff256de24ef90f3ac7139e5d76c2ab,1,1,103.890000
0x4f18e22950858de6592d5a32eae6c4a9de564f47,1,1,5.000000
0x4f2112462f02ff7238581f21f6260cf2e56c69b5,1,1,54.550000
0x4f47e998bcd1390cc0efc9c4e2a4c261b52bafd9,1,1,0.020000
0x4f4d2a341593474dd4b20beb45aac73db70755e3,1,1,0.100000
0x4f53de99bc9ae0a5d09407dfd3159d449da403cb,1,1,5.000000
0x4f57b5b51a1dfc8acd2b7cc7bb61c5277be9cf97,1,1,10.645970
0x4f5e72a49d534313acd90f285ca9bd90d3f526af,1,1,16.000000
0x4f69abef3095e94dc993e864e32ab899ad089634,1,1,30.860000
0x4f6d453615fe9cc7335597078d0b8e8491e0a9ba,1,1,0.100000
0x4f9817e01817f03664fba852a6b0ec9d46fed815,1,1,3.200000
0x4fa0653d4e1b37217ba9537c22d5ad7bd4f255c3,1,1,47.280000
0x4fa71ac2a4784f532398f1b7ce04e2aaa68e5fdc,1,1,0.010000
0x4faa070f2a89bde472ffc70d29a85f7719d03ab4,1,1,60.000000
0x4fb82ba7a2a764bc99ff30152d0e9cfacb92e90b,1,1,0.100000
0x4fca0d78e735e10663823fc2f693494e079f2c50,1,1,0.100000
0x4fca12d0c6f16d4e1da55f08b91722fb11a8e912,1,1,15.150000
0x4fd4503841e47e275563e5f97521af1350b67bcb,1,1,115.670000
0x4fde2b2972b65c46413d0bad6de4a977817d9cbd,1,1,0.100000
0x4fe1df8d39545a4c50bf4173efd8425b02253586,1,1,57.570000
0x4febb70d60e246792c4f1abf5dc367721b56c850,1,1,0.100000
0x4ff4118c16100bb05d3eed3cdd476f74b9df5b16,1,1,34.550000
0x500dd6ada9ec36a08e00fd7a4d6b1e5fb2540cc0,1,1,0.100000
0x5018d9a569cf4807645483f4d967e3a04f368e15,1,1,115.930000
0x501b938c6ba7dfe50f9fe629f04bafd280a16e6c,1,1,0.010000
0x50246090bf6e2c3dcb952beaf806e6d4dde456c0,1,1,0.010000
0x5025f0b5a3c4ee8c464adf5c2dad4a4dc4352cdb,1,1,57.790000
0x503af22e50a141d9f1a86aa0b67b8b87fc9f9988,1,1,116.590000
0x504696a7ed9bd11ecad910a9d977f01149b59f55,1,1,0.100000
0x504e30d28db04cb6307acadd4969aaf459836cac,1,1,38.230000
0x505570aa282b3f5739499de4f3192275167f8c5c,1,1,57.978672
0x506969229f8cc4751c8a8d5a75633a291821bc55,1,1,0.010000
0x5069a44e1ba99435910c101fd4dca0bbab017cee,1,1,6.400000
0x5069f78270c4b09bd45a1056a2c2bb61f1637206,1,1,0.005000
0x508890103fd2bc7b70dd2e707977f7ba858de53e,1,1,0.010000
0x50c3c955ce22e65edcbffa3ce1ac6eba6df7f651,1,1,134.870000
0x50da6f158ad5a3a9a2e04881286621c163f65d85,1,1,0.010000
0x50dd8ee6606928362559a91e3e58f5b23281acd4,1,1,0.100000
0x50e1799b568775461e6716c2c9310b6c8dcff6ee,1,1,17.444520
0x50e1afb80dbe0216a032d663988f779baf752a1e,1,1,0.010000
0x50efa27bfbfac8da89ae7d66d72e4d9e2673dd41,1,1,7.876100
0x50f97b41065afb188ff05d2f8d98084b4812b20b,1,1,0.001000
0x5104e3b6b9dbb5e90761023ae62887ba9391caac,1,1,10.000000
0x5119ef7e2cb43750e7cac9ebc1d4967e4b37fdc5,1,1,4.760000
0x5124947a85acc60a63106c4a43745661e7c2edbf,1,1,0.100000
0x5148ce5011bd3c8fd8b55a59c12128d2058dc3a9,1,1,0.100000
0x514dbebd044caac360d6a809256a472f05a0c5d2,1,1,0.100000
0x5158a10a5f55004c2165ee747be572bfd2b7deab,1,1,11.120000
0x5158b6cb4261d1d0a39e191b16e57da28388c150,1,1,0.010000
0x516147a992452c4408a3ebeb0ac4cb51334e67f0,1,1,0.100000
0x5187b1d298c966d9e183bde14aa7a1dd0ce0bf8c,1,1,115.110000
0x5188d15121e4ffc7f9a3aaa2d5db3f634fba9397,1,1,155.700000
0x519f4bba8d60b6d0fa5418def24f5ab4d4e8ccf2,1,1,28.840000
0x51b1ecff49b44da3492fce0ffbe1e794577d500b,1,1,710.000000
0x51c60c7e9ceba113d09694d9d154e747cb1c00f8,1,1,231.090000
0x51cd956a1b90c7655cf38926fdab181f2a4151af,1,1,0.003000
0x51d58ff44f221945b6b6a79a10b4ff424c923ec7,1,1,0.100000
0x51e859dce0a6487831d8320cdd052dd793c22d16,1,1,0.010000
0x5204193b4c4f93b8c1570cf14b86eeefac4e5980,1,1,11.500000
0x5208abd3fb2a42363613bab6ee4f05f6a37ebf97,1,1,87.368126
0x5210a78f8d96b06ab40eb04cba7960dd95b3a85f,1,1,25.250000
0x521faa2f05325b7bd85061fdffaea2a23c87faec,1,1,0.100000
0x5237f8cde2aedfeaf88a77de0ab0037654553781,1,1,29.000000
0x523b607e78be354cd6312ea3ff90e5b9173376c5,1,1,0.030000
0x5240641a6887eabbf3f45639d965eb3e45628911,1,1,0.100000
0x524a0e29f56776a33b2fdd912edf63e511909bbb,1,1,0.100000
0x52545ac58b0a93d5c7ff3a1a761bdad8f752b87b,1,1,0.012600
0x5257b84ec2375608431ef5606204684f3c85dd43,1,1,0.010000
0x527da07baa42d2b07acf153ec2b50c09de873b32,1,1,11.520000
0x529610711a941ee5c02b0ac794e8f9eb2fe92376,1,1,0.100000
0x529bddc5178dbcc6b6aa4b616fce934b451b45c6,1,1,0.100000
0x529e45e618db89f93cb974a2d7f3896bab56eb3c,1,1,28.580000
0x52abd645bc155f225a0823a8502e5b8300f1181b,1,1,0.100000
0x52acd86254a2dac5e1c336383752e2f979c22eb1,1,1,0.010000
0x52bb13b122d683b8a167a0b4ca314f68b9ba4dc7,1,1,0.010000
0x52c208411003f367fe8d44b2a7d28fe45bca08da,1,1,11.380000
0x52c9590909227967e008dbbc68946d5e27ee1ce2,1,1,0.100000
0x52caca88996e02a2a59b4423e4f847f7d3bf23e6,1,1,0.006000
0x52d2bd2a41e037e9d754abcc26d774f51c607374,1,1,0.100000
0x52da331c1c3c7d2e099e6f466af9c34a5c981183,1,1,10.689968
0x52df68d946737038dfb63990015ef51a38f4cc73,1,1,0.100000
0x52ed7fb932f76d545fa5a05e34ea309bbc6dda61,1,1,0.100000
0x52f0915ad120b4001a0efde81da4b85b064dbd50,1,1,13.370000
0x52f289971fa38984dac6fdf7b4ee21577afdeeaa,1,1,68.520000
0x52fa07f212579d70be72f8207dbc4390c12db27f,1,1,62.610000
0x5304e4c065840f61c12617cca5758e9c56de7a22,1,1,0.100000
0x5314fc582d997b0654c079e20af50cd55d04d65a,1,1,9.580000
0x5327025ba5d549ceb9f0804f88230a489647a004,1,1,0.100000
0x534b97b9c41f4efd0550940821818dca7becbee3,1,1,0.010000
0x534baa656c653137045c706eb6a3647643fe13ff,1,1,0.100000
0x5352c38328bed7744e585fa6b8148e1a6680e41c,1,1,0.010000
0x5355387d8bb600888df7fb1e9681ad4dfb5a22e9,1,1,171.200000
0x5355750318f8486bd43e0f8e006db6eacff2ac32,1,1,0.005000
0x535c900430422c241516bab9cff214e01d819126,1,1,1396.000000
0x53620f71dd3a4948b106dd06f1bd4c6ff4fe58e3,1,1,0.100000
0x537003abc1ff7f84fc27db330091945c7487784c,1,1,11.370000
0x5378840fcf5b7a378c0a8d2e4460b8edfc44b9c1,1,1,0.100000
0x537dd70e5c51a8d21a41b71cf95edfc668c6bcd3,1,1,57.860000
0x5381e60fbbc393796390e0cd3d0ed4bc517b23a3,1,1,0.005000
0x53852d8489e1e78d97afaff337201ccc9c8a3ad3,1,1,57.840000
0x539ff47ace36c41dd177003980405ae95a479ec5,1,1,53.280000
0x53a594ac4cb361e1d334751a4548e57650b20a6b,1,1,0.030000
0x53b014293305b45addb23e676063c16dacf5cfea,1,1,0.100000
0x53b106b85f0da962e3db19c4ea51eed853ce76eb,1,1,88.360000
0x53b8f7ac474aca8893b817c25fb8ed48a4e35eec,1,1,0.100000
0x53b90e0f334fcf3b8941887f4e975277f43933b4,1,1,0.100000
0x53c2519b2f4874d59adfedd0571e4ff991952c12,1,1,0.003000
0x53c29295444c69744ed4f8a44ce21e79163452af,1,1,91.830000
0x53c507a1a637c4ce64dd448d9d86ac612a2915de,1,1,500.207186
0x53d9f6befa7cebd9ea93feb45c1d488048514dad,1,1,97.470000
0x53dd1be6e95ea86632d90745950b84771a4ded4c,1,1,10.200000
0x53f9bbda6ecb55561c32816c25885c8ce04f9ad9,1,1,15.820000
0x54020cbeba4d02307375f429d36249e16d729c19,1,1,34.620000
0x54040fc59774a9f17a3195ba31ea97a22dd7b332,1,1,2100.000000
0x5405dd668ac8e1fc07946198423e258557838c38,1,1,53.690000
0x540716903621b7b50841938ea1662e803681b188,1,1,0.100000
0x541152ea04373acc8d6362ce689dc90454f382af,1,1,6.390000
0x5418aa7c4d793820bb89fdefa94becb32767f615,1,1,0.100000
0x5422131c5008c40ca8b9a7df370897451fdd4f75,1,1,0.010000
0x54251eb812130ca8edaa8bdcd77e91a64be58101,1,1,0.010000
0x542833ce426086012fa76a4d58328469239c47b7,1,1,70.810000
0x5441e5db0315a5ef6276ac6d9187fc056080fb8f,1,1,0.100000
0x544a49650205a4dc03c51777e2919fc2a42f3223,1,1,0.010000
0x5456d13d59bf9fcda2c13dc9e33b628a53b0d827,1,1,0.010000
0x5475b936971e89d1e1c7893b4e0c0a0bdf38e1b4,1,1,51.900000
0x54877c90d9b4561f5374f2d1e428f72c506b46d5,1,1,43.800000
0x54895032c0140bc69689fab6287c945a9f286b79,1,1,0.010000
0x548d8ae6decc502dbb281470c4444c23ff0f7186,1,1,19.000000
0x54999fbb96cf45c777a5892ad2fce379b4587809,1,1,11.560000
0x54b8b855de9313544e77549fe16fa79050e76454,1,1,6.270000
0x54bc39e39b2c9a77bd9774db76aeec70dcb6386d,1,1,0.010000
0x54d7731d24328ba189b61c0b12b0291e98b6be6e,1,1,0.010000
0x54e1b80d314d4b686c32db3a3fd899b63988997f,1,1,5.100000
0x54e61298f85374002d31b80e44a3ea3047c7a21b,1,1,0.100000
0x54ee048f0a11cd1d76607a4c9a283f0d6826e8e6,1,1,54.032136
0x54f1a91f344c58df27e6075b998b05f1c17e6a2d,1,1,0.002000
0x54f328b9e6152d97b5c277d1dd012d60fac91036,1,1,0.003000
0x54fc7d110c5f314390bb26479a6605e6e793bf9e,1,1,20.410000
0x5512c6611f1590d0124656c3ba04cf3968f68378,1,1,0.100000
0x5524ca516414151cd10d6638d324b312aa67def0,1,1,0.005000
0x553d1c582c96d9bddf00b79af899973f0855c49d,1,1,3.100000
0x554b52051966b2e2004a87f7ae4cae18fae243ec,1,1,22.800000
0x555bdc70ab1e760b9a2b6883fc95f5f86a2c7b23,1,1,315.420000
0x5569918c6aa293298a9f007a3eb38e6430eff579,1,1,349.890000
0x556e408f4d7209b3a5a5b055ba54796bf6045f1a,1,1,0.010000
0x55753a6ade8b56cd852a6cc4d703f985b7f7a804,1,1,110.700000
0x55897277a818b1faf791a7cdcc151a19975630d5,1,1,0.100000
0x5598743fd360e8fec7e08736e92b0599541bfec3,1,1,0.010000
0x559a134914802d317bea1c62f33979456145f31a,1,1,28.470000
0x559b443989d684876c74f09e5480484c87cc5629,1,1,0.010000
0x55a0a061449f72f40575f54d015569038a69f88a,1,1,173.550000
0x55a15d3d776927203e56115d0496ed44340f64c0,1,1,0.020000
0x55a694eff893e688e12570c46a851d2dd9831b94,1,1,0.010000
0x55a9d05f3eefeaeebbbea39e6009d56d0538f633,1,1,0.000010
0x55b02afcaa0f492dd0ed8f1e56002dc461deb42d,1,1,162.143000
0x55b7522ba497ad70f05a4d27d5fb240e04f269c5,1,1,221.400000
0x55b95bbe30ad06a4df0ce7ee35b46d644a371ee0,1,1,45.870000
0x55be0a42d17bb48b7011c40246e8d04ad6bd53cd,1,1,143.660000
0x55be2d9a61f6a3251a11d7c791df06cb8be37c65,1,1,0.010000
0x55c4932cda889d4429aa1c6044b356a4f9bc2fde,1,1,0.100000
0x55c63b4f2b8c87b491ecc31c9ed78e9d41f25d8d,1,1,207.732256
0x55da704a6ca0745d35cc21093795ed06f2e2242d,1,1,5.540000
0x55de1b110787ce325a964a30597c5e472b2b516d,1,1,0.005000
0x55e7275bdd1aa1002bfe8080a6ca62538bbd51d1,1,1,0.100000
0x55ff690f3bd270a9ee9e99daaad4455ab1bfff12,1,1,0.010000
0x560040fc2f85f1ee44f79ad7fdeff88ef70db1ea,1,1,0.010000
0x560a05a21e43532317e67b9bb92faac14f314581,1,1,46.750000
0x56127c7c8a867ac72c13b6c07fab631a450c2298,1,1,0.010000
0x56152df4b4516a13090eab6675f04c67c4afae72,1,1,231.380000
0x56177312cf4a8fafb11c1061d5ed6a804e4a7cdc,1,1,1.850000
0x563b5570b69f3567b4a123a607cd81462f7aaf3e,1,1,0.003000
0x564006f06e89b68a12729fdb10cc079dbea7ece2,1,1,0.000001
0x564b3a3cf630d7b3b35ae78e47feb074bce2b06e,1,1,582.120000
0x5653765f45c6f51654d3ce94723b37a28e6b87c4,1,1,0.100000
0x567d6c62a484dce7ca0c71731fb156fd29c62c64,1,1,0.100000
0x567ebcd46db28cf2812f6c21536f726111cc0a74,1,1,13.423570
0x56875226677b231b34744f76317026939ba26300,1,1,255.000000
0x56bdc2288213a5b815d6d6d74ce613a9c73c1daf,1,1,25.090000
0x56c8989222ed293e3c4a22628d8bca633ce1eb99,1,1,0.100000
0x56c9e49b35f7b5f62aec4a615c50c0c44df6f94c,1,1,0.010000
0x56d0ce7f288089525b5c811f835306d9798b1621,1,1,0.010000
0x56d8c95744ccb69c4db720560b4ed3d48c9efc92,1,1,0.100000
0x56dedbc7b07053ee8fee6fa43e03f6f3b199121f,1,1,0.010000
0x56e45156412dd57cf1e038153d05a75b0b610375,1,1,22.000000
0x56ea856bc4597f95e4bc8eae17a32ec4ed9d5fd0,1,1,11.180000
0x56eecf24611811bfec077bb846dd81e430d9771f,1,1,0.010000
0x56f13538a106bb1c3e783419020e07ece3c63530,1,1,2.020000
0x56f6b2da2adb6d22826958e8591e7cb1250d0f4b,1,1,15.000000
0x56fa6d2f73b4fef1d34a014f6a1bdb1c945dbef2,1,1,14.710000
0x56fc586c6210a9fc348112431252c53cee8981a7,1,1,0.100000
0x570016550fbc371f25144bda2fb58696f067d0e4,1,1,0.005000
0x5700733fed0de6456687693eaaa59ad37d314772,1,1,24.798952
0x571118ea8638916ec5cca43ffed011563134dbe0,1,1,0.100000
0x5713acf41fb8b4d330de95ed47a334c5423e5d08,1,1,0.203804
0x571c7a6453b4dd7fd6560c19a21ad00c2018e2aa,1,1,510.100000
0x5721ee9cb49dd41b741c86cd017fabfa7161edc7,1,1,22.490000
0x5728b9900f9c927b396c8f5df8bf425d5dc1f985,1,1,0.010000
0x57294a9ffd931d5e0619c1c19c33b440ca1fdab0,1,1,165.990000
0x5738faae349894c9e0fa8dd28325280081f39cba,1,1,0.010000
0x574c67467b327f3cfd7bb1d77c6e5acf12e6b3c6,1,1,0.010000
0x574d181a8b8070f28eab46ad42468d0ad83f571e,1,1,0.100000
0x574eadda6ecd8707d062ec89a5cf934ec6111241,1,1,0.010000
0x574fd4fffb9e2605fbee0d64809bdd45748117f3,1,1,0.010000
0x5775385adad2417677839681f261c86266477660,1,1,118.400000
0x577e1665160495dac86010685df9e35dcadfdcbd,1,1,0.010000
0x5798e4ef581cb4b3e034c4c9bea96d5016f0285d,1,1,0.005000
0x579a6dad1ef658e6dd2e38195887ffda38792df5,1,1,0.100000
0x579c68bfd35e7982315597a04d46a86d28341118,1,1,19.090000
0x579fcf7873721f94a6fdf7d96075358bceab8939,1,1,241.770000
0x57a2db5785ca2fafd2512cfa38515ba29042ac97,1,1,0.003000
0x57ac9d619989882c09767e18b242671b0271a636,1,1,0.010000
0x57b7434f58279d99f1c80ac7ace6795a9b284555,1,1,0.100000
0x57c3efc8f99c907edbb162a618e7c5e51d666724,1,1,0.100000
0x57e60acbef34cc95c83e42ad7695354cb0ae44e0,1,1,57.680000
0x57f6e8cf894f4d60154e4870b5535f8b7b3e0ef9,1,1,0.002000
0x57f93aeefd4f3e2ee9f60c8acfdf7f5b540f4b66,1,1,80.660000
0x57fc035e7f3231afc3c8d6392cb26243497a4696,1,1,0.100000
0x58019846c4a6769926baef500194012ee2d4d3bb,1,1,0.010000
0x58075cf3598af7f06010688fc90542bbd5654976,1,1,0.100000
0x5817be64b65b70783704d36a14c633a70cde6b6a,1,1,0.010000
0x581a2796fe3c8641ff9aff23c4a71ce8c7b8e86b,1,1,120.000684
0x584181c8f25cddc31ea3407b0faed467474c0e1f,1,1,17.490000
0x5842e5ef3a4c44702fc13a875832305f3046759a,1,1,510.012746
0x5846c5431cc940cabb437694f85481c4a1a1c624,1,1,138.400000
0x585c8f95ca4459dd118fb23fe24786762c87fe61,1,1,3.500000
0x586cec9769d299858d1c9ef9e9aabfd90b357fa0,1,1,11.550000
0x58779c5f4d37bcf753268dd40e940a018a4fae60,1,1,0.100000
0x5878ddc3c5072645189a644343d22fe3b79c1c6f,1,1,0.100000
0x58791aa2183c25f7588bf2f41e8333eff9a72cf9,1,1,116.040000
0x587c7b2cde5442a4b075d44a5a3d828c4aa0c5e1,1,1,57.700000
0x587d931fb01ee66e1e78666a0bdd947eb6de4f17,1,1,0.000150
0x587e034b1a934cdb046f2ea66fa19d90643b176e,1,1,0.100000
0x58aaa49d168302ca76cc1e7939bec6ff1e4db040,1,1,0.010000
0x58b3c8ec2d8d408c3f2f83f947893b3af2b45ca5,1,1,0.010000
0x58c7e59ecd7702625cf102a5392d6f4656af199c,1,1,117.100000
0x58ca944a8466298401f388ef9ff98f61bfa3a328,1,1,0.010000
0x58f1abd570c970e2adb2e77ef451bbdd63a97cc7,1,1,0.010000
0x58f22519013de1a8120db497b100bb407fd3575d,1,1,0.010000
0x59142e3989787671be2af637fd2be8bd3a1a1546,1,1,0.100000
0x59315e2e87ef997ace3cc2d39b57065bb60ad990,1,1,328.490000
0x5943cc62a3d56f138108d7e67df21b70e994ac75,1,1,36.440000
0x595455d4dff7c48780a5fd1b948afe8b95aab552,1,1,0.100000
0x595b90548ebf6314d660c7e6e4b96a925ea982a6,1,1,0.100000
0x59766a0728906ae64726bee04db3b676978bbff9,1,1,0.003000
0x5976ffcc27b2dd6de20a1d7dc732005c798d92e5,1,1,281.910000
0x5979cb3128fb0039888d208e9cab51aa44cedc2d,1,1,0.010000
0x597c94516bc6fe05b6eb3dcbed2dbed1f3940812,1,1,0.000020
0x59883f838c1c66b86643173cde155cf0928c8c74,1,1,0.010000
0x598ccf369f51d5d697ffa7c00155d4d57f952a6f,1,1,1066.070000
0x598eda0136a9e16fba38af6d530e30a2fa4b31d8,1,1,0.100000
0x5993f49c1846c85e7d6f17c4ffc8552fcc817520,1,1,64.480000
0x599bac65546bcb7514fd8ee33bde8540a055e938,1,1,510.000000
0x59a1164820c8f359a9fe366fd8a173bfa7e1c349,1,1,0.100000
0x59d554fba1462de38a6a5a5c648e4f8ddaf65a04,1,1,0.003000
0x59d5828cce6e2c2d5c4c2d4747190b341deb79d5,1,1,14.580000
0x59d9d0399cbd8ee6e8230ecca821e7ca82a385d1,1,1,0.200000
0x59db85ad04c10fd7c904778beafdd58ef2bf0e0f,1,1,0.000010
0x59debf1650dc6ae2b1a69640bbb1bfa9424817f3,1,1,1.496238
0x59dee1d92defaf30cd611a2961edce8c1584ef75,1,1,0.010000
0x5a002995b969e5b5f328cf92310c82321e96078f,1,1,37.000000
0x5a0e6af316a3d7666f5e747182ce02dc6e060961,1,1,0.002000
0x5a18cc9abdb431a5c966752e8567d91ee051780f,1,1,0.940000
0x5a24d15d2e4cdf27bdef32ab10303e188244f462,1,1,0.000150
0x5a25d5825d1cf137c2c50d7a84ffe7e92d9291fa,1,1,0.100000
0x5a2aae94b203af9d526e7c3c43f86002c1133018,1,1,0.010000
0x5a2b6ae3d09a6a5f90b0fa027b8aca295547136a,1,1,120.000111
0x5a316ad154eb7ec93a5cfd025498671b936314aa,1,1,173.270000
0x5a355deb314d8f953307f5d01c496741d3adb4e0,1,1,11.560000
0x5a39adfc67a7b67b53beb4edf623f3c967fb34cc,1,1,0.100000
0x5a41e6080d9a2dc24d60fdada2d8754b9a9c009c,1,1,1068.090000
0x5a4319cbff742ca6fb5429926140cdc3be9afdab,1,1,11.570000
0x5a4ccbfd23be24a41ab9e8a1f67970a27c27adfd,1,1,56.880000
0x5a561345f7927ab72e1b3cda0b18d329675064e8,1,1,0.100000
0x5a62ffb793443450e04368aab21015336cfe9da7,1,1,0.100000
0x5a63d53d0cf6ba840f5c672d0318d84167b71c45,1,1,0.100000
0x5a7dba8fb031c398f67bc46002c32a945edfb384,1,1,0.010000
0x5a81470b5c152571332dff6b7be0b6e8fd0171dc,1,1,172.860000
0x5a87854c7ef1017a347f03f02c8445e335c51b39,1,1,7.970000
0x5a8f1dc9879f00794a4151aced0626a215b43f7a,1,1,6.000000
0x5a94053a7fc2d1c5b3bce60a7d3781b9f9d43448,1,1,7.616731
0x5a9be2500af7f723f4b9e08529f121b091b1e5ea,1,1,0.100000
0x5ac20d8434b569a00991150f3ee964e948032dc2,1,1,0.010000
0x5ac2ac420e5f99cfcde6aac598736eb3ea53c322,1,1,0.100000
0x5ac35395793147313e56ca9646758db3157372e7,1,1,1.000000
0x5ac4dc3fdb6a2b0bbe6607ff9dc6e3445e3608b0,1,1,77.390000
0x5ad041d99b28c76785401c4e79334c5d8537a687,1,1,28.905937
0x5adb020c8bdf9b0fc098c16ef995fe14e600c4dd,1,1,0.100000
0x5aded02588661b8bca3505e8006578bc2306c5f7,1,1,109.260000
0x5ae17886fa76e8d97eacf7dd8d5330dc976c37b8,1,1,359.390000
0x5ae272e307c99c299e192c682767d7b29453ec76,1,1,0.030000
0x5ae991db14c4de00955551496cfdb507e4881b9f,1,1,45.000000
0x5aef764e50cda363eda5051eb293ef65edc17a40,1,1,37.940000
0x5b02619e77cb133d34839f37270e422ed94ea072,1,1,10.850000
0x5b0e389034c90bed8cfb82071719fd79332b7608,1,1,500.000000
0x5b1026ecf869b0797bc9438e1b520163167d6ff0,1,1,6.960000
0x5b11cb3f4482059b4192fb14e941feeab87580b0,1,1,11.060000
0x5b1572b941aab0c5b38bf289e7fecdee4e0ee808,1,1,0.010000
0x5b19c58445a9f3867dca95cc422929ef3a6c0d57,1,1,53.450000
0x5b26e8462af8895aa58453cb9a7539b0302e711d,1,1,0.750000
0x5b3235fdbbda9d65618bde07a727bea382aa0af2,1,1,0.100000
0x5b33f546af19b044b2bd6130ace3c4ebf692969b,1,1,12.260000
0x5b37cfc0fd63daec0a0019c70df3e181174bf212,1,1,0.100000
0x5b47901254de4c125e5447ac027951071a92a7bd,1,1,0.002000
0x5b4b16e2c3fab706a1500e72e7b0f129db6d4043,1,1,5.530000
0x5b50683ec8cf0aee3bbecefcbc6c26bca12be164,1,1,0.100000
0x5b53faa68133c429064eac177c5b4b4235314cf5,1,1,0.370000
0x5b61000f9c0b68cac42b4b5ce1685adb84c31b3e,1,1,51.000000
0x5b6d55a8c6e40db7a6ecc822c8f7c8ccf83d3ff9,1,1,22.330000
0x5b7048b2f2a6f453f0555cadc8820a97ba6746da,1,1,0.010000
0x5b7769b8e1271e55647d15062597ffeb376de17f,1,1,8.380000
0x5b8830dc9a41bf4098a57793bbe8ac1e83ffc8ef,1,1,0.100000
0x5b934a17cb2644758685d187e6d715838d773ab6,1,1,0.100000
0x5bb014d80344edddbbabd89490d8346393c89b42,1,1,0.100000
0x5be01ce9a6e755c81f9d890214a0d3550072d957,1,1,0.100000
0x5bea0c66b4ba2b2d659a0f017e10b313a6463b29,1,1,34.060000
0x5beb6912fa13c0b8f871c0a1f706ce6bbe73941f,1,1,57.690000
0x5c0f6b41ab55ff906277f365f734fb45fa04ef9d,1,1,0.100000
0x5c15941d8c75af729b6deda3e6dd5772663ae757,1,1,50.000001
0x5c190c8f3b8779d86ba149924d9b8a84d96b21ec,1,1,13.590000
0x5c19bdcac98b95443cc977e609fdfd843605e559,1,1,86.750000
0x5c35155c1ccdafead6192ddda7ab0b84ca645787,1,1,0.100000
0x5c389f9dc031190553259b2a88ef5d556c2cc8a6,1,1,11.150000
0x5c4ca2595612506f8c5d7f7e0b1d76d79695837c,1,1,24.990000
0x5c5495b6b64506bc421b0b38aa5d318477d911f8,1,1,50.000000
0x5c7d0c22a58183257ad6117f3cde5306b30437a5,1,1,21.750000
0x5c8669b89220001d9d5aff307c6ab6698b25062f,1,1,0.010000
0x5c916c79f15ba2b6b3eadd1e838b6a8e1225e88b,1,1,4.720000
0x5c9d471d35d33d2cd997132a75798c7c30844a05,1,1,0.100000
0x5ca32309bb5ef95ea6951ad2b578c6e8cac044b4,1,1,4.280000
0x5ca9081737871594dbb9195bf4c90f9942f3176b,1,1,33.860000
0x5cc045b28699f47f0baa9f23d231c41bd70a3479,1,1,0.100000
0x5cc9cd1e9334ca0843c70aedf2370e168f476705,1,1,173.400000
0x5ccb3a5e5606180d25fe0bbdb1008b4b3a1b1715,1,1,5.580000
0x5cccaf078568966ebf68691bb99af1acabfd62eb,1,1,0.020000
0x5cd0b752cd5639f090f523101da2c5251d81f1e6,1,1,24.990000
0x5cdb5e532f56d38061eec0a781b5196b66044304,1,1,0.010000
0x5cdd13b43df01ebf286bace3206c3d952fcf200e,1,1,2.020000
0x5ce56188c123b55ad745b9021f07bbc72f40109e,1,1,20.000000
0x5d052a9ec939b5479f00eea942e0f2290ac4584e,1,1,21.560000
0x5d0c902be2bb9bbcff1e1c4312511c77e5ba6c6b,1,1,234.870000
0x5d1eb0d4c9a8f8b6a8fd5a6f1a981c3bc4a4db33,1,1,0.100000
0x5d27da8cb7ae347c749e1cffe4d5c9960d32f032,1,1,0.100000
0x5d28d78281be0ccfe08d2668b82b7dac75b71e1e,1,1,0.100000
0x5d3bf932bf3680e18bdc266cace13408dfae7ec3,1,1,315.410000
0x5d47f9650cd3b8dac411361cc26a1d27e3319876,1,1,0.010000
0x5d48249d4e7bb047e1c22325d9abef0076f76b29,1,1,0.010000
0x5d4a7ae51015c19922b6e671bcb4146ca90f4eaf,1,1,17.290000
0x5d5a0f2659322b2a62c6ac0fea9a1bc4bed32575,1,1,0.003000
0x5d5c4c6f24e5dcdeb14fcaad2bc0982552c1e73b,1,1,50.970000
0x5d7071850f3624ec0ff37c937e7628bfe38ae0f6,1,1,300.000000
0x5d79ca3636196a06f7033527034dd2178398c79f,1,1,0.001000
0x5d8b756ebc7f5cdaa9edc3bccc9b982be7640ef4,1,1,0.100000
0x5d8c9eaef8bd2b8b6243087a2295438a7d9fd925,1,1,0.180000
0x5d9a7d9c3b0b5f3ca6f6f53786ed2dfff0656586,1,1,0.003000
0x5da10835901d495c2f2e628afe444d88a5bcdd3e,1,1,200.000000
0x5db4082d8a956173c3a7a3120f47743bd7d75543,1,1,32.640000
0x5db85e353cfe2e07baab5ed2e0b2b8d4b53fa376,1,1,584.070000
0x5dc00610afec192580b5415ebf68db6e26308968,1,1,57.500000
0x5dd599b70d35a46c116766f59cd6640ab3b6b7af,1,1,0.010000
0x5ddf789b29b49d1786bfb4a1b0ff65153425a4a7,1,1,8.000000
0x5dea19215369b095b20c2f57a2cd2ffa30cbe5c9,1,1,0.010000
0x5df057a4ee9565516d827771b2abefac054981df,1,1,0.100000
0x5df1c76ff2b00cce8f6b227e723d44f66ec47b0c,1,1,0.003000
0x5dff71eb7b4279ccff55888cbde2814dbadd624e,1,1,0.010000
0x5e04018b989a381709aca4ac6eb1197f9ba187a6,1,1,0.005000
0x5e0d64d3dc3388aaf223361af667782232a15ff1,1,1,28.460000
0x5e1347ecf9fbffe764c2ac71e1bda801b0afb78f,1,1,26.770000
0x5e1f0c861dbb8eca7f58f1c13533adb9572c2ca2,1,1,100.000000
0x5e3143bd07cdc846bf9a0975c579aa300aa07261,1,1,480.072010
0x5e4b77883dd7f86bf57fd445d4d15e9cfbfd6157,1,1,0.005000
0x5e52376e388d5642b9cb910899d9b7c56b875364,1,1,0.000020
0x5e53e8a30e66822dfcd3e4dd4a85a0fff9437092,1,1,24.978960
0x5e5597feda9d4193c2ece583399d8e17741f9ed8,1,1,0.100000
0x5e68f066d7c1c27881a87c21923fb03716a7fdf4,1,1,1.130335
0x5e68f3192398aa0d80a998747a01e104d5659b9a,1,1,56.070000
0x5e6a3d93f2b04e77880ba3bf038be100a0c37d36,1,1,6.730000
0x5e6bc7a110678185c963ea3c035685a63c450af1,1,1,0.100000
0x5e6c8c235d840662c126161ac88cd1a2b8fc558d,1,1,1.090000
0x5e6f8f9f05966af067b69617630c08e861107167,1,1,300.000180
0x5e9662153e14e63c4adfbf01acca43c8df12df00,1,1,0.380000
0x5e9662251b209790037eb56c613988a5614ed381,1,1,0.010000
0x5e9c85b8ca73aaa47e0ee2e30121a94f8c09802e,1,1,2980.000000
0x5e9dc3d774b4795f557a5a54f75652dcaaaa0608,1,1,0.010000
0x5ea76b01befd0076d779719dc8f579f5e1d1f74d,1,1,44.720000
0x5eb8f4ff33770ea383d04ce83adce5da770e1944,1,1,113.760000
0x5ed86312cea0012cb6f4fee93bcf221c2e90f611,1,1,0.100000
0x5ee7ba3d551270ab7db37add9b9fe580bf999429,1,1,49.958960
0x5eee6f9aa39df27f41b71060afdaa20e55c5328b,1,1,236.000000
0x5eff9eaca7068c946073c3c960214e7ed3b19ac4,1,1,0.100000
0x5f0fc208df4cc5e144155e20c74b4ae9cbd15eda,1,1,0.010000
0x5f13114b0824f797ab9d9442a26e51ab1d6d50bd,1,1,227.700000
0x5f142553688ad72ee1e848a5dd350a75528554b9,1,1,2.560000
0x5f191806eb1ba2a90c42249635e54db319c7c1bb,1,1,0.010000
0x5f26ffd6b91843e8b0bc15fc0c370598094ea551,1,1,30.000000
0x5f27270452d066492e3f794f6ef8589412fd07ea,1,1,0.100000
0x5f3b75f425e2f32b7a5b84edaa2f699ddad14e07,1,1,0.560000
0x5f41489a6789251a4dd5f9ba804118c5b8faafbf,1,1,0.100000
0x5f4770aef557183fca47999cb77fb5b16b93f315,1,1,21.860000
0x5f4ace18b5a099c13ecd4f44524e29d9323d728d,1,1,134.520000
0x5f4e33f54fae01186505f8e014c3eb803224e638,1,1,116.739000
0x5f4f42f0ed44bf1565a95c79a7bf5416c2c1cab5,1,1,0.100000
0x5f58a56c7cd381fa0721920c392c1ee771ab03a9,1,1,53.960000
0x5f594a681145870e77b198506917c14c0fffe016,1,1,0.010000
0x5f64f8954281fc566031d0bbd810c163835596b2,1,1,0.010000
0x5f6c35eb2d5a8aa9a78cba63533aa3dc61b5d36f,1,1,150.000000
0x5f70cb5671a75f9bb0f1133071d2fa71ae861987,1,1,0.010000
0x5f7642274ab742706196763dc6c26a232c4d8041,1,1,0.100000
0x5f793a81d1d47b92c078e37130e0b4134cc4b362,1,1,11.100000
0x5f80faa614d145b858d3b07403db4c39c1d5b0c9,1,1,0.001000
0x5f933b7d9d37bf7c4e27fd7bb7593ffedadda321,1,1,461.300000
0x5f9b53ef5c4351bccab0a9ce497a5fcbb8cb1587,1,1,102.000000
0x5fa432450907535b9f916d2f05b704fcdb059d8d,1,1,288.090000
0x5fa83e48246721817596bade3d50db3b1b687551,1,1,55.270000
0x5fb10ad71bc90658bdb8a42f90569f87d3604cd8,1,1,0.747487
0x5fb4560a20596f24978721758e23ce64e2170647,1,1,0.100000
0x5fbe4932ff1fe7314995da3e3c9de79de01b5b35,1,1,0.010000
0x5fc2ef25719f01d1babd3a91ac208f324f184a35,1,1,116.040000
0x5fd9c6ac5078bc7408e6e9a48c2e7632231f4c28,1,1,139.620000
0x5fd9dffa5e9c1493bccd1535c1d472ed112abd5c,1,1,582.120000
0x5fe2eccd2b5bf69a02d1632e0174e26b95236d51,1,1,0.100000
0x5fe5e2a05db1ebcfb87cc384b731599afd467f58,1,1,494.550000
0x5ff21d35feaf47e0d0c4ce0a2a2a9738562d2a25,1,1,0.100000
0x5ff3fb2fd92d636690d0662eec5a43c56eb7c167,1,1,32.810000
0x5ffc11cbdf0480e0745f1c6456226b808c8b007e,1,1,0.010000
0x6006adfd94a3b3fb8c4a0ac380b620d6c1cbe82d,1,1,289.000000
0x600fecdaf21c439804da74de8c637ab739b36a59,1,1,0.010000
0x602391cced98c858fb101ba01183362d9a6b69a2,1,1,0.010000
0x6059a38b851f212adab9faded012b397cd00f7da,1,1,45.450000
0x6059efc88f5d2d7ba4b9b377c23b801efcf3e4d3,1,1,192.876870
0x60633925643b84535a202db96b5226aa2fdd1e73,1,1,116.400000
0x606bdae028c0ece41b25ad66a611ab4b32e81f87,1,1,13.490000
0x606c373c84a1fcc1053f73d7af4c6b3dc570c051,1,1,0.010000
0x606da5a992e2a2b0359c36f5cac3ea0a1d98fa7b,1,1,204.053650
0x60765d925af0e76db733d6e99a9db2ce22e488b8,1,1,0.100000
0x60782aadc4677d2f259e5cc2bc4d6acf7a951bdb,1,1,0.290000
0x60913935e253500edbf70167358ccf9832ebe654,1,1,0.100000
0x6097c3f57cd62f7448aa0ff911a6cf996be80b45,1,1,55.350000
0x609e674ee7f53a1640a2d5eea218d4a7d1020b90,1,1,44.200000
0x60a7d9da3a5023f91de4458367e87f53b7adc960,1,1,0.100000
0x60b5c874c06978f0c52fa38d74a13cdcbc0dbc44,1,1,0.030000
0x60e0c358e81379da554d515e2a402fd1e5157088,1,1,5.390000
0x60e9e2b97d8f50255a4e0a216cf41a01516cfbd5,1,1,3.820000
0x60ed79aaa30f4b35d2c8be0bb42607e319c2f4ff,1,1,113.760000
0x60f0056abd58300d18ba0566c4458dea98039b40,1,1,0.010000
0x60f05d868263a538923665b24f10d0d929d5940d,1,1,0.100000
0x610195bd765d922ff06483b52e9e413d9f6c951a,1,1,0.010000
0x6106f113ea6131f87dbce5b92972b97d8ec042e5,1,1,15.050000
0x61189994e0b7d0653fef8eb62cd5b0825e6cfb4c,1,1,0.100000
0x6118ccbcb6ead02a2b400df9c26a27e4ca4eff88,1,1,157.610000
0x6139fc75c4ccb6d236ed6b9d3495ccc75f375dcb,1,1,0.100000
0x614034b2686a0bbdff5bf1b3379cc90a5e2a7e02,1,1,0.100000
0x61464725ce7b462c1f4469623f767623028464f6,1,1,0.250000
0x614aaa6e09b7dfb7bf1997eee71dbd9abacba503,1,1,0.100000
0x61514eb94dca3c4d74d36683f0ea3e1e30eb061e,1,1,80.700000
0x616a8635117964c92c371681a9b7208af6caaccb,1,1,35.310000
0x616e142d8a7ebe8a3c99fd991fdbce7c8119bfce,1,1,0.100000
0x616f39a78d075167a133be1c282aa3c01e90f9c2,1,1,229.814957
0x6170dd2bf3b82f9aaa4db09898dfc4ad666032c3,1,1,227.920000
0x61735dc5ebf3bf5af6920abcf6dc8c19ca41c132,1,1,0.005000
0x617aed9b43e97ed134537c8f107356ec6597c4fd,1,1,1.850000
0x617cfa3766de9732bd21e3faaf58dac9c65ff1e1,1,1,22.330000
0x6182f2683a76219d951642bee13c3a9aeff852fe,1,1,0.010000
0x61918295ef380569cb07f5138259b2df5bb1be42,1,1,4.120000
0x61953baeadb4f6119d4c443294b88351cb4870cd,1,1,0.010000
0x61a5cdf242dfa75687e51c5eadfa92a44a2fbcb7,1,1,13.130000
0x61ad695522ec6311115e7a1073b15e2d1917018d,1,1,0.100000
0x61b4867542b85cb910c76fac2efbbb72926912d3,1,1,40.800000
0x61c3ce7082ef4894b07985332ce4a5ec12c83f23,1,1,6.050000
0x61c5dbb617d321c61d6a903aefd074b9dddfc6c4,1,1,35.350000
0x61dddf96d95d785bb836575e4a9005a08cb8ebba,1,1,0.010000
0x61de35637977f3ec7c8cf2bc2898aea63a1a8c9e,1,1,0.010000
0x61e83c8fea4eb252147110e79cc8ba21b63bff9d,1,1,0.010000
0x61eff9b689fc4d5b0cd351f658e7fdd1160de119,1,1,9.000000
0x61f66493f2437b242e3d2538013fd07e8a2ef5e0,1,1,0.010000
0x61f9fd4e872f85a0317bae3e0fb03f75c8529bfc,1,1,0.100000
0x61fd32de2fa7e99062f1e9366f7201b38c4adee4,1,1,0.100000
0x62067346cad9eacf06f0e32bb88225feec1b987f,1,1,0.010000
0x621a5c3f3da5c2a6189e2f6194379d49cf99b1b3,1,1,100.000000
0x621df14ec474c50fe70d9ba26bb818e6421f4c95,1,1,99.000000
0x62221f9af3eb965fac0087e469d66ecc8f7b96da,1,1,21.670000
0x6228a9dffac0653370d494118302a219fe776c0a,1,1,0.999532
0x622ac9fa76c385862384d338de383052a6b3ba6e,1,1,0.100000
0x622ed20c8bea76ce57001ab72102ad84f4333732,1,1,189.000000
0x623be6ea87af5926d22304b27e773684e24b46ee,1,1,0.100000
0x625d237b018a734bbfde609f5779e4ffe5857d5d,1,1,0.010000
0x625f612d3b1b3ff4caa58d2a7b4ff1ae663701d0,1,1,0.100000
0x626e893e7cb110fed5a680947a2768ab782559eb,1,1,0.010000
0x6276241f5174d44083cc845b07564237f9c509e8,1,1,28.530000
0x628d3baffd3adb43bdc68d0687f4a09f526b3df6,1,1,58.030000
0x6291e2a302e73f20a61b98a8dfa3fd160aa696f4,1,1,68.470000
0x629214160a9738e01f16a71af15aa7992ee57a4c,1,1,53.466473
0x6292c2152f7945a68985f8d556ca084d5f75f3c1,1,1,0.008500
0x629b814cdbed1f59de7ddcab0bd48803d5728c2c,1,1,70.800000
0x629e79ed156094163fa56f14f1aa0a075e7ac4b0,1,1,47.120000
0x62a56184276898141c1cc389c7693d5ca873afc6,1,1,54.380000
0x62ac2e597b7456001c17032fc134a257089c767e,1,1,0.005784
0x62afa0330042f6663749d50e16da52aa99a8316f,1,1,0.100000
0x62b6f5e217df040c52794bd3e75fc931f1f10088,1,1,20.400000
0x62d0dfe9873fe2e711aeac8ce0027ffc5674c336,1,1,0.100000
0x62df54654874e9d527d4ce0c56e76b455c931348,1,1,0.005000
0x62e02fa7e9e4358b15a04041376b585e88a3d22f,1,1,0.100000
0x62e51862d0c5561bb6f6d2116499b068bab344bd,1,1,22.820000
0x62e6d4c7052cb2864e82b21a032aba994bad2f3b,1,1,50.000000
0x62fe921c85263b90f21bb01d7fb48af38c241844,1,1,250.000000
0x62fff940b358e0919d6f2bd454dd22846c541c54,1,1,0.100000
0x630dfb024ddc5ef8013244a096b894acb6a5fd49,1,1,35.740000
0x63102325e4d82a1bbb727661861aa6554773b596,1,1,0.100000
0x63127a2f2074fbe0686df88961e19ed1bd7d8b78,1,1,0.100000
0x6319da62a2d5d30f44c5b948e68deba3106b4b7a,1,1,0.100000
0x631cc7236ce665efd6d106b9641da3d97e3c7195,1,1,341.910000
0x6321ba1342e9f8471ed42b18eb6357cecace0358,1,1,0.100000
0x632730254b584938f77fcf2c4f81ea51e46fa485,1,1,17.600000
0x6329aa752147f0b91ae23cbef68bd513c5cd6ad7,1,1,0.010000
0x632e552dc058139461fd52e96978354b75cc9ff8,1,1,36.300000
0x633923280af259c4a3e54ae8bca5dc9cdb81dd7d,1,1,115.630000
0x633de31cb58c861f24bab3a9344bfc4d171aa91e,1,1,5.000000
0x635ba44b4c41f632d8678e875d2c94f2de855057,1,1,0.100000
0x635fea24422857d41d70cf2cb38cb969faf582e4,1,1,4.760000
0x636be32ce6530b096ec373dded0b88ea6ac5e683,1,1,0.100000
0x637132cb5e3801698f68041a5b408ed5069d0c9e,1,1,0.005000
0x63800d79cb7e49e2314d413dbc04ceeea05c590e,1,1,0.100000
0x6387091e3f19767f2921cdf1da7ad98d0f35a5d8,1,1,0.100000
0x63945b896e288f953861ae51f730f43cf784a041,1,1,137.710000
0x6395f1a6e9c690a9e792b26c2be099092285e950,1,1,115.280000
0x63985ba0d9ad0dbc222b97a4e91d8d7d86d16a08,1,1,0.005000
0x63b786f44df4b8ed1e53ed1c0611063d5bd20866,1,1,169.100000
0x63bb2689a39f459f424cfd830382c7167a353028,1,1,126.950000
0x63bc42aec3028a2cd19dac367f1f728dbbfd9414,1,1,0.010000
0x63c39e7a34ec5e609a9447824524faebfa20e63a,1,1,21.050000
0x63e4822bd898a95875c4d2616dd6266437214fe2,1,1,0.000150
0x63e8008c4f0da529285ff84b2627ef08d9134fe2,1,1,0.000010
0x63f5a3bb6b2d8cdfff2b6c2e0475088c29ac5779,1,1,0.010000
0x6414ceaae30610e4552aae4b2df5175987d8c8df,1,1,75.000000
0x641d1d1abbcf62e420f35ee02d729e9ef47c68d7,1,1,0.010000
0x641d6cdce48c4ced8bbfa55ae42b00bffec90b96,1,1,100.000000
0x642260e3b7429a58fbfc8817c81009112a7c5075,1,1,10.050000
0x64324f6cb02936ab31009ff3044e10ba86d345b7,1,1,0.100000
0x6433cd9b2b712b496e3e243020527dbc38df02fd,1,1,0.000150
0x643ce42c4d592e260af0f61261c71c8ed51702fd,1,1,0.000024
0x644b29aec4cfb0718edc91ca289638e4a865f23f,1,1,57.610000
0x6451c161995b2ef9bec013b6022ceaa7aa6157c3,1,1,0.007000
0x645c0077f86dbaa7b8d660dd6c5031841925bdaa,1,1,0.010000
0x64616c87efe48a274aab29e66a9469ad325ee0e5,1,1,517.200000
0x64747707171ce1cc3733befd5b54fecc5cb55bac,1,1,104.050000
0x6476bb9a281ce5984a6424511e678590a8eede81,1,1,510.000000
0x64813df6734ab0bd5b7d5565e2f7cffc69b55280,1,1,69.960000
0x648350ab388efeabca62f6468c04f12530e72982,1,1,2.760000
0x648d8e7af2e48284a2eaa0b96d67af770eeca6fd,1,1,1.200000
0x6495cc08d497423532ce9fb1048ab59d62b9a7e6,1,1,0.010000
0x64d2e5a12979437a26e3c6942cb65d3f691b2ea3,1,1,0.010000
0x64d6115291add3120d1036a53b5d9dbdfa4de312,1,1,173.789672
0x64e26f51d333b6612eeecdfbac4033b62f743c54,1,1,0.100000
0x64e80d4a186bf5afbacdd8f5e881c7a49991f82e,1,1,32.410000
0x64efb5c6e880c97b9cf0412f0f2aff45e15a260b,1,1,0.010000
0x64f079abf11a1baabbb6520f3034bd74dc12fdf0,1,1,500.000594
0x64f6836c11255a2dc873c7d0f70efddb09f88614,1,1,0.005000
0x65112837efcc05583b1e3ad8701def22ebc8defe,1,1,200.000000
0x6515c6f03e5c8e98f50840fec784852b82afff1e,1,1,0.100000
0x65195590c03c963d8baca4f12d4f9426998d6e74,1,1,0.100000
0x6520c5fb849215a3e6f83ccc83ab5b2d2efffd0d,1,1,0.025200
0x652917501e7e0f95394ccde20cbc6586c6c60dbf,1,1,0.100000
0x6537b6bfd6502fcb00e3f4053e3fe01e8abe4ac3,1,1,0.010000
0x653a52a8545b5f302158cfdadc8a26f8e704d4ea,1,1,0.005000
0x653d18d1c6eb9a7c9d79405c2c650c12438ca615,1,1,0.003000
0x6542d578aa8faa344441426dcdeabb2c2aef7687,1,1,68.620000
0x654c14cf62528823a163be7bf7878124b6522ca8,1,1,0.010000
0x655120bdca329cc1a3abb5ce7540f82f10a4667e,1,1,51.000000
0x655befb8a7da3daad789732d0ceef9bbdac5946a,1,1,0.005000
0x656bc020635694c6e8e8e6eecdffd6c4516ee5f0,1,1,57.730000
0x657580a975e639acf39c49d7c642e6c13c74dee8,1,1,57.620000
0x657af5a41aac50f1e99aa2857bbfd9dde73c71ab,1,1,0.010000
0x6580bc2cda85953de357b446bc3fcfc15e88742c,1,1,0.100000
0x65866ce8a7589d007d8356660bd27929f1b5e9d7,1,1,0.100000
0x658791b30de3a753d09231b1f6666c9cac86c413,1,1,108.770000
0x658d537b37c7eed625a518cdabd3fd40d3f5b864,1,1,0.003000
0x659030e2e00f37123878614ee8a51a50beb23434,1,1,239.910000
0x6597ce8f8850d35101f532b0ca8ffcfcac21458c,1,1,1020.000000
0x65a7f893c6b27854197a0789ae58690e741f11e4,1,1,0.100000
0x65d345e14a6fedde8cec35c53099a15ad2e93f55,1,1,13.898293
0x65e5272ce2fc109a4a2f115d4eefce6010f7c7ba,1,1,166.050000
0x65e5eefc0931e2dffc5fe3ca104a527f908eeefa,1,1,0.005000
0x65e6ba124f176dd1a6284dca46171be14f652653,1,1,28.890000
0x65e9ec83fc2ebb976bcf245e8a6736c7609ca93b,1,1,46.620000
0x65fb0bc147c383ae4fffe1c8e6a651baf784e815,1,1,3.620000
0x65ff2ba7f4e5927f6a3c764174f89196c0db857a,1,1,0.010000
0x660672771f0dedfa757841423809c01727002c87,1,1,10.000000
0x660906ca497412a7513b8fdd16d40da0575ea8a7,1,1,11.610000
0x660af7bf3bfeb220dfffd78d3206f8876fc0e6c3,1,1,117.576554
0x6610a0d7ed2c9077341c11cf7f2bc14e441d3d8b,1,1,6.730000
0x661dd3262f9a94e3509dd244d5c829777eb395d4,1,1,26.520089
0x661eae31ec669aa63d5aa114fa7b300753152c11,1,1,0.000001
0x661f433b48813749fe3d9d9cad35d292f0bce0bf,1,1,0.010000
0x662526c5bdfe0def1692f63025540f7dfe7e1266,1,1,0.100000
0x662ed73a8ff4e70858fe176bf0fc844fc7d47e82,1,1,21.780000
0x6632caa54619f1ef3e8a5eb8590fe666b40fcb0b,1,1,0.010000
0x6666ebc4084d381332fdad530f657cbbfdcd00bd,1,1,0.100000
0x6670dfcfd933dda478c69b11cab7fe893ba2d355,1,1,0.010000
0x66776eb6704af91542cf59d0721e84f019d9ded6,1,1,33.150000
0x6681439691c34059515fa6b7b7e01c27ae45f0bd,1,1,409.510000
0x6685d31514be507971dda2a25480359e9020f317,1,1,0.005000
0x66a5b9504aee14f597e57a01ee3d461bf2d7eb32,1,1,0.100000
0x66b37301db5de94abbfbaf0a981839181cf61003,1,1,0.100000
0x66c74f6344468773f480a81374085e20d41b7e00,1,1,237.790000
0x66dd9b34b72694259a91e366569f2075e51923c9,1,1,0.010000
0x66e18a024f9dc72b409c16f25a63ad56b4428bb4,1,1,0.005000
0x66e84b90761d6207bbd99c84aa5e3527343e9e05,1,1,22.340983
0x66eda2b83cd797ab37be77685ced79ce1f9da666,1,1,0.380000
0x670128621ced0b9258042033aacd506890d366c4,1,1,0.100000
0x6702682b72d358194c69562fa10c6f2f4c4a50dd,1,1,0.100000
0x6705300ef58af4a1469bfb17dd39eee0ff36a28a,1,1,10.940000
0x67081954a07bcd67d915bc245245ed169a46f3e3,1,1,11.490103
0x67087341630f367b9a15310f442e92b47dadaa9e,1,1,0.000150
0x671d2c80de834f83c26fd21f49ce6559b9d50694,1,1,1.180000
0x6721d001fcc3d35a23aa24a5580b9693a0d4a344,1,1,0.012600
0x673499b6711982974187286fc9d648f88ec660e4,1,1,15.970000
0x673ea94016fc0b8c86f81b351c31420b1a35715c,1,1,2.550000
0x673f7251228a78f6a137f5028141852d91da0239,1,1,288.440000
0x6740960a6f6f90637947d17df6fd67d8b725ae63,1,1,0.005000
0x675628bdd47492c1c098b91486ee1ecdecb0517b,1,1,0.100000
0x675b4b401f78273566592a1121dbf92abe9d46ae,1,1,61.920000
0x676be3616113fa286036c25a03eb961b54b05a41,1,1,6.350000
0x678385cdc4461761d8b2cff0a84bc176af5ea8b8,1,1,26.670000
0x67844cd91ee663616be47f99e059e097c85aaced,1,1,50.500000
0x679c3e90d9b44c478fabb50a901a39b2e8ce1ca5,1,1,0.100000
0x67a21b763f5b6a11760fc75b975285e4b862e938,1,1,0.100000
0x67a3c13305847bf23033c0a55529d62e903c9774,1,1,0.005000
0x67b2c785adb6857b632b152f93717160faf79a6f,1,1,0.100000
0x67bfbec60895be54498b3f06ab19db6a4dc8a5a7,1,1,4.770000
0x67d2268e2b76ca0351dceaa614e270ee8f4d976d,1,1,0.010000
0x67d800334f45964737836f5b862f84e83451e945,1,1,16.000000
0x67d87112dbef4e131311f1756a5e876a6a4022e9,1,1,0.100000
0x67e9c333b3eeed29fa54b6b06b99d4e3f0cc9d52,1,1,0.005000
0x67fb333505fa7781a5bf4ecad79d6f9014487f65,1,1,59.410000
0x680cf6191e724415c04ead4629721a20d70dd7e1,1,1,115.570000
0x6824ba311ef67655b89b3eac53d8967750b105e7,1,1,224.840000
0x6828c5fee1f8da715abdf1602cb79b7ba9be167b,1,1,7.840000
0x682f41fad723c1babbd2354f78c3b5cbeae83797,1,1,0.010000
0x6839321c4f78cc52dd1121b7e87948452bdb6e62,1,1,270.930000
0x683f72141eed376c55c2d6ff6134f829fff8212d,1,1,24.010000
0x685cdb0cc6332a76821b57b91ade90ad8bef9c93,1,1,0.100000
0x686642a29a9fbbcd35baf61f587997bbdda88d38,1,1,204.000000
0x6867ef8c1904a10e31d856ebbc5d6acf91dbe48a,1,1,2.000000
0x686e2abbdaeec05cd8b13fd61c0a75b359f85527,1,1,2.010000
0x68809530c6e9cc1d010c564fe71f49e74863229a,1,1,0.003000
0x689245515004ca8d400831c7618a6a0245363858,1,1,0.010000
0x68963455770c815f944cd28bf0a3798028066fb9,1,1,0.100000
0x68a0309e5c1a8450aa3d875412e32d6eddff9f49,1,1,20.000000
0x68a0a924d3182f1b8949224785fdee5746abce51,1,1,109.010000
0x68b16119675c60c316d991e626cc2ebf87f88cde,1,1,0.570000
0x68bc1f0631864efa7331f6189c11a638d17c42b4,1,1,230.960000
0x68c18fa74f28067896b78522290d094101fa2047,1,1,0.005000
0x68c36b8f240d9aa8fe5aa7eeb56485776c92e68f,1,1,0.010000
0x68cbb2154845c75df9c61688c1445f36dde7f6c4,1,1,0.100000
0x68d4fb255bae6022a1c53e04b9a67e2d56db38aa,1,1,0.100000
0x68db044033b67869634e8adbede837e442007cbc,1,1,116.010000
0x68eadbf8f3b367e9c10bd6c2fcd34bb41b304877,1,1,0.010000
0x68ec57ef6678663564bd4c39f85d11c1d6ba4491,1,1,31.800000
0x68f38cd88b60b723d150c18d1bdd5f868d7c672d,1,1,0.010000
0x68fe2d314f888216aabc3a347ac44625e54796e8,1,1,21.820000
0x690fdb326a106006ff0ab0ce6efe65e12150bd48,1,1,8.351549
0x6911224cd691777c9cb7baa11654fd883f609e98,1,1,34.140000
0x692493fcc221f8a8f38fdad65254da84158a4af2,1,1,0.100000
0x693839b6f9f03b48d9ef66d773ccbb06a4500065,1,1,0.100000
0x69406e6add988ae54bbb201c9b9552c7771e42da,1,1,1741.990000
0x694b9ba280bb5587c2044772fe09c60baaa729c4,1,1,348.810000
0x694f24231fc21de9006a7ec9dc229d0e97e85ea9,1,1,577.850000
0x696311443db8fd7e5e57fead53cc14f58bdaf7e8,1,1,0.010000
0x69701ba1b711aac729a18a6f4b5c97ca843919cb,1,1,0.010000
0x69775411b2306c3c01bbc560fdf6d8e08984229f,1,1,0.100000
0x6979e303c4b1ca7d6fa83878fe39df0fcf0011fa,1,1,0.100000
0x6991d835ef5e67d91daedaf7559578ef1597b5f9,1,1,40.820000
0x69a7be8d7c49234c7c9c62b5e282ec9b4889af5f,1,1,10.000000
0x69b28b22e0363610699d815a01e7243e71812983,1,1,0.280000
0x69b2f65718a8228fe24b221ab671b5d0f3f29a31,1,1,50.000000
0x69b853a4625a0d5531f6f9a65e85361401358fc5,1,1,0.000030
0x69b8817810c3747e4913e2ba64925b040a19b344,1,1,0.010000
0x69b9c7a7aec45d59191b220403988fc4a2f35b60,1,1,34.250000
0x69bb01d04553eee331f98a55472ab98c64958fc5,1,1,0.000150
0x69bea5115e6e1bbdcab9f539c07c0f2ac8c5f3c8,1,1,0.100000
0x69c95ca1461508c9ce6ffc0da8ef47d4b30106f2,1,1,106.630000
0x69d1b607538b1b044da1140e34e74197b553c1df,1,1,0.010000
0x69d9f74891368c4d78b9bc9e4931661d5b1dd440,1,1,0.010000
0x69e040b7dfd9c4e2f8dce25f1fa0a4e4a5156904,1,1,3.570000
0x69eaa3a1cba50b66ac1e9ee66d5fb4ab16e6fcbe,1,1,71.670000
0x69ef6cdb9dcda2d36d2d0f78cc7f7aed79f0314b,1,1,0.010000
0x69eff884b1dc491af21047a77d950c3c563e6ae1,1,1,22.450000
0x69fc43f371690775ddfae185a26be7b7c6044f65,1,1,2.550000
0x6a24446c276c6a5e4ca4a362f3d927c062cf162b,1,1,0.100000
0x6a2b1094534bc40fdf7e29d96c3849a142cc541d,1,1,1.690000
0x6a2c706be7eb6c6cd964b1ed93e835ddcf12f61f,1,1,58.420000
0x6a3194aa59843b1bdd08003aad79259dbdb39a3a,1,1,0.003303
0x6a348fb7e448dd80dfea15667f5e5b7aaebd7b0f,1,1,25.640000
0x6a3d150c4d56a5bf31b2b68cffa6bb8963c764a0,1,1,369.000000
0x6a5d4bb04798b0c7741992cd7b34bd4bcbfc24ff,1,1,5.780000
0x6a6260765c2d15e77f665a05125cc37035de9cab,1,1,50.000000
0x6a62c6fa6b734071d309192da16708387a1f1701,1,1,0.100000
0x6a68b07a2307ef6d3eeff2f86de331ce9947ecfb,1,1,51.000000
0x6a76c13b631938f06e423f36576be1cf7afd8a20,1,1,0.010000
0x6a7b7731b15115c07d8ea03476b786e7bf893b0a,1,1,0.100000
0x6a8b0cfbb7c38fac3916b69e27f2e46ebd4237b7,1,1,101.000000
0x6a91c8960a943811f26049f479e02bac6ada3d84,1,1,0.100000
0x6a94550261be1fc2787d9e5623d523dbb09caa2a,1,1,0.010000
0x6a97c073c2564cc1a054884ec5d7523ae8c55475,1,1,36.020000
0x6aa679dd48c6f3ef9d68e6d05e3381a55771ec80,1,1,473.260000
0x6ac1d933f1153cc78f2b53030c58f3096686a169,1,1,57.860000
0x6ac1e205ab2e92dfeb695ace30a635bc942e631c,1,1,115.320000
0x6ac390c341c41d1e045edde148c9336169eb681d,1,1,34.150000
0x6ac404da92f65dd15951850de64de12eda40d710,1,1,0.100000
0x6ac55978e968f1c768a979315c6615d31554ff66,1,1,25.650000
0x6acce2a36e0d41d38729101dd09f599f7ca8690c,1,1,0.100000
0x6ada0dd127ac81558b947955a6a2c33d2d3395fe,1,1,23.580000
0x6ae1e89b5f58353aba1cfd3afb70855b7ee04e7b,1,1,0.010000
0x6ae6862c13d5af91e021415dbf79eb14a0a314c4,1,1,204.000000
0x6aecbe2b02d92a31ca2f168132a1e28e26e76df9,1,1,0.010000
0x6aee087dad218a53f38390154e1b4b583e8cc4a9,1,1,0.100000
0x6af0b613511130eb33ba5d3ffdfd28923c42c0b2,1,1,0.100000
0x6b08a459f3a02931d056ed3646b6751e55972747,1,1,12.820000
0x6b10ddcd5ab0e00a87d02c7f11188f55474bb1ef,1,1,0.006000
0x6b2479e71ebb4ba5ec029db4207b58d49f5eb0a4,1,1,32.790000
0x6b2c0e0bb612bf6c40fb32e9680c2d337fe42ad2,1,1,119.104956
0x6b366cdedbd3faf9f289d6dffda5b66487a45db5,1,1,23.500000
0x6b389036042623245915261ea03d53d9ccb882c3,1,1,20.400000
0x6b4eef4cf27d8557b03d9f40629d1d820283e8f4,1,1,101.000000
0x6b5977394b05b02136a0eecd92aa3812ec4bd044,1,1,44.930000
0x6b5c9eb5c5e3a8818f0798e8b5ef4de3a596858c,1,1,5.730000
0x6b64dc85574cf1e4715f70b53ed1870863b4c073,1,1,74.080000
0x6b71b83c6b0286ada3f819b96277a5d7e6787bf1,1,1,20.280000
0x6b723c06c330db67e7e339d9dcfc616f2780ea95,1,1,350.000000
0x6b75b5d7590601c007c0ad25bf2cb353ab830c4a,1,1,0.002000
0x6b852f43fface22f82a5d3105b53f1cd31c6c7c6,1,1,10.980000
0x6b8c96ce6bc31838f18e2618f03e423efe924372,1,1,0.220000
0x6ba1ea1dff1dd3859d768755879f2b7534a2cd3c,1,1,0.005000
0x6bbfd55f18f8d264c654db60737b071b12e44b99,1,1,0.100000
0x6bd76d69703624e130bb724414b95c2503f9d2cc,1,1,0.100000
0x6be205af9ce2d6e1db0700e91caaf638705f6503,1,1,0.010000
0x6c008e5e6bf4e6a5af4d2a033b69cf3884ee17f0,1,1,0.010000
0x6c04078bd83891af1e78ac341469d4633a6d0f1e,1,1,0.100000
0x6c14f99a9130f7d55b51bdb3214d4a6ef60a9bb0,1,1,0.100000
0x6c30ed237cba2cebfd84c9c48a93d50bdbdf3325,1,1,0.010000
0x6c349f3e53e8c06ac03ded97aac9bf399fce7fbb,1,1,58.190000
0x6c3b46f8eccfeed54005dbc8b90813988e3c7bdf,1,1,0.200000
0x6c4c59f62d200b3e06c2b83f687ef9da4fb50d63,1,1,0.100000
0x6c5399e4badbda5c0b47008ff78c46949377b43a,1,1,204.000000
0x6c573ba28608115103b786ba64f335b2c6d965ce,1,1,25.510000
0x6c71c1aa144f7577c1043b2878f6f23e6cf45a9c,1,1,10.000000
0x6c7707a94d3c92a79f93584bcadc90196b0ba368,1,1,0.004000
0x6c7f62e44bbf7742febddf5644b6025782fb6f51,1,1,20.000000
0x6c85e89fc3e25f46c15f9d6212a70a5b08a20649,1,1,0.100000
0x6c896bbf847d0014ea8ba4815ac177140eba205e,1,1,0.100000
0x6c8bed4b34d8264ed18f0cf69681f27d6c270165,1,1,0.100000
0x6c8c096497ed4c195a94e50d2bde3b79f2646cc3,1,1,32.360000
0x6c90a3924c0787fd84329ab3ae3a8a9e98a1e6c9,1,1,0.010000
0x6c963f8b127d93c7e9c13803fe25d6e65961c5db,1,1,0.010000
0x6ca114994ad54edc85cf5b3fa01299daae6e9c98,1,1,0.010000
0x6ca26e615b17a71d1726050762cec3bd6742c029,1,1,0.000050
0x6cb9f613f8068f057cdd46708a1c5592e089ae2d,1,1,1.490000
0x6cd83e0db12197919df285f545ee9b8144ee3f74,1,1,113.850000
0x6cd84a27aac003ac92670c426d2d71aef66ab477,1,1,0.900000
0x6cd976de80e6e7441a09ba6cb14814c06714591a,1,1,512.500000
0x6d10bb3e6f6ef6bb928636e53a0804d81512f948,1,1,5.050000
0x6d1348cb409e14b40828febb5d09ecb734a35b24,1,1,0.100000
0x6d2415aa711a09e785e9235af98e8a8c537fde77,1,1,0.010000
0x6d2a6978fbc414b1e1fab2caf150237798146aed,1,1,0.020000
0x6d2e7b3067f43838e4159a897f6d3ea3224f18de,1,1,0.100000
0x6d35ed9a4dbb9310ad2629b40bc902dd2eac0a1f,1,1,5.770000
0x6d4a695fa03f9ad3c14375316e5af72b744cf796,1,1,0.100000
0x6d4e719659ada29108ae3ad2658a1dfd3e651732,1,1,28.930000
0x6d6031f938dab42d2bad3a579ac4b3769814390d,1,1,0.100000
0x6d6e1f978b00e1040c1580d074b83c78ef5d9192,1,1,0.000000
0x6d70e2e833cbf254ab4f6da2d562c4255f373f86,1,1,0.100000
0x6d7535eac2b433be040b052dc0fe883f4acc6109,1,1,44.200000
0x6d80801136922757bb078d030db2f089bd112089,1,1,0.010000
0x6d86b1aceaeb40df61a4ca4e9bda1c8754c665ac,1,1,358.380000
0x6d8f888f7d01dd99ef225795f7b45ef12cc135ba,1,1,0.100000
0x6d9f21ab1712643effda90f3995a8af14f04b082,1,1,0.100000
0x6da5c06e6aeb184cbbc98575db08e440b46c91b2,1,1,120.006620
0x6dac2aafc93bb7c1a2b02faf5b647d8964857e3d,1,1,0.100000
0x6dc133bfa2aecf6642597efd8dc3fc8e9092770b,1,1,137.999801
0x6dcbe73ac60c427879a89977b9162e33f7e2bead,1,1,173.920000
0x6dd9123517405ce55ad0f1850116c56424d3a429,1,1,0.100000
0x6ddace514abd249f568006ee6d69bab03a0ae4c0,1,1,0.100000
0x6de68c27942755d82f1980b16722aa8b32115f2a,1,1,6.330000
0x6df09e56397e3caa61c870df59ab4917cd5e75b4,1,1,0.010000
0x6df44eeb10d2491bf084f5dc602a78b88d6b3afd,1,1,0.010000
0x6e151d771f39119c60a49d4dab63a5e45bf9c336,1,1,0.010000
0x6e2285369606356f39cdbdeee1e72d8a2834a826,1,1,31.830000
0x6e327626f86c444a752ba3ae5befb03221420f15,1,1,9.990000
0x6e36f8bcea5bc9896c58ceba7c3c2c215b4a130d,1,1,0.100000
0x6e3e1f2ba2f3e0eb47dec6acecd0d41917e28b3f,1,1,5.050000
0x6e4682343beff2461b8b30ad0d0e52b9c5bb2477,1,1,0.010000
0x6e46c889916e2ebad04c575586d647db5e9bf533,1,1,0.100000
0x6e4f39f89c640fc664488671d6fef9c513dcbc38,1,1,0.010000
0x6e5f163b81f3b5af74b83060e102929a9682ce94,1,1,71.310000
0x6e657b99d74b97631df3e7ac556775bee478ba2c,1,1,0.010000
0x6e6db89341f3c25e6b8cf2e7368a5d59d783417a,1,1,0.100000
0x6e82e2ea293e135e8aa912283c3d2c879084cd29,1,1,510.000000
0x6e8e15bd368ec00ca6dc52979f2208f2ec280995,1,1,11.220000
0x6ea35360c2a8f87ed2918fb4e01dcab50e3721b8,1,1,0.100000
0x6eaade32938bd67870c8fd7abdd54cc9d080fda0,1,1,0.100000
0x6eab0cc261d14ff2ee7d74815d7cbd6e2f2d80ca,1,1,0.100000
0x6eab48ce85745a4f418ab56a788d598b40922bb1,1,1,0.010000
0x6eabaaab04b4f3cd619ddefd559cfa37c0f2fc01,1,1,13.250000
0x6eb078014c2214a868086a3d4f758ab08dbe6ba7,1,1,0.100000
0x6ec08a36f0d913bbee9c7266dd9e0907b353eb48,1,1,0.010000
0x6ec0e2bce980c9a01040ed0dbd5494ad7107517b,1,1,57.680000
0x6ec169d79171ad7d3acf2f8db8bfc7c5bb59e45d,1,1,0.008500
0x6ec26de67566fce4a148d412ba8dfa9e39a319e8,1,1,5.450000
0x6ec3caa35cf09367a6769777522753dee377a54f,1,1,8.792091
0x6ec5a96527c4cf93ca5e49c951d20795b00590a5,1,1,700.000000
0x6ed3c72cdf6ab67cbc3a00afe0096e331d3bece5,1,1,15.150000
0x6ed43bca9b628d25a447809735b22094513f383c,1,1,0.000020
0x6ef2d2483d9e85a5100c53e91107f68de1b6b593,1,1,22.130000
0x6f01d499fe692e8e5196072c6d6383a2058e0f8a,1,1,0.010000
0x6f11e15b0d4f14c03b2c84845eb39e4331c9568c,1,1,208.760000
0x6f135307a772dc3027c5bb06ccc11d93390d590f,1,1,0.100000
0x6f23dbc9322f8f6bb5b024139553adf0b728ae5e,1,1,0.010000
0x6f3b513ec042f0ee6ece4083c56df324ea06d7b3,1,1,0.010000
0x6f4636bc173975fe7d897c53f5b06f819f89f7db,1,1,25.000000
0x6f4aaa9d39c90d0d88b7621c1fbd760e0800dcd0,1,1,0.010000
0x6f581ef1e6714b39266a872c4301a09b0bed6e32,1,1,0.000150
0x6f5aae8084b6b2a28ab2406862acc72c8f859414,1,1,0.010000
0x6f5b81df7b72ad4716e2a19682ef702fc5ac2932,1,1,0.100000
0x6f5f8618b4f707bb8d7b8c2005e21f0513340570,1,1,2.220000
0x6f616e083b37edfb67fbe75cf7032db9b84b268c,1,1,0.005000
0x6f6d92f64863030a1139fc93e201e424567c71fb,1,1,0.100000
0x6f6edf237342596c4f59756baf0c898c78c2003f,1,1,50.000000
0x6f6fed1d13461f8795197cc424b015ca87b8c6ad,1,1,0.100000
0x6f7e834f82a754878954df6d9f4fb58b4a65d8cf,1,1,77.200000
0x6f94d750a04590b479b7649e472dac54abaa40b2,1,1,14.800000
0x6fac2a9397b7bad6097d2725905de6ed312358d6,1,1,0.010000
0x6fb6588be81010abb24e5a96c1ff90446e41a44c,1,1,5.580000
0x6fbc00fcbd26dff43aa97b660b0026ec502c18ee,1,1,0.010000
0x6fbc029aa0e60af89673bb37356fa987733428cd,1,1,1.850000
0x6fbd43782114575e97b6c96404dac03c458a9ae2,1,1,0.010000
0x6fd7efc8983c2701b44d96b63acacfecaf81cba8,1,1,0.010000
0x6ff1c5b0fe87bf10eee64e6bfd5a49af9e4f4fdc,1,1,0.010000
0x700287e5f8c7270aa9ea0129c4b3584153e09a65,1,1,9.768550
0x70048b72377a693bcc6bb96fa714d87684323c1e,1,1,0.005000
0x700a3d226e99a1c687c4cfab05557ea012d1167c,1,1,39.000000
0x700a91f6e6095b8920068925efe752425f712115,1,1,56.850000
0x70111111e9667c0e9540e6bd04ca9c3212c252ad,1,1,33.290000
0x701e961d7ff14ad03ab10d9a4d1af2a1cdd9c5fe,1,1,2.100000
0x70257ae7a31e8fad9adacd175b5360b013fb93bc,1,1,22.810000
0x70276e4428574ddacba3412ac569936d76f02c8c,1,1,57.840000
0x70365663b7b0135265c052bcd0f86ac7b427af5d,1,1,0.300000
0x703d9c9128277477854d2f2f6e692bf8b41c4adf,1,1,281.000000
0x7056635c12dc25287a5086934104f12a0f83efa8,1,1,0.010000
0x70578a020964f89f3d28b5508a766a31dfb3b17c,1,1,0.001000
0x70646ad3e8b9d95916292a86b20c2b55da919d38,1,1,10.000000
0x707d842c2180d53379a43a7b5b53bd3e03a6f7a1,1,1,5.000000
0x707f487268b66193bda477bdd2debb347a204eba,1,1,26.000000
0x709ca8fd8314d091edb9b0c46f73c100172a5b6b,1,1,0.012600
0x70a764ff3a0bec807531836c0bc6983af2ac6c13,1,1,25.000000
0x70b8a52160e394c78cfce3b4fe4ccf8973bb66fd,1,1,0.100000
0x70c1861a8b1508f89ccb34b15751bf5559c3c94c,1,1,0.100000
0x70cde9f071a5e8284c4a8f491afdec5983c80e1f,1,1,14.750000
0x70dc975c33c700d07143a2ee16137db9984c4a94,1,1,0.010000
0x70e39e7cbad261fc93dd0ea3cb2e64221248e04d,1,1,235.250000
0x70e4cacce13d7d4c8a8b9c5f9173d76ee184effb,1,1,0.100000
0x70ec7c22a9d6daaaacc2c4174dfff045482e8dfc,1,1,0.010000
0x70ed7192d18843fac488d366dddfc30b8426599f,1,1,0.100000
0x70f53887e3f0441a09d4f62348cc4cf79d87a397,1,1,0.003000
0x70f7846e71cda486f2ae4a5931fc50c7c0208a0e,1,1,0.010000
0x70fcf8421b7a971d4ebe3ad16bd82b5c3480674a,1,1,0.010000
0x710061357449a02505a51df4fb736a37358d32f9,1,1,370.670000
0x7106c42754a43c20e4cb9849f41dd17204c3a919,1,1,306.000000
0x710c789a6f0b5e9d29a2a46526c7dc9f4c0feecf,1,1,0.010000
0x7117e73123bb0abbd234101ab32342f110c79b24,1,1,0.100000
0x711d79d758f807abb4c138428c101c48bdc418d4,1,1,227.640000
0x7126d086c18d83953a7d0ff980088b690a7f004d,1,1,0.000055
0x713888d0db0097eca61529ad1338f7200b7fb2e4,1,1,0.100000
0x71430ef0c2fe4c88df13db99bc9a7e630e0076ed,1,1,46.650000
0x7147bda985475341632121e5f06508b7fbf0fd44,1,1,0.100000
0x7148d888d586bd150f627adf20a246a5873a5821,1,1,10.110000
0x714c9f95fd0afacf8929079ff586d392fe904b5c,1,1,21.211050
0x7150e594c7662b97fa5998ea657e4bccb5da32a3,1,1,200.170000
0x7158cc5b2520bafd43cdec081ab49105086a73fd,1,1,157.950000
0x71738b87136f90fcf464af08d8d785aeea1e52c1,1,1,82.610000
0x719700a7f667f5218f35e274fac348d3236b9582,1,1,0.100000
0x71aa98d1ab90c47890ab9218744a12922ee73b6a,1,1,0.000150
0x71aee162a25bb4225e5ffed9196db2a6f8f28b8a,1,1,232.800000
0x71aee67467702eacc5fe4047af8b78bfc7b46a1e,1,1,10.000000
0x71c33bd7b05b0dc7775c23280b1330cc87ac60b2,1,1,0.100000
0x71cec56753be1df7f78eaab617093e58be8a586c,1,1,0.005000
0x71d0772263c946d416d03551d1aba3fa26bad82e,1,1,200.000000
0x71dac24cc31e5e23282254b89f33c35c467eeeac,1,1,0.010000
0x71e24d6a0f74bd1ca7fb33c3d4ac383fa48cafc1,1,1,1.120000
0x71e4691d75b8dce8ee33fdaa2a1d0097479ad0ac,1,1,0.100000
0x71ec9acd5a699755ca38adef0ef092a6350c1f7c,1,1,6.260000
0x71fabf3096ab3dda3cbe63d5f08a2c4cc5f45356,1,1,70.190000
0x72020066b8b3d997eacea6dbd9d366d9c4da583d,1,1,0.010000
0x72071b624c67b02bc422abd5325485d73ece7835,1,1,355.207058
0x72081d43558d21181e47a507c5519298b48e4bf3,1,1,0.100000
0x720adc86b7a90d93f5f7b13af4379098ecf13469,1,1,0.005000
0x720f7a65f1e46709b350e7bfd6e59e8c1c90af2b,1,1,1.170000
0x72164ec234fbb306dc0f87e8577ab56618519724,1,1,33.940000
0x7217410367d7cf2961b4db0765eddde190a0ca09,1,1,0.100000
0x72182285351588f901f67e90c90bf8e5dfc06c14,1,1,1.500000
0x72200677b041b8ec7920bb31357421e51bd389cf,1,1,132.610000
0x7229f95d628290cc08f808e3a933edeca075d8d2,1,1,2.130000
0x722a315986da4863053ec02b68573a9309757184,1,1,0.100000
0x722c000cdd625390452e509d478ed93e2260acff,1,1,66.610000
0x722ca5c1b223a9bd4f91495f7d6897234b7ad7d3,1,1,250.000000
0x723252889f5bfeff385b69875f4393f20c62fb83,1,1,0.100000
0x72330994f379a71542e7bd5a4cf99a9d9743f4aa,1,1,0.010000
0x72480e00225964d17dafe30e1ac2fa36ac74f14d,1,1,0.100000
0x7253a8c34d6133f7df69621d5a83f6e7c6840ad8,1,1,0.010000
0x725d712b8220033ead83e031000ecdb303de1442,1,1,20.430000
0x72607fb1988c1985188c3dc7771560982e125273,1,1,510.000000
0x72626db8f42b4a920835366ec7c26ebac68bf42b,1,1,0.010000
0x7262eb62e3646363b71876135ad0de19a5a65227,1,1,113.760000
0x727b79ce1b9e9d8b5ce6e2a13a909c3f7e785545,1,1,0.010000
0x727d069a34e8d34693bfa585972841078b6d603d,1,1,17.085286
0x7281fb826ce0cfdb6f514441fde55e31c1335904,1,1,57.790000
0x72bb1c657736febb70a1acd04a068b63ca852d16,1,1,0.100000
0x72c68779e82a589a817a01950e0be2007dc74845,1,1,0.010000
0x72d5a60a7ee91cdd966df537ca53d25b183eed34,1,1,0.100000
0x72e098de3ad3360dee0cae40c6e7a7d5b3069f8d,1,1,0.100000
0x72e4cf253e0f0db677ff4f278a0d7767a5f11297,1,1,0.010000
0x72efe2830683c3ef020986fd8be0547c2e64928d,1,1,0.010000
0x72f41e9ce6f4c47d2f1c20c8fe8a13544932e540,1,1,1.130000
0x73101b8f924afcf2473b28ac1b31223165a64aac,1,1,61.190000
0x73158de5b7ffa326669d20e7fa014558df2fc210,1,1,24.390000
0x7316fbf12b7ae2c8d605bcbd03e80649c3f48227,1,1,0.100000
0x73278fc4e41f053edc81935d6717912505830495,1,1,510.000000
0x73336cd55cc0db000bae87208a6830df0e6ff4d6,1,1,22.190000
0x733a8f3238fabee7dc993e23d63d4a74027c3197,1,1,115.570000
0x734b53acedf80c7696020a7359f085b210e4a0ab,1,1,0.008999
0x735cdfc6114f2550d43c274035e175b46ae21cc7,1,1,50.500000
0x7369b1bed1f9888ae0e72faf8a95ca4b96a1d6fc,1,1,0.100000
0x736cf0a2f6d10e42ee322c3762f2d7759c02b19c,1,1,25.000000
0x738917d78105567ee2b4d89fcc5e941f8c794ef1,1,1,0.050000
0x73a4732b08858af6320a86f613a3642e6714a4a8,1,1,110.480000
0x73b926f861748f74a271f85cdc45e323e4e0262e,1,1,15.210000
0x73bb7b83bb69437f4948b2621c83c8bc73749e1b,1,1,0.010000
0x73c121599d34de0187ef9a129bfe3cb6696c3803,1,1,0.100000
0x73c3038f7d1d235d7b8ac7a4db3c8b03c7bbb50f,1,1,13.430000
0x73cf8b5bf170a30405030bdb8483300b5e20d7ba,1,1,57.060000
0x73daa86518dc0af0519ba81d7e363d62a0b70619,1,1,30.000000
0x73ddb47ae2fe4ff56efbcede049a362b3985bc49,1,1,0.100000
0x73fff69867785891c0d7142188eed413666b9bc3,1,1,20.400000
0x74061d9314a3081600c16fbfa15c56ef260bc48a,1,1,17.200000
0x740985ab52df3aa20b46137be2d2c0913ebe0978,1,1,0.100000
0x740fa4e89457c0bb0a83e67e3dcb93791522cce0,1,1,32.761589
0x7416264ad90c914e88f6f709485494586087cb45,1,1,0.100000
0x74194b9a12654a59df50db3ab68fb7975a02f584,1,1,0.100000
0x74254eb2e20f0f06553dd22c04d61bd1ebdf0354,1,1,0.010000
0x7428f14fb8152cf6b8f58d9b164346fbda0d60a0,1,1,0.005000
0x7430e6ccdf4275d138ac7c1fd0d4bb0abaed55b5,1,1,32.720000
0x743267fd150bf1b1106078a8501a3fc987cebdb2,1,1,58.000000
0x743a151c8322dbaba727f8232d9cf8ee16b860a2,1,1,0.003000
0x743de9cc60c4ea5a45c01d6ff4f5ccbd756ea877,1,1,0.200000
0x744746dff5fa0757a637ea408672205fb651f8b4,1,1,0.100000
0x744c3ace3e9d25297c1842922535220831edfeac,1,1,0.100000
0x7479232f27ab248d70ef571a32a2ac40186c6a12,1,1,13.460000
0x748440f2600968e4ea1b9dea641663d426cffd03,1,1,0.010000
0x74884d778d6df0dd8b6fe67e8e9cc9fd61d96df1,1,1,0.100000
0x74a00efe8032a9b58ae566327b057f6812367d25,1,1,0.010000
0x74a2af221c72a2d1abef9ea3f7ca11f14cdda0f0,1,1,21.530000
0x74a4cd023e5afb88369e3f22b02440f2614a1367,1,1,0.957083
0x74ab8cc914a5720e1ac19761c69486c1befef98e,1,1,0.002000
0x74b6cc8ea4c5d3fb9f486cb1d857cc34e61bd176,1,1,0.100000
0x74b84602a38924b62f031982813b4264a9537d76,1,1,1.770000
0x74c1b081a02db3e153696a2ba6437dc02f8d1e87,1,1,173.330000
0x74c3a445bec27166da11be4c44482254568b6620,1,1,0.180000
0x74c98c45c7118d6fb19521de46e1c54bba76544f,1,1,68.300000
0x74d7b8bcc816d3e5a9e0558cf6f144eb76ec7b5e,1,1,11.560000
0x74de580bbd160c75c7c2dd770acce2814e260e7c,1,1,112.200000
0x74e1d70eaefe606e815195ce43e3e984cf899e96,1,1,0.010000
0x74e57a319e1ea70dd26992559de215e5aeac162d,1,1,0.010000
0x74ea44682be0f33f91e3505884290227f64368a6,1,1,0.100000
0x7508c89a0196e303035591f850c80b5c69d4b38a,1,1,0.100000
0x751646ee8e07853f9a9cf6f97a978cf0f9ca703f,1,1,0.010000
0x752d8d8659561403ed6e34493bbbcb11f36f8285,1,1,40.400000
0x7531c1dd33feb6440f8403fbb9bb9da1964508b0,1,1,0.100000
0x7532934247f026ef87773129d8f82ccfd0d348df,1,1,0.100000
0x75361b3e6862812678c7997f6d9b5664fdaa3b95,1,1,0.010000
0x754d49a38ea4b6fefa4b1a62c4a0979b80bd6874,1,1,0.100000
0x755a953ddda4c6aede5be73f9e074f2c323e3ce5,1,1,0.002000
0x755b95bc3d0a78624f9c6f296537acc9f6b45416,1,1,6.550000
0x755cb3a14c7fe3645895600b57f95eb329bc8040,1,1,0.100000
0x755ce8e109e59c2b926c1342054a86267a2481ed,1,1,523.908000
0x755dd78670a0b1828297a435cd9a0d2fe982bc7d,1,1,0.003000
0x7560e438d5ac988c4d79700023c91ac51c4cb674,1,1,0.010000
0x756496039ea81453d22a407e2f2b073c98d4c30e,1,1,0.100000
0x7576f500e128661004e79fdffc2ca6c6f5670765,1,1,0.010000
0x757a5d538e8886250ede3f61d4f4643098896fba,1,1,590.020000
0x759370aaf06165f0265f5b475ecfb8ab60bd5dcb,1,1,38.750000
0x75aa4bd285f198ec28baa85294a83672b66e7e2e,1,1,0.010000
0x75bf16f5637669c29e9449a9bb13bc4aef79a1bd,1,1,0.100000
0x75c0cb1030bea674d4437611677fdb66820bee11,1,1,0.100000
0x75c4cf435a322ebf165dd19cceab1c5e78898fb3,1,1,172.910000
0x75ea2944df46390f466367273171825913dbc832,1,1,19.000000
0x75ed635e3980c082ab482beb78575e6dbd123ce1,1,1,28.520000
0x75ef4ac07d175c9e31ed41d7c001352885820969,1,1,0.100000
0x75f0fc165163b301dad607348b92f0d313a1dd35,1,1,0.010000
0x75f332183adbb9aaea84749b0b18479b5a094096,1,1,0.100000
0x760a7c945b7330729545d1d6c685524369319418,1,1,200.000000
0x7615484f4278435ef2c0dc120b52b2b9b79aba72,1,1,0.005000
0x76525f708367ea98968c5b9d0858c9ee51c5009f,1,1,71.980000
0x7662c3bdb81e2cab567d69c3f5571a375d038242,1,1,230.760000
0x7671861845f3dc1ecbd35b07e97859fed7dbd67c,1,1,0.010000
0x767e626bfc1f58887c5590d3a1663f89db73d5b1,1,1,19.360000
0x768237016e6822119a706dc23a93fd197d861e92,1,1,0.003000
0x768ae0170675ede46c048e98fc05067965a65d34,1,1,22.590000
0x7696187cc51caea1ad7d71f8896aed9369aeb9c2,1,1,0.003000
0x769b371e7d88409f6d643e970b2d69db9fb7cd8a,1,1,100.000000
0x76a422f282cbb58f00fadb83fe363bb910b98d13,1,1,0.100000
0x76a83d80ac77df6e0b0ecb807be2c25861f7d646,1,1,512.540000
0x76b1b7cd7d40ebb4f6c2afe852e5dc869e9527bb,1,1,0.050000
0x76b3b88caa9c6a8c49901a79f324d9f9691efde6,1,1,0.100000
0x76c3602de7b0b9d00cfc8126727cbf3e1f0c3e83,1,1,0.010000
0x76c62a41142ab06ef7fd6d08f09872949272003a,1,1,0.100000
0x76d2926280b84a10d42009ee23ec4160459f678b,1,1,0.100000
0x76d4c6ff9931e486ce956d5cc845129b0fc7926d,1,1,0.010000
0x76d694e45911765a38430f9f6ce20f320bdb8cac,1,1,0.010000
0x76e2ea92496c5aaedb73fa68877b57b38b31ed33,1,1,0.010000
0x770b2d6fa228cd447d32d2f8504642ced18c1a5e,1,1,119.800000
0x772aa98fc0d2a5f7151a6325f8d94a78ad882f79,1,1,20.420000
0x773cf057e7618eee365923a8a73c4694492f56d5,1,1,53.310000
0x77453c53b7b4c694d1d19a7c9869482fc1f429bf,1,1,0.100000
0x774c7f9354518e3e4f60145ad86c926432c9f1d1,1,1,0.100000
0x775cb19a632037ce412d7f4ba1759a4c2395837a,1,1,22.900000
0x776a6284c8609658291a1681b6be1ccc9afd2c9f,1,1,100.000141
0x77735458715e881665ae861dbf7b2823175c64a1,1,1,404.000000
0x7779cd936c09fbdeb81e10acf31ff672bf158261,1,1,0.010000
0x777f417f9864b47d4dcaacf9656132be0a31ebfa,1,1,0.005000
0x779250c75518820ac13be441bb08ef4a8fc3e2e0,1,1,288.930000
0x77a3b4f292984280eabf2272e41da87e3da1f33a,1,1,0.001000
0x77a4d49ff05d179554e835bab2fb6703d56bec5a,1,1,838.000000
0x77a8cbc9118644a7e6b41077746d818133168b9c,1,1,0.010000
0x77b43dc655e57eb856adfabcc5e9b8637630a873,1,1,1058.160000
0x77c00d44b8a939f7c802117085a85bd226dc871c,1,1,0.003000
0x77d36d39547de3a6be189e23d20d31ea53b642bd,1,1,0.010000
0x77dd49a9803ac767a29cb010f1ad771161e89510,1,1,0.020000
0x77ed3f018acce6158879acb3fc48b00124b6a063,1,1,100.000000
0x77f4dd7526192dfd156f875626843ad9d43f0dab,1,1,231.380000
0x77ff1815502e7b9e75f427d093e71f291e0d21a8,1,1,0.100000
0x7800feea2d006ebc07c5e77a3c153c29ec97d03b,1,1,0.000010
0x780b0dffab44ef392a92575817116993ca62d349,1,1,20.420000
0x780bb888ea87fa210e39ba1eedc72c28a7d1d03b,1,1,0.000150
0x781e8ea0edd027f4d9b83d687dabb66caa4f289d,1,1,0.100000
0x78250a2b3706ca56a8e4b536131eee9f78a2bad9,1,1,5.560000
0x78276e81c1ffb41c1dc56724545daae33d22266b,1,1,0.100000
0x783e8a3fb217b065159b9f2e10bb85422b69fc9e,1,1,25.250000
0x78596258437df28db3717b5388c20def60fbadf2,1,1,8.800000
0x7868340f5a008c64346bfec8f03886219e19c75d,1,1,105.280000
0x786b17110fa7c1bc8a2c783b8f28bffb5f4dab09,1,1,10.790000
0x787751f3e66ac8d55bcddaeb9aca9fd6b62d849b,1,1,29.070000
0x788cbd4ed42cb1dac09dab6bd0a4398c7e97e4d1,1,1,1.360000
0x7891f8a0e73b7b9b78aefe182ece204f499df552,1,1,0.010000
0x7894269539fcf08809bf8bcedce046ba86937a42,1,1,0.100000
0x78c4dbe6458aee68c9ed7a0151c3e0fb988b7420,1,1,100.000000
0x78c79d23a917810c1d290148fbb5836588a9f8e4,1,1,23.313789
0x78c8f31d530e63fec1f15a117305b116610cc6d8,1,1,713.300000
0x78d1bcb6009ed8de0a3c786c0f9ed26c382bf86f,1,1,1225.220000
0x78d3655a515e6b5e6ebe9c7104b85be379f02721,1,1,72.810011
0x78e9e1d980f3ae786a2670e6f3604f0fdc66e30d,1,1,0.010000
0x7900f61cac7fbd5c4c4e462db442db16a24b04f8,1,1,0.100000
0x790912e07c9527f41d89118b4481ed5d72da725d,1,1,0.760000
0x79154cfa4cdb532c8cc49bf029efc1bd6dcf6078,1,1,287.580000
0x79381d8f5ecb18c5ae71bcae9c35c846cf3e0553,1,1,51.000000
0x793cf6cc4f15027da372cfd068cc65968fbdc1d0,1,1,22.000000
0x79437f172ff13f2aac2d1868976ea753530412ce,1,1,0.010000
0x79471a6ed0232690d7d249c84489fc5654f9ccb8,1,1,0.010000
0x794b6ad0ba33433969f6534f88b6f7d82b299233,1,1,1.850000
0x794f2052cda366d50036ff95d65fb7b8e18ad83f,1,1,670.264887
0x795f9398b7683595a17b9b40ff04e863fafcd2fc,1,1,70.970000
0x7974fbdaf1c54437fb9cab5664f828819629665b,1,1,0.005000
0x797eef44bb40f9e73f7c36aada6d87c2816c782b,1,1,63.240000
0x798432cb938f891d48cb406d4a32ffa9a393b0ec,1,1,19.090000
0x79875d00efd844d7d333996714a9212ffe4e4190,1,1,0.100000
0x7988994cb82da1a9f0739c20516d40a5ea8892ff,1,1,0.090000
0x7992a5aa2153c054c644dd6c26ba2173f906ce1c,1,1,0.020000
0x79c1ab9c98ef10622fba2cdbb20abc6805e688e4,1,1,0.005000
0x79c588a7888c614d1fc4fe4c6f57825b0dc9ad6e,1,1,1.130000
0x79c5baff975ab3b05c5b6ac1038ad6bf720e025a,1,1,348.330000
0x79cb837e651cf88740ea5423aa8e5385212696a2,1,1,100.000000
0x79cec8b570fc8069a0fc6e011156a78d12c7e5e4,1,1,0.100000
0x79f71a589eb46ca016aa33cfb325a130c4503bbc,1,1,28.520000
0x79fd8b6def4c0ad374761bc4b8e1b62c93cbae72,1,1,460.600000
0x7a080873ea2317afcf715abfe249fb929a473f08,1,1,71.210000
0x7a093b5c32203f88dc2bfb302d94c0df5f104835,1,1,58.112341
0x7a1ad7709fbace2d1d14e4cf2a419b78cd815947,1,1,108.380000
0x7a1b3a589a0d9040541d68703739a0f2b7fd9328,1,1,0.003000
0x7a237a650aefb831c71f0c74e35ef4e2052db7f6,1,1,0.001000
0x7a2499c882a91102b59879811b57c988e07138ed,1,1,11.383302
0x7a3cda791295452bb26aa675aa3ed2aeab184366,1,1,34.630000
0x7a4197cedb9c4e84fd080094bd850721c247528d,1,1,0.100000
0x7a681ecfb82a06cdb874df4434630a03b0e5adec,1,1,10.000000
0x7a6c64038dc05cf1e613d9764c02cc4bc5b5c6f0,1,1,0.005000
0x7a6efd6152cece929d9a61e3a94b50b169f680da,1,1,0.100000
0x7a7198ba06d97597e1868c489714055ce2656225,1,1,0.005000
0x7a81b2fd119b7b7d0aed030ae5acc7b3e3d61c70,1,1,0.100000
0x7a89a4f3f6ac5b0919d12e2107977c124658d6e4,1,1,20.000000
0x7ab2b84645016f963ba47faa3f2626b1065eb61f,1,1,1.110000
0x7ab2c551d2a09db41c14dd1538f3452eadb3b6ab,1,1,0.100000
0x7abd3c2d7c14f1d7b0ff09bb6a8ff032ace7b68c,1,1,57.020000
0x7ac37c4880c33c3910dc29267805b61a49f8873b,1,1,11.120000
0x7ad43018d10a4757b94dd62360f86475ded54a09,1,1,0.001000
0x7af10183a830313b58d576fc638592822a5d5ba8,1,1,0.100000
0x7af1076f6b13e1687add98705eba62f07da3fae9,1,1,15.000000
0x7b04917e99ac59a8736ed679bc690337440ff4ce,1,1,683.680000
0x7b0a9c78065cb3219794440236dcb2a4b0f0c92b,1,1,0.010000
0x7b14d04d974b77194d0fbec0a981cd889c8d9f4d,1,1,0.100000
0x7b194fa0003b51f96cbd92885f1bf528cfe466b3,1,1,201.080000
0x7b25b8b03315f226c37747305c0e7e966d839aea,1,1,0.003000
0x7b334aeafde1abbd650f8db675b30c07b67c87d1,1,1,102.015294
0x7b354e542e1cc37525d6d913fbdceb3449969a08,1,1,576.620000
0x7b3f457eb6424aeaf5d9e19d6e2e2b9a2f1d03d0,1,1,1.277372
0x7b544178651fdf07c8249c197784fdba8ab36fab,1,1,0.000150
0x7b6d40e20d0a1dce6b49565d3169445d7a697833,1,1,34.130000
0x7b7b0c0a52b2d61af008574084f7ac020d210c89,1,1,5.570000
0x7b8e7256991e5c6b610c7e7619837537c1f17bc4,1,1,4.263800
0x7b93b933a3d6bdc796fed63421643d3e05f7cabb,1,1,1.850000
0x7b95794f4db7f8174514abda62887c2e1b420230,1,1,0.100000
0x7b9e13d12c3398f066435a4eaa9fc1ea15244660,1,1,0.100000
0x7ba219050ae75c9727529fbabc7be02acc091f97,1,1,115.210000
0x7bb10bf3125f1fd8f41497912e9db89eb48b7848,1,1,22.180000
0x7bd01e7491c98dcbdd63b5030ca7eb98e819e17f,1,1,0.000025
0x7bd702a31aee0a8ccc3f25cedfc927021578e17f,1,1,0.110000
0x7be52dc9b2a5d2cdd848be23ec7cfc22743d4c96,1,1,5.750000
0x7be7129c2a3f360eff52c9d5853799d4c3ded934,1,1,0.010000
0x7bf122ffda7aaa4756c2e0872adc034934fa3e2e,1,1,0.100000
0x7bf4e32d9aec5226167154754abc9c9469b6c13a,1,1,0.100000
0x7bf85762a58bffe94c1933279ca18eb02d7cd8d0,1,1,0.100000
0x7bfb78c4781a12e022fd01b2c9278e4516551907,1,1,116.920000
0x7bfbf69033919b393c3d44a217cddf560b9e84c4,1,1,0.100000
0x7c017e9a35af3a18c872d61ebbb68b021f878392,1,1,115.000000
0x7c04bf33062ef5b0094eb890f2a24ff4a4f95239,1,1,173.990000
0x7c250c4e4bc132e91b576f79f06b92e411c081af,1,1,280.500000
0x7c46359b77dcb96021ecdadf5441acebbdc6cd02,1,1,13.332658
0x7c47afd17b9b13871a10d641042b545ee9d52fb2,1,1,0.100000
0x7c4d756f7b925f6df2766c410a687ea7bc07bb01,1,1,0.001000
0x7c54ed77f0691268baa9c1ec62bb01f8cb39d2a9,1,1,0.100000
0x7c5608febd740d5f482e33de668f96e99e20f1c3,1,1,0.010000
0x7c57b74e5a9ea0911a03a9eebd89c3ca7dc0e3c2,1,1,6.340000
0x7c5c88addb22eade5a3563c284d2dad3070c10b8,1,1,0.100000
0x7c7a1c17773a59741b42c4237428285d3ddbbaf1,1,1,0.010000
0x7c7e125c863f40a4257c56573b57f09a87f26b97,1,1,58.170000
0x7c8240409045bcf1fadc9e45d333c26fa88e3059,1,1,22.790000
0x7c828cddd592e875f98857331ab5b98779a02620,1,1,1.860000
0x7c90ce900bbabd867bff6251ba0ccb5733ec5642,1,1,11.570000
0x7c94a96d3b5a2dc09380c37e75039dfe5d4a1720,1,1,9.990000
0x7ca174ffaf7c8d02146ab460ec13a40f0cf8e099,1,1,60.000000
0x7ca5ba8d48c7f175bbd28b1184d7edc3326915a6,1,1,0.100000
0x7ca7e20938fed1fd5cbc818653851da584e3ff2e,1,1,0.049500
0x7caa2f3f4879f6e08ff70bf285a87de37f657090,1,1,0.010000
0x7caba6dc152af33dcc8d64ab930a40baf82795ba,1,1,59.820000
0x7cb3ed2321fd46dd5587718b3c357a231b16821b,1,1,11.110000
0x7cb4b2c47990bc0304e3d0257acf87f1880672c9,1,1,114.040000
0x7cc3fc3ee08bb5aef3c416a798414d10be774f2d,1,1,500.000000
0x7cc87574fa6cbbd5f56b8eea3450e97602516460,1,1,0.100000
0x7cc8dd70652dbfa98716734762f20ded4081987f,1,1,67.330000
0x7cceaf8f4311d2e05c94d2f08af6d24a70c5e532,1,1,23.220000
0x7cdf387c166ccce8f1a0bafe466ffa6f9fc1a78c,1,1,20.400000
0x7ce37e4c06a671cd62550ff916e779e8c98ea156,1,1,75.000000
0x7d0c3c8fe27ad29ace94dae7b25f94e99c06c3a7,1,1,59.040000
0x7d23ca47e08f1277a4219c1799a8ea8f729238d1,1,1,8.470000
0x7d2a285dd812d8af45740f71219d06a0d28d4ffe,1,1,0.100000
0x7d4391db4bdac5751da45edb368091b299bac6b0,1,1,0.010000
0x7d4dc6dacd40d2efd60f54d6b09081430640a8aa,1,1,205.396285
0x7d507d755664ccc4a484fb0c54bb715f5945fe82,1,1,3.790000
0x7d5d0b529c1e2469d91311565ee06632a04c1c4f,1,1,36.770000
0x7d70b4f87193093f255c2028979e7e2f2729ca1b,1,1,0.010000
0x7d7fac548704db8690dd64d164da6582ff1170a7,1,1,50.000000
0x7da5da460e4a7feee4f0a29d77dae7a4e5f4dd45,1,1,0.010000
0x7daad9d7b3b2424cfcbca79bfbf87b1e3bf713f1,1,1,0.100000
0x7dc3e0e47ba9ed0d9319ab6241d6fee424ea02a4,1,1,510.000000
0x7ddcdc14e66b391da9f898f4a4d9ec5ac4481651,1,1,20.410000
0x7de08755e1fbda79ea6700baea1c3fd662488d82,1,1,54.390000
0x7ded5552f7733e2871937294709efd737c129601,1,1,0.010000
0x7dfac52d3ced2da94dae15510f2cff632e2ff53a,1,1,0.010000
0x7e02c23be2969690558f95a46da2f182326a4c42,1,1,31.800000
0x7e0ef250b0132fb8cc3b3c9f3f6dd4c4f8b022e0,1,1,0.010000
0x7e192d0ed1aca50b2237d2873e6f6bb0e13b499f,1,1,51.010000
0x7e1d5ee4f8d11757a39abd7c52d4c55e7ee4aa81,1,1,0.100000
0x7e328409236b104ab9e69bd78bff01e74774c599,1,1,9.180000
0x7e375d7a3ccc50a000586924b95d92714b24e330,1,1,0.005000
0x7e3d3bede9d15e9c202d85ec221d9fcff400da59,1,1,0.100000
0x7e46a9a18d16f47ac2fed34a1f97f6c7500f99f5,1,1,0.100000
0x7e55c51a2b745ef1ef9d0191b0d9680889816cf3,1,1,0.010000
0x7e572a68c904271d63d8adad1b102b86da822f09,1,1,0.000001
0x7e5756e2ec38f769478dc04b36885e3b4cf82f09,1,1,0.000001
0x7e5764665a60fc5bb57027dced2cbd817c712f09,1,1,0.000001
0x7e5782fb5f123990109397c9d9168c29ff302f09,1,1,0.000001
0x7e57e1a7285f86ed7186a62b01d46da7f72c2f09,1,1,0.000001
0x7e57e2c0e9af41f01e22e41353e97430a0f52f09,1,1,0.000001
0x7e7f1ff3498f0f980de549f4bc0a025d1b3541c4,1,1,0.010000
0x7e85c8ec8ad51079001f4a8b66b48692c410a933,1,1,0.002000
0x7e8f0fb6c94f6f78ef4350383661ae43189e2594,1,1,0.100000
0x7e8f7e4a8016fbd12b1e885263141d69cc6cc910,1,1,10.590000
0x7e9ee6a83448f87e55e90e0aebd8136135913531,1,1,58.270000
0x7eabf4902a594e7dba880a7e1258f55a80c67a0a,1,1,40.800000
0x7eb23da851df55da476096563823b27e45db6892,1,1,0.100000
0x7eb3e0446d6ead25489a075bb25de247ddc5512a,1,1,0.100000
0x7eb7b2dea797f44c777eea8eb63f11ec6f11b0c0,1,1,20.410000
0x7ebeefec65248604dc520de69acc64753db8e66d,1,1,0.100000
0x7ec76f9630cbcf1a032338ef85268e228ac9c67a,1,1,244.800000
0x7ec9ede0e0dde5a872500011371f8862d85d0a8b,1,1,0.100000
0x7ecc76a318c34d08d3f8267ae3f13941b42028bf,1,1,155.120000
0x7ecd6da74af397c6633aebea4c24bd1174c93424,1,1,1.000000
0x7ed439e1eff2db340327548cb6aa816035f3d4df,1,1,0.010000
0x7ed8b15f793b02783f0c118977c03c36ae91d896,1,1,88.130000
0x7ee076f6106ff90c843428e2fd3916a8ffe6725d,1,1,28.820000
0x7ef28153bda3278f6b4d378f784b0e0a5aef6cc1,1,1,0.010000
0x7efe9cfadb177c09a33dc8cf1c497f8a5093c635,1,1,0.100000
0x7f173257ce700d30dd816291dbbcb0dbea6a6442,1,1,12.780000
0x7f1a190b764dd99b0b1723133599020b5d9c2089,1,1,11.410000
0x7f1bb8a3ecb204306f2f7a3fc76567bb2e6bf44e,1,1,0.100000
0x7f318134796570373057fd241d20175a5e97b8b9,1,1,0.010000
0x7f4220fa1694fcb836e577e3f1ef57aec54e8906,1,1,27.040000
0x7f4b629fd6c9c21daa2cade5519001cb3db8c243,1,1,54.340000
0x7f4b6835ff662dd9ae47edf7637a6ac9745f0a78,1,1,510.000000
0x7f4dbcd412926125a4dd8ffde6558c314b371a5f,1,1,0.010000
0x7f53bb377daa8a607276834bfec6d17aad10f6eb,1,1,1.540000
0x7f5a505a39b94c8397ffbc3a6b51232139728ce1,1,1,0.010000
0x7f5a91eb4b01b0cd69ebad6c79a5317be24e42f4,1,1,0.010000
0x7f5c2b379b88499ac2b997db583f8079503f25b9,1,1,0.010000
0x7f725b3384022c06e7a94b382284f96c95069d1a,1,1,0.100000
0x7f741ddbab3155db58436155de5f126bb888570f,1,1,0.000001
0x7f743d4e537c70fa39d7b6af4d9cf177650d570f,1,1,0.000001
0x7f754399d903ee6e758e2d0f6b5c0ecc22ee27d7,1,1,0.010000
0x7f827864a83d09ca84b8172d8dc303ff2f9e7704,1,1,0.470000
0x7f8438fd68eaf03e606ba94143fc7a6041ff9fd9,1,1,0.010000
0x7f9bdba7e70eaa45a7b070b4b3a2e50bce2b952c,1,1,0.210000
0x7fa956b13374a65375908021fe537b72ed82e79f,1,1,50.000000
0x7fab684a14a6c11d8d9405fdd0cb60ff549231b2,1,1,59.110000
0x7fadaa0428ee97d43af4ce7aeffbf3124a3b1c33,1,1,266.320000
0x7fc0dca62882d68225f45d1cd1eca1e21cf0ba07,1,1,0.030000
0x7fc5539a27d3a6ff5ad4927a31a7651b541a79dc,1,1,33.390000
0x7fca8fc2041deeaf1dd6685061e4ea303b785b15,1,1,0.010000
0x7fcd06af442f14d7460659c33ad0b3deee2dda19,1,1,0.003000
0x7fd46e6836ad76d9f35386d84b3cf195c6f69ed1,1,1,0.100000
0x7fd6dec1082fda99f4e8b70c5372d8dab13a3956,1,1,0.100000
0x7fd88a0e335703889d05ac2c53ccec2002cac985,1,1,0.010000
0x7fdf45384e8deca482e0f6c3c6df60f5b673b5a0,1,1,2.680000
0x7fe378ee6bc6d708ab7ba35fb618492e58c079c9,1,1,0.100000
0x7fe92fdee4332b15a5c6732c33fbed1143e73347,1,1,0.100000
0x7ff0e7b533eb4f14b1dd36184e5855a560e15c6e,1,1,108.100000
0x7fffd218696c404858f751a6f295d40c5e4ee6f4,1,1,0.100000
0x8029631b25b1ebf34ec49263b9d48fd4458d886a,1,1,23.050000
0x8029a254601fbf413613d26b5dc8ed1a6ad6bbc5,1,1,0.010000
0x802dfb1c1bea3287583db63e3a5fa1c76e5d5df1,1,1,0.100000
0x80320e9f082870f7f2912dd215109420f6a6d948,1,1,0.010000
0x8034218e6b543e7c661b79278c02a723ac5b669e,1,1,10.000000
0x803e6fb5eb235d7afb01a2bec5e6c692c3e48894,1,1,0.000001
0x804885653aa68ac9e3f9cd03892aef30f310cc80,1,1,0.010000
0x804c34086380527b3432a8ffa23cda0f6c193b52,1,1,0.100000
0x805f63185a25306707d888f4727d0f5e9ced5969,1,1,5.330000
0x80672ec15cc8d0f3856923c760abebec732f077a,1,1,5.440000
0x806fc961e44b24332aa9eda12dbb3c38972d6538,1,1,4.000000
0x8076ed6bf12215a975f83bbf2355f96e22db0ef7,1,1,0.100000
0x807e58d58e7d14a2cdc68e3bf67f2c21b502c48e,1,1,18.000000
0x807e70d21d3773810bbd2631866bd6e30a5acbc0,1,1,0.010000
0x807ec070aae7c848f01edf5e6a815f11f671c71b,1,1,415.130000
0x808f26a052dee3af89374e8e28f148b9f25b4113,1,1,10.000000
0x809abdf1d819a01e20c38825a6731ac87fe604f1,1,1,0.005000
0x809dbd7eef9d09bf81c2df306f742cdaad8c1d51,1,1,53.830000
0x80adf2de975c6ab42481d09ae8a095a098a2ea37,1,1,11.040000
0x80b0c4a51e8447b4fcf85fb63572792e1ebd287b,1,1,0.003000
0x80b1d26e3f20821bd8d690607a149311e9292189,1,1,0.100000
0x80b75cd52620648c41e3544ac421d13d422fea96,1,1,134.830000
0x80ba7b378c1225703017866c00b55de4327388ad,1,1,0.100000
0x80bb9c49f70fd9eed9e261eb67b1bf9def7ba90b,1,1,0.010000
0x80bbae9915640f98511a4e19d5b2456140dec295,1,1,10.780000
0x80c0cd34fe70081081dd346d81bb5a7e15dff464,1,1,100.000000
0x80cf31dc60e8040398379a76a7e3ce811be59f8c,1,1,0.001000
0x80e8ab2065adebf5aa6dc9446a1fb777c05f95e2,1,1,95.440000
0x80ec027efcb2233e88ad91f883e89989cdab7d36,1,1,0.020000
0x80ff1bdccbbd88aa2f58cc1fe9ddec5d04779674,1,1,1.000000
0x8101e7049417c1e096dd3fa13d06eb2aefc16bbe,1,1,525.000000
0x81090f1cb4d42139d4d2b24206c3ca9e07ac6766,1,1,25.000000
0x810eda4a230e0c1804f28b112917ac1c461b81a5,1,1,10.100000
0x810fc437b7048fe7bb6e28d7891435839b4f9b0c,1,1,146.480000
0x8112d05a124f529381a3da5a663f27bccf157bc5,1,1,21.860000
0x81194ef234b53f76ff7caafb2c0002dd5d50d768,1,1,0.007000
0x8139749e83c9851bdb5a955bf9f4111c2f1bc776,1,1,0.010000
0x813eff03a4dced6e36c73cc5240630821a2d2bfc,1,1,8.720000
0x8148bd20e10d5df0e5703b6488d7b77be8e7ab5b,1,1,54.330000
0x8151fe5236074b8f46ac1367d993e768a2f0d68a,1,1,0.010000
0x8152c97b53e55a6ba0497f39c46740238d5f4b2c,1,1,180.160000
0x816bc666d62e9bec317843e279740a5f2df84c16,1,1,20.000000
0x8171b727cf7de413b8601f22b13d95167e46703f,1,1,0.100000
0x8176e207522114549cf71b1e62243c21699c2727,1,1,0.005000
0x8182df5bebdacac8229432de76b696e630fe0886,1,1,49.500000
0x81a278dc80006dc55858f901406d65b94bd998f4,1,1,0.100000
0x81ac89fe791d8f527b02011c5469dd2a25d23078,1,1,0.100000
0x81b15f7736be4b5e69227503b4b6b61836377cb4,1,1,15.050000
0x81c238bfe0c45c9347e63bba178135b550670ebd,1,1,45.910000
0x81ca87a24a14887373cfd42076add971059f7bad,1,1,108.720000
0x81cc2af10edc6b6ff4a8bd4832eecab9a9f2f23d,1,1,0.010000
0x81edce9ef9b3f73cf095e9978776a9be362cecef,1,1,54.560000
0x81f738fbb5a195ad10141fc96e9e1ea2713c02b9,1,1,46.219722
0x81fcded9a661b677e6a3b75e5f4936f6d49b092c,1,1,62.620000
0x82043eaca7b47d18a19ca75cb93fec7838c4467f,1,1,21.740000
0x8208dff6856bcf73eb019b16dbeb96f63205df15,1,1,60.000000
0x820b8c58ef43ab9bd49ec774990b8ffcc02890db,1,1,3.491750
0x8219368b49000002a0d72725a1607d68302b3c1c,1,1,3.840099
0x821dc428e4af83532c4771c213cd5c32dc7897df,1,1,0.010000
0x823a3a5bab1186141b32fc65f8e25ca24c679ce7,1,1,0.100000
0x8255f48f7c40f507548bb9423602b0b3fed42a61,1,1,117.520000
0x82822fafa1038f646e79dd7a390f2476826b6df8,1,1,0.100000
0x8289c18d558eecbc6a8573c6769f12d6de6aacc9,1,1,0.700000
0x828b0bc43f2c30f472951da8c8fc88b9135940a3,1,1,221.700000
0x8291cfc48a3f8fcfcf19df58696cc755e74b5cbf,1,1,0.100000
0x82b3ded6d3c0d8d8c83618527f94b3e85b1c2260,1,1,200.000000
0x82bb29854759d399c4cff86ceaf2d7cf5f2be98c,1,1,67.920000
0x82bc7b00fcddf4344de14e83baea7d52d5133d0f,1,1,34.820000
0x82ca3cbe22290df7887a8474abfe7265265443ef,1,1,37.740000
0x82d598d7afbe04204213a242be74b059c07f41a9,1,1,0.005000
0x82d63e9f8e794d671ddd91459efea73f807b5be6,1,1,0.010000
0x82d9e6bc63ebba5038072474226e26d8eadd9ae9,1,1,5.963476
0x82daa2497f58a9b90d7cd5dcdcf675f598ee3f8d,1,1,15.000000
0x82e2fe0f9d1efd0517e1497d94a87084a60bf082,1,1,0.010000
0x82f5277f78922786ca130e2147866066a9717a18,1,1,107.720000
0x82fd36c7fe56160e5ba42ff4138693c28b5b4c7d,1,1,117.680000
0x82fdef9b7d6dab403cdca0509059bc0775e8a1dc,1,1,45.180000
0x830c41bd848aeab6113f62644139b6278fb89763,1,1,115.340000
0x8310d41dae94387253805312029b2e01c7398058,1,1,0.030000
0x831937e394598cd87c4eb358acdbcf513c20f93d,1,1,54.660000
0x831d74a88b365c733b297557696a82278f592cfe,1,1,10.000000
0x8321540f1cbccedda6e77ec5c76b1b6f83ad8e5c,1,1,0.010000
0x83287d6d38502dd286f091054967f875f07144fe,1,1,0.100000
0x832adec1ccb4139da17cf8a1108485f970c8f3f9,1,1,0.010000
0x832be0f8d04d8950d181208edab1b96e8dbb2228,1,1,89.040000
0x83381ff18c62dd053dcdd8116b6d9ac04c31dc0e,1,1,0.010000
0x83512fea6bc9617862add6648dba3b2fc77f8b4b,1,1,176.550000
0x835e77e8615c23b604145e8e11f6703bb86918d0,1,1,179.860000
0x83636fc47500d11b8be4fc75837a5a258ef9b12a,1,1,12.610000
0x8374b4ae5fdd418aa1d27d503a3be9d8ebc57699,1,1,0.100000
0x8378a3d608697e9c82e9b39a9674d12815cc44ab,1,1,14.410000
0x8383d3e9a2dddc7ff16b8c7ed2c0351b28284a37,1,1,0.100000
0x838827ede3ac9d4bf9a57f9b73af267d077de822,1,1,0.100000
0x838b88991b05e31538c726632d3137cf1caa7037,1,1,5.000000
0x839ab839ff04890faec048c1274de29ea8473e22,1,1,23.510000
0x83a3e3c726ad8a2f1880e0a1d2d815e92a46f43a,1,1,15.540000
0x83a83ed8f7548f2f871cf331860d13e6d00363e0,1,1,0.100000
0x83acd807ebe389d071ad1006e81c324532cf888d,1,1,0.003000
0x83aeb98b1e50a8c7e0687a5cdd31149f56c44ada,1,1,582.120000
0x83b5cd3b8a3421e9f17bcf18016e29533ebbf018,1,1,0.010000
0x83b6f085504a9ad4abaad4c7a541ea08662234c7,1,1,30.614481
0x83be5e8cc736d261c0352cd91cdbd0cb2a3c93a0,1,1,0.100000
0x840045fe79525159ca5016be43ff5247ebc623a2,1,1,0.010000
0x84022a3436674b58d154cdd685af6c800ca2fb89,1,1,100.000000
0x840c394fa839c197bef581bdf03aad6ebe33bd0c,1,1,685.540000
0x841bda3ac2b75d2e6411c9b26438788d415ec4fe,1,1,0.100000
0x8423fd80a34b909a711728eb2ff3b5a77a426d54,1,1,0.006000
0x8425d284ea0ba26c13c6be521467b96d7e2935b1,1,1,0.010000
0x84324b1eb3ffdeea22b8d1f9df17f720b30f5f7c,1,1,29.880000
0x84407b4411a250cb302e74debfa4178fa2e0b97e,1,1,0.100000
0x84441073505d297c8e0ba26e540e1f1c2093f37a,1,1,23.600000
0x846c22effacfe55e029e2e955f3dad08a7bba359,1,1,5.730000
0x846d1e27c78fb102fc585a14a7389671405305c2,1,1,235.320000
0x847860dfc249a6bbefecb52b90a39b10d7dd8308,1,1,0.100000
0x8487fd5a7206f11621c1f75caa791d0ab1ddd9ca,1,1,0.100000
0x848a8155d758a25a916bb64e3cde53095015fbd2,1,1,29.000000
0x848e0a6eabbf48cc6c830de8da39c1a186a58943,1,1,0.005000
0x84c4a35efcce6e061980eb48b9bfec4d0d64216c,1,1,0.003000
0x84c5214b4c89fe4bf1e16417b66a7a1da9123a75,1,1,201.050000
0x84d6f762679a66fd7998e94f810ea8f05a6b6fd6,1,1,0.100000
0x84db5d4ae253fdab3daf7bd51cdeb56963cf676a,1,1,40.800000
0x84e054795a3dcc6504f66381d96ebc127900c3e8,1,1,1.020000
0x84e8d3d2c2baf6e5edf26f8c9f4b46b09a48e1e2,1,1,0.003000
0x84f5cf8bb4290a73d930e359719b03e631c5bc53,1,1,54.440000
0x8505bdd5a548bcf2d5073120ab532d9e0fa8db74,1,1,0.005000
0x851a6feb9712848d0cb6c061332dc99622325435,1,1,56.920000
0x852e990efdfb95dba1b56581c44cc1a01eb5c8c1,1,1,0.100000
0x85376b7b8d6740ac1119f08a0eb6b6ecaa70863b,1,1,0.010000
0x854954df1932416a1681af974289dfdb6f251e6c,1,1,159.650000
0x854b52f538fbb65c740dfde130460cb1ab433d21,1,1,58.920000
0x854de4de18f91f34a126b3eeb8393a27d654e507,1,1,50.000000
0x8552fa5917f702397e7bb7ec296c2213810bc5b0,1,1,0.100000
0x8577cb511f3fb272218a03442a9c70491704126f,1,1,0.100000
0x85806427be2808866273d1ca7d80d0ea36bfe68a,1,1,683.680000
0x85866c37fc8374da125b94a30af3aa6bc93fd02b,1,1,0.010000
0x85964bf9efd8ddcaedf3f9b228efabe79044a009,1,1,0.010000
0x859f61d47114c8be9be94842e6dc6e8a7fe40200,1,1,0.010000
0x85a7427808fa208c8fdb2235845f5511bc9d9639,1,1,0.050000
0x85c19502dc3d3eadcd0ebc141b708ff2f789cbec,1,1,0.100000
0x85e3feac5b14806fd5b6805dcd0cddd2b9583147,1,1,0.100000
0x85f838d3cd88434e61a1817bff879d4c1476b3b6,1,1,20.400000
0x85fde837460261649ef6cf16abf028a99b6ed9ee,1,1,0.010000
0x860330d0d60d3f95cef98dee5b3864a55265033d,1,1,0.010000
0x860394624c4228bb65262364cba06cb62de97fb7,1,1,0.100000
0x8608b4455bb614568810ca18a582227e1e574d7f,1,1,53.960000
0x8619a5b3bb5d9a236c0c17935a5e8575b14430a4,1,1,11.100000
0x862a56510918db70aeb283085560fbe510ee8b20,1,1,2.160000
0x862d1dc5918afc73a182b078780479426f689b80,1,1,0.002000
0x863828deb23e6cc555de8bb72c964f3a6d0b45ef,1,1,0.100000
0x86513fe8e6022d443d239c9a4b253e4b2287e5fc,1,1,0.100000
0x865da37a1b570103a98aa5971eafc3cb1aeb3c1c,1,1,35.520000
0x86634844790351574961d89b30403965a2899c2f,1,1,0.002000
0x86687330d9d4483f4b5e2c9719eb8bcbe9f156cc,1,1,69.590000
0x866e99bc2b56b90b8dd8de59828f441e1a758ae2,1,1,0.100000
0x866ffe0c336bef784c31094009f5f3a7ccd66e8e,1,1,0.100000
0x8670287d7c3f2b485f0dbbf413e996138a0e5cf7,1,1,1730.490000
0x8673d011c8f04cd4cd30f4ffc292eff28292dc19,1,1,90.070000
0x86754f6924647ef9dc8699c3801ed0b2f0406580,1,1,55.760000
0x868e9086d7dbd4e83aea53920031f9ae9ae2b820,1,1,0.100000
0x86ad9adda5059e7e788cc9eac853621ed4ece18c,1,1,0.001000
0x86aff026266d3e0f413205748531f958b064096a,1,1,0.005000
0x86bbde465bbf22dc15020141ecd4c2b1348fff84,1,1,11.620000
0x86beb5a268c7ea56df09a7a5acb6c1a19ee91e38,1,1,36.330000
0x86db8b238b4400a523fc27fddf012eceae86d29b,1,1,20.000000
0x86e2117ff95a1e99aea0ddb1913289d61b8892bb,1,1,0.100000
0x86e3b909226bcc5def1dca78f4cc612a434105f2,1,1,0.750000
0x86e443c3488d0db57a90ba51b20c763de5e7622d,1,1,0.100000
0x86e7d9c4362da7db99b0c30f77b67fdf29d461bf,1,1,21.482520
0x86ed8ed00918612dac742fb64e552e6928be8238,1,1,0.100000
0x86f6456748f4e4872e554ff9e9d9f61b240f969f,1,1,0.010000
0x871d53ba766b9e619afc8c432398aed91c4edb59,1,1,0.100000
0x872aeb063107d36a3a266acc2488eaa4ef82d3c2,1,1,100.000000
0x8731528f089ce5d16c0395db2b30c4ebdcf31155,1,1,60.730000
0x873545789270441fec94e20368b7b5d8802b9f78,1,1,72.640000
0x873f81dc43c8e404445745de98d7a65fe61a2aab,1,1,0.000150
0x874ca99845ff4829febc14ad8da6d6282b695ece,1,1,0.100000
0x874ed83f945b2e4f9e58daf41627912c08c36990,1,1,0.100000
0x87502e4b9221b5d2aaec9c30e3cea36271855800,1,1,0.900000
0x875be5a7154469914b5789754176cc9dfe2390ca,1,1,0.003000
0x8764db3c93cfee60288369bcf53e3764ec24bf0b,1,1,1448.500000
0x876c9f03e7e45001fd39275fcc64374d0ba1714c,1,1,0.005000
0x87714f18106c7b08e50ab913a99808a7db703a9e,1,1,311.850000
0x877682eb15bb329d2f97cf18b373018e7bba5d1d,1,1,0.010000
0x87777033dc4940c04883b1eb59c3f1231ce19100,1,1,115.840000
0x878dbae920c9fb09740f6e15731bce5b00b9dd6e,1,1,0.010000
0x87953f0ee93e576fd96e22900c590852a9bc300a,1,1,0.060000
0x87a632974bff8653c0d47035f7925af4e013275b,1,1,0.050000
0x87bccbe69ecf0bb632bdce8ecdd118e527e72bb7,1,1,0.010000
0x87c539301d4e033aabb456e7ffdcab3d1e0a6c0f,1,1,132.000000
0x87db93b600bfe531d878e7f4b14cfa724957fab9,1,1,58.010000
0x87ef3e9ed76a33c0717c9e9c01c335a5aeb91d47,1,1,3.310000
0x87f41e791c73ca8122c5a871f0d069b9a18c9bf1,1,1,0.003000
0x88053c5cc9d4e3edf05532c7461f5b7dcdf42d63,1,1,5.130000
0x8805f00e5d7dc159866f1dbd9bda445bdeba0312,1,1,5.560000
0x880c3361cdc2213dffc10e3a398fa3b661dcd8fa,1,1,22.184203
0x880cea62f2177cd3a464b257879f9cd16de033c9,1,1,23.610000
0x880fc4af3e343ecb245f15d73ab6a76f84bc5897,1,1,0.555189
0x88151ecd486b1d116e58b9a20271463ee15d49d7,1,1,5.730000
0x8824d9ba6511394d6ed3e4a3e2aa3fd928a8a1a1,1,1,0.010000
0x8831821cdd39cca838e9b010e20fc895e178e4ed,1,1,10.940000
0x8833e8feb85a86729f9f166ae46c21527036c13d,1,1,0.010000
0x88405841660f9cb72c2eaf3189e80469adc6c7ee,1,1,0.100000
0x884f2a0de9a1ba59889b663840d061a8670a3e59,1,1,0.007000
0x884f9afe3cfc93e90cc6fa2bf3c90b76109e33f8,1,1,13.655880
0x88502ace29d61b58627b5b49742ea16981d5f7a9,1,1,0.010000
0x886312bd8ffaabc1d0165bc15ab7890abf6d34e7,1,1,0.010000
0x886345301df2bc880d222a4d1ab53cea9dca37bb,1,1,20.410000
0x8868ff0f4f7ffb19437b3513ab697c35bc789eb1,1,1,113.950000
0x886bba2cbf71cb47e6fa5b1b4c6662a5cfeeeeff,1,1,365.690000
0x8879099fac325be4f0e274a262d550341490871d,1,1,0.100000
0x887917d9ce270e46e87d0b480092049169a7b988,1,1,0.100000
0x888288b64ffd03312b53a3eef0534f7353279ef0,1,1,0.100000
0x889103c8f9551829ea76a1e9f67f4f19a756e48e,1,1,10.790000
0x88a0a7db95511e9faf26f0717921846dccfe12d5,1,1,12.780000
0x88a3c3c1d0072bffa5e7da8d9770f3e329cf454a,1,1,0.100000
0x88a4848a5b3175084f2ef29d76f5e5707ac71422,1,1,0.003000
0x88a5c03653e928d7f72dd20afbe18ccc5edc43cb,1,1,0.100000
0x88b8382ceb72512ff82dd0b712423bad9edf1615,1,1,0.100000
0x88bb1d42b3e8eef1f384eaef344fc489311ab603,1,1,71.640000
0x88c63f17cbd8f2f4580e175531a5fd554558090c,1,1,1.813384
0x88cb56fc9c359c361e5a7a842e03856d50a84a0b,1,1,100.000000
0x88d686ba6d0caeac13f7bfd8790e9913478c14fb,1,1,0.010000
0x88ef28087326d556a5d32bb04ab3d666cc576c72,1,1,0.370000
0x88f0b24ec8ec9ecfee85536585622fe1c71d218f,1,1,115.210000
0x88fbc9d199f28c025d3e3c70335c6837a6ee751b,1,1,0.001000
0x890a2b1f072116c5fb1322595e2946f7b393de83,1,1,248.180000
0x891106187bc85291742c30c9eb99595116246f31,1,1,0.100000
0x891a7df8f43611f5fa2b0811f1b0387f8f8d0068,1,1,0.005000
0x892b7cc57ed6e5f299461434d5792a10db121c25,1,1,1.864210
0x89364950f05f9a45da80b72f08fbad6b91f7ecb2,1,1,58.241990
0x8955606edf9c2cde7e56cf6cd627a51da9249a0b,1,1,20.510000
0x896ead27e8f10690fbae079c05f998055c20abd1,1,1,1.500000
0x89829cec616ccdb2a32641fc40915c70836ffbbe,1,1,0.100000
0x8987ac27b8e548733277705835e6a37823aba468,1,1,109.800000
0x898b8b30615e157715bf19401a972e07525f8564,1,1,0.100000
0x899d1c663ce7c8038c370e739ed9456f3e6c33fd,1,1,500.000987
0x89a10b6a280b0fac50be6a7d1ce3d215cf68557a,1,1,0.010000
0x89a960a92a42aebcc6f3ad574e1a52d0ad594e4c,1,1,45.910000
0x89b612e5861fef5781752fc62981a386ec28f928,1,1,79.090000
0x89e42788d15e576793458a5adffa79cb539160e6,1,1,116.020000
0x89e57bdec0747f22f5e680121ecf4b5f22bc1e14,1,1,0.100000
0x89e899c7120e65e29d8a4aeacacef865ba0d59d3,1,1,0.647128
0x89ff0abd5a0c11100d79527f4ae7c508451575fb,1,1,28.530000
0x89ff821435cefccdda740d6ea7bed06e9633ac7a,1,1,21.020000
0x8a03c116e458592bd7121073a1585e16747566fe,1,1,1000.080506
0x8a09dff8cb5eb9da5eb0ef3f6daa9c6098a4d3ce,1,1,0.100000
0x8a145a2fed785feaa059c55ca0f893072d4a7a9a,1,1,15.920000
0x8a1640928cecfe6c0f78109f2202278c2d729040,1,1,200.000000
0x8a3b3c898144f4266f49d692951bb07cc69dc971,1,1,1000.000000
0x8a40dfc232a14ce0105a0eaf6bfbd038add80c6b,1,1,27.180000
0x8a4fbac6e6e76afc2b3cc56423d4c2a05793db91,1,1,0.005000
0x8a546d9f6e40fdf5fa11c8d9a07dd4c9e4535b33,1,1,0.100000
0x8a5a39aaeb0ac21ccd41823a580c725ee3dd8f63,1,1,33.510000
0x8a5e9c046654b590750b175a52e52f2d5b9ee07b,1,1,0.280000
0x8a6451a69c7a033a832eb6c4ec9bb82750d72bbe,1,1,0.100000
0x8a74c38934b24ef3ca6ec3c63248a43e65fd7032,1,1,0.010000
0x8a7805cc0488d5f954eb224d82d29ccd9518cac0,1,1,0.010000
0x8a7ad90a7f292b6cf36fdcc26c17b4fcb93ecc25,1,1,0.010000
0x8a806bf9a0af800b67696cd272a6ed3b31873917,1,1,14.980000
0x8a931152d8ba2cd6823f64eae653ac6b74a5cb4c,1,1,0.100000
0x8ab48f519f5100efa199d9e2cc84256443361f58,1,1,51.020000
0x8abeb4aa5701ed1c9fe46bf36fddd3d81ff45a0a,1,1,31.360000
0x8ae1d99fae77a5de3471e80624ebcb88a8e803df,1,1,20.420000
0x8b02da7fb0ea5d108631a63587a299793c707c92,1,1,68.890000
0x8b14e931db0eb1995ab592448cd8d9bca4d9e7cd,1,1,114.720000
0x8b1530d6aeb26595ff2257d5a359a81f0d977236,1,1,0.000050
0x8b2c0fdbe482a7ab24f392131812671872ec5f7d,1,1,20.400000
0x8b4c0ba1014425d1f7c4064bfe25ca487cf46559,1,1,0.100000
0x8b55df62242ec73000d48f4405617c23465f1362,1,1,500.000000
0x8b61d1f0fb59c6624d6f183044bf99c2620e91a1,1,1,26.750000
0x8b78c54575bf55683285bbc48d35edd9690f8d3b,1,1,1.020000
0x8b79f441e827b8f4033d3b23b76ca0f09ecb5645,1,1,58.270000
0x8b809783144b5427f188649ba276cd1243b6624b,1,1,0.010000
0x8b8798462540200dae8acca22430a48d656a42e4,1,1,0.005000
0x8ba25e2edbac353e939a39bd0ac948f4323d3ef2,1,1,75.260000
0x8ba5d71f64d843625f082fd937af47233e84e8b6,1,1,0.010000
0x8ba745308d2be66b23f01dc38130ea7e99e7433f,1,1,0.005000
0x8bad7ed0ddb343ab46b35880097f287755494543,1,1,0.100000
0x8baf81f7ffa3f94ec7be04728b8c8cad0f0d4b69,1,1,50.000000
0x8bdbc83eb4c553e54f5dfe7e84ca3fd4f3fbc65f,1,1,1032.880000
0x8beb1cb7bdc4b11301ee2934a7779cf8c235c7c4,1,1,0.010000
0x8bf1c299b83eb73ea53304fd8c12041343e294ad,1,1,0.100000
0x8bf4622140d94a14ebf733ab279faba935d183d9,1,1,0.005000
0x8bfc863cb66f6b61c439f079b839f0c2eb0ee4bd,1,1,0.010000
0x8c08d9141933a9e930ef79d8784b0627e715b20b,1,1,0.100000
0x8c0c34e1d95b15d2ff5fe88b30d64031984ad4dc,1,1,0.010000
0x8c14aa37545fb9d22dfc9b2bf07a73cc8408e359,1,1,0.001000
0x8c15cde3a8fca7d316d702c838f1376e122466f1,1,1,0.100000
0x8c171a163eee462f88aebdc665535cd6f68df291,1,1,0.100000
0x8c20faf16656dec9f638e72bd9dd2f02f6a61b28,1,1,82.279999
0x8c21ebd4c57472d1f85139f3738270e6fddee825,1,1,0.005000
0x8c2a884fb3563ffa08d595336de4b666a547c356,1,1,54.660000
0x8c31eca8fa0e8cd74a6e9f720ab68e6ee6f92ba1,1,1,0.100000
0x8c35100f5e82154ad52d5b4b5720574befaea73c,1,1,57.790000
0x8c3a0dc2d8ca2d185b77a2f280d84feb67181622,1,1,0.010000
0x8c401bcc1309703dfce47b406ea94c8faa458f64,1,1,0.010000
0x8c4234a16857b3466f73eeae0261ab91aa7ea77f,1,1,0.100000
0x8c484e8d351a40a22c7cacb9ef443197c16cdddd,1,1,0.010000
0x8c4a902fc929b482a18bb0b207558be9ddd94d4c,1,1,0.100000
0x8c6bb96ed53b8e9108ea5b443b3a2d12b19d36fb,1,1,0.050000
0x8c6ec3a9563d16d9071dbf6407836a9bd366c056,1,1,0.100000
0x8c6fac864f53f1bc088ce2394bbc4afb9f1a2815,1,1,0.010000
0x8c71da73c80cf48431fca28871b93d625d6e46fc,1,1,0.010000
0x8c8197fe9441e07a828ff0bbd3aa432fabb686be,1,1,0.100000
0x8c8faec7e00ca7784ecd90b2a1e90d486ff670f5,1,1,12.820000
0x8c9460dc7e5587af6ad1f87721d52a2cda81d80f,1,1,33.010000
0x8c9ddb61aa7ba8470e1764c2be78c7c6b6ed62de,1,1,0.100000
0x8ca32638195878cf1d62533969ac47f77bfe2d15,1,1,0.000023
0x8cac04d3e2cb3d30e0de255b190b58be1d762d15,1,1,0.000150
0x8ccff4ea152e8783aeaea0e2426fa64434ead890,1,1,25.067101
0x8cd9a8af71bf3d695178f864d6f5f32f10a52e85,1,1,102.000000
0x8ce2323394042a634be7a34653847fd806930b65,1,1,23.850000
0x8ce521475aa3be501a6d95b35014400e9f4a828a,1,1,137.360000
0x8d07ec2dde5de038be92fc32849556eabc6212c1,1,1,0.100000
0x8d08070ee123de690f71d1b5e51694d818158fdf,1,1,106.350000
0x8d115259c1547982fb39cf1a30e5fa1424210241,1,1,18.690000
0x8d125acb7755e6887485530ab935e84e69a77cfc,1,1,0.100000
0x8d14fe0b2c7aa75052c727a70afd4d72c0b85d91,1,1,510.000000
0x8d369b0f6f56e7dc7af0ed75d047d3273c2d9d0c,1,1,2.180000
0x8d37fa2455f96037a7b19c86b5ccc0cdc4023104,1,1,15.150000
0x8d41312500d0b701e850b0f0cd3de297132770d3,1,1,57.650000
0x8d4b021543dd905b4281fed330e93a06d5566401,1,1,1000.000000
0x8d4b89a79e13573d888ebbacbe917c4bd6d61117,1,1,26.980000
0x8d55337cf40feb699c4161a7efa11e93b71a90b1,1,1,0.100000
0x8d56e411b4b2a5b4490f2be10e6be0d7e5593023,1,1,0.003000
0x8d60e855255dbfc7fe606fc5c0362805f537dca2,1,1,0.100000
0x8d70fab69602b36505755766864a94ddd2f6263c,1,1,0.001000
0x8d7792d8b39960819fff0baca41cd4d26335ece7,1,1,24.003068
0x8d8ed17fbd078b6315139eba00b7395b876056c2,1,1,13.759755
0x8daaa2144ca7e9ad727577692ea7f476fe4e9e18,1,1,12.350000
0x8dac37646995b6d6767f30dee2a5fbc11d84c626,1,1,0.100000
0x8db6e64cacedaf7fb280d36f49669b8095ff448b,1,1,0.100000
0x8db7ba5c5cb097f2e0c007276ee6d2c14cafbce9,1,1,102.000000
0x8dbebf46e3059c304d642dcd931fcc64ce2eb88e,1,1,117.600000
0x8dc5f131e15767f4e0e3b8deffba664319e37814,1,1,879.000000
0x8dc8e59ce05ee4c3b1a2975916d2da322c3a976e,1,1,0.100000
0x8dc9e666361e6f7f7361bc4d0e2faf6cb7415c75,1,1,0.100000
0x8dcaff9deeac9e56c641c9504ec9038ea6b02511,1,1,0.000150
0x8df8caf875b8225452f77e2c487ab007d5267d85,1,1,0.100000
0x8df9efc0714d5ab41bc8f46cea42ef1fddfd93c2,1,1,0.100000
0x8dfa0696d8cc7fb521772995cba6c62a9fc2d241,1,1,56.880000
0x8dfb42f41d6877a08f5f559cacba69731c7ea508,1,1,0.010000
0x8e1c7efb367b385d20f2aca2d286bac451a6a003,1,1,0.180000
0x8e214a2143f6579815a25f29b9ed1da325926432,1,1,115.310000
0x8e242a9397b14255f5c426032b202ca04ee2bfae,1,1,0.010000
0x8e28b47a0fb5d2858a9e33709b7c54d5d7a195a6,1,1,0.100000
0x8e2b4f63e8a2dba41fdfd85a2da331aa87155c80,1,1,0.010000
0x8e4f4b3b21362e9726e6c8a5ca7f5c3c8dd7bc0e,1,1,11.509765
0x8e554d4b042f2190f9b407f084605cc99d8585c9,1,1,0.100000
0x8e676d9520eba3ccc970a065480852fd1555f17d,1,1,0.050000
0x8e7ea33e2d5dcaf522e70a4f174d6c87a7e7e081,1,1,57.030000
0x8e80bfe0b74f3b57b14628590dda613dd38f8d89,1,1,0.100000
0x8e86e325221bb7ca130e9d5b1346b2e94558b173,1,1,0.100000
0x8e8babe4b9c67c6a45a2a2fce86bc38e14fa410c,1,1,0.100000
0x8e8c874f4ef02c423eaa6ebc4eaab0fbfd93180a,1,1,57.660000
0x8e90cf29b783bb838743bb8fcd23a3f8ccef1cec,1,1,12.289735
0x8ea0bc23012df159723855dbbbdaf49ff45ddb9d,1,1,172.660000
0x8eb174bec8869caed63f0af1e0b47de9e5c6dc94,1,1,88.400000
0x8eb2be52f0a50b3d34544cd0c3e2ceecd9c87fbf,1,1,210.170000
0x8ebc3b7a5b44a4319a2bcc53291762d11aa73b0d,1,1,100.779149
0x8ebce66d90421c25b74393999e7d101398e360a1,1,1,0.010000
0x8ec2d21bf6730cc90cacdfd3b7a5837b8ade7e49,1,1,0.300000
0x8ec8b4c82980d6c4650de7b589c4eaac5e5a1893,1,1,173.470000
0x8ecba51f35c9f6286c2b63af54a780a85b4a3bc2,1,1,315.890000
0x8ed2e7ce3cabdd67e82b9994314bf0b452194b6d,1,1,0.010000
0x8eed3c1fd55c1511741ffcfb57f02c6acadb068e,1,1,11.700000
0x8ef10cadf29808ee36aa136805fedde00cb7fde3,1,1,26.660000
0x8f03e3c4c7ae9ed93d977632d1fff53ae3eae933,1,1,1010.000000
0x8f128491b5479a75a621c56b97bf9a7b57e4d9c2,1,1,112.380000
0x8f165efd90b75d61cf361a798d9d036ebd6d8099,1,1,0.100000
0x8f16ef365676c405c739175fe7a11343e864343b,1,1,0.010000
0x8f17a2c1a14c6556cc78813784511ed925415cec,1,1,0.100000
0x8f1f42c3da7e9696631d492cd0edc77e23ea5c1f,1,1,102.000000
0x8f21e5dee61a8b3dc86c8400f6f06f3fffff9976,1,1,0.010000
0x8f324a107852684070ab864882f6495ace0ad09d,1,1,0.010000
0x8f350efc235f32f6abfdcb68312f3ae4a5d6be45,1,1,2.570000
0x8f387a129b9a16088c586c488a07080d35ce80ba,1,1,101.470000
0x8f3a0e696a78c4f046996fafff5eb59cb3286486,1,1,440.170000
0x8f41d8998093be994ac855ebd31776cfce22b91e,1,1,7.640000
0x8f42e79be7f0d247f95cee4a87200a8c8d2850c2,1,1,60.000000
0x8f4b3a034fcbde2abe0f0534c5b66bf4cb68cdf5,1,1,0.100000
0x8f4c8354f181f13d877032fd59b48c6188c13689,1,1,0.100000
0x8f6285a1273fa4ce369ffdcaf31b0aa612a615fc,1,1,80.720000
0x8f6db3233cc14b3c61594075c902b4903cd22ec5,1,1,0.010000
0x8f6e3b7bdf5e7eaab4fce5d33fc5b2a074c71071,1,1,0.100000
0x8f70a178aff730289bb2faef371c7f294b4c18f7,1,1,0.000020
0x8f7aa5c09e30787e2a1771620e7589d183f8dc6d,1,1,20.000000
0x8f813e59db8744444b472d23fc2d5ccd7f013232,1,1,0.001000
0x8f816757a10f1d42647567382aa5bbe858c2f2b8,1,1,11.070000
0x8f84a514161e2f0f9c1bfd55a3a11ee624c9ee5f,1,1,0.100000
0x8f9058d162ff07d6655cb5f960ea90cd580ac7bc,1,1,0.100000
0x8f90f0652ed01ed45480ec95a81d2e11c4189bbf,1,1,106.360000
0x8f9258e0a6a845d1cf8b6056b4c75db414e7f9df,1,1,0.010000
0x8f9a70d09a84c6d4131d86ccc3f61b116b13ad41,1,1,0.100000
0x8f9b502295a743261650eb14fe6bf00f98d841e0,1,1,0.010000
0x8f9e7052019b218b4793ba234b2b233f6dfc7e92,1,1,106.700000
0x8fa457587317930561147e6bf021239ee79ad556,1,1,22.250000
0x8fbcf09e458a4eb1937539f94455a3805f168475,1,1,0.100000
0x8fd463b31df9099cdbe2f7eb50c48dd5de717123,1,1,35.010000
0x8fe853e645624681f91313e01a01c361036e30d0,1,1,2.740000
0x8ff627a42205e3f9ab37268603b97d1d0685c761,1,1,0.010000
0x8ff9be08967ee9f4b0614dc902fd985f4eae8974,1,1,52.344300
0x8ffd631c5f3a68e21786c7cb18e7ddfe155dcc79,1,1,0.010000
0x902d48d2a48d8b1739275dd125defe73b9028256,1,1,0.000015
0x9030849f45e1874fab7ed0d33521950d6050558a,1,1,23.948284
0x90387ce0b8668dbbd562c29e11e98143ce8223af,1,1,66.780000
0x903c1bc6927cde711c45d3d85e9e448beb1978e7,1,1,0.100000
0x9040316f223e8812f7cb65572333f107e7204f9f,1,1,220.376261
0x904d971d9b2b4b54e15b97784e002e8b865dbdf0,1,1,10.100000
0x90533e182fc9b12064fdb547c83ebd3fd7a613ed,1,1,0.010000
0x9055a3bc279de66b815b0a868c7b4fda3ac1b972,1,1,35.220000
0x9057559f1c065d5901d346aa23d95f9a908f8e73,1,1,0.010000
0x905a4a2fbe94a1ebd3501ff634fa72fc9351e770,1,1,1.510000
0x905db9e36e6343ff2891793eead057c5d6043257,1,1,30.960000
0x906d86d2e20a6e23d7f62b4109a2d925e0a28086,1,1,102.000000
0x906f9c86750294da789c3db908a2d0b190844ad5,1,1,10.321104
0x90762271d0cd3e80cf62b578e8f26e4410eaae6b,1,1,0.100000
0x907962ad3369b76231e77d8a9346c2fb65597d1f,1,1,0.010000
0x908791f117d51609adae261c6979a48c3f65279a,1,1,0.100000
0x908f67872870f03c3f63b03da54e263d19a47675,1,1,0.100000
0x9097e6a326919e22536731c7443411f3bbe27c63,1,1,100.000000
0x90999d29dbcc19a65d5eec17396015e8db167488,1,1,10.983962
0x90ab3830e022106b8c5b8b1b38e54eeb68c0e9cc,1,1,58.240000
0x90c9ff27b8ff0c0de981e1633e2018f6cddafb7e,1,1,11.260000
0x90cf327710df1a51c6413c9c987c8ac53d71c3b1,1,1,5.560000
0x90cf88fe2e43aa4919c23a3c314a14df3ed50585,1,1,0.100000
0x90d34034c67f04aad622f575029baf04528fb730,1,1,0.100000
0x90d99c7c0852eed03563caca47796d7afa44551b,1,1,57.690000
0x90fe30024f0e3394abbeb1e691df6cdceb9f7970,1,1,12.350000
0x911182211f24ca6330f594bc9768d4d5cbad6551,1,1,0.010000
0x913dc97d6a199b1b70590c094600a0e963d013e7,1,1,0.100000
0x9142562b9f05131d0f31e5dde42a975e7a7bc811,1,1,100.000000
0x9146bca81f381d59d213d925bb791394b2050fa1,1,1,0.010000
0x9146da6dd3fa9244d60c3db58257c83b14358ba4,1,1,0.100000
0x914d3398956faf2414486a93511e629c6be2cc72,1,1,0.010000
0x91504190927771c4668e904052d54086d782b30d,1,1,132.540000
0x915f709ab66952f276e3aa88f15a6f4098c52272,1,1,0.003000
0x9165e07fbe6e7a51512d4db637c1be58119a0aa8,1,1,57.680000
0x916b9845f3f6b99bfccd23efacf69e379ab6e673,1,1,0.010000
0x916d92afffb4d69be380c93dc1c23c1a79d21f34,1,1,0.002000
0x916e4e03c2f3e91321c91311296f5b2d555aac0d,1,1,0.010000
0x917ab8dffbdad47350438ed045d51f814f5f9638,1,1,0.010000
0x917ae55853a91874f151aafa1e14a76a6b502c66,1,1,0.005000
0x91865caeb9d8b10fd2c102f782db2cb2418327a1,1,1,303.000000
0x918c16f4e7fc4ac342b6879467995e0b68c161f7,1,1,0.010000
0x91961d6d9505c63d1b253bf7b3bcb48078ba614d,1,1,11.290000
0x91972f32b97e90b528336c8bdc87a40cf1b29a62,1,1,15.030000
0x919a27a4eb8a219a178d464b6603e8934df6d267,1,1,0.100000
0x919a5eddf21d714aca3a687410cafd39cc13805f,1,1,17.380000
0x919cebbf32a9602fa628426931108908c1af85bc,1,1,0.010000
0x91a936a6cf27d3f2cbdd47bb071598b06fca96e4,1,1,0.100000
0x91aa57ac33928b9f24f5f18009cc94a3e5adc5fb,1,1,0.020000
0x91ac0158fe9dbfef0c48c47883a486789bbc28ab,1,1,6.300000
0x91cc6e0c5c72f82071e233b5721685bfa1c26516,1,1,0.002000
0x91d440249fb9e1b7cbff6961c3922dcab8eaf1f7,1,1,34.780000
0x91d936eacaf72cdb5e54b0c41e275ce137f4b8e6,1,1,0.100000
0x91f8511ee62aa8807be6cfcba842951f6d95b159,1,1,0.020000
0x91f9b234c3518635e0f1bfb3f6a1fdcd064a8a78,1,1,0.100000
0x91ff24d3e0121d9b915238cd741d6d69304fb1d7,1,1,172.840000
0x92067370626ead7c14da090bff1226fa10ee2bab,1,1,0.004000
0x920fcdbad84ac1e55a0a8f4221986d05a02e359f,1,1,0.010000
0x9217ff92be36045ebef993cd50081e96cb1c0fd2,1,1,0.000150
0x92185e6a44baacecef85c04a16f9db84c7fa0fd2,1,1,0.000040
0x92198e8562df7a8eb0f9a9e8ab0dd0a74ebefa87,1,1,0.004000
0x921c6d7f1f72759a039cd64db53f5895a96f8716,1,1,68.360000
0x92260f6d4f783acae3039d50fe0ac128818710cd,1,1,0.010000
0x922b64c15748ac4ba3865d1a6fccb6dcaaea105e,1,1,0.010000
0x923e22b5be817e81ed1cf4751aa876ff377d1370,1,1,3.810000
0x92437a5162a34ecdcc37a661e1ab9f2a1a1ec3bf,1,1,0.010000
0x92454acbfc744bf048c7c9d8ddf2d67036100980,1,1,20.270000
0x924e6d14be1d3da2cd3bc0e7dcc7c35436213c0b,1,1,0.100000
0x9252115c9aa47d05442c6ba4268346ef594c3492,1,1,0.000150
0x92583c8b3338619bf2ab98c8a4a265b640d3db07,1,1,67.100000
0x9258a3fb9671449eb6eacdc24806e64ae9a0304a,1,1,0.010000
0x927637faa6004f1b072804bb7cbf8d5fe81714bb,1,1,500.000000
0x927f18ba0aeb41075b0b500d590874c905dbc786,1,1,23.620000
0x92871f77fa775a6bb186b7c696c28dd87a946ff5,1,1,25.000000
0x928ccbb1097f4676f3b2b026536d071236e16f11,1,1,1.850000
0x92979d30e9a8be5fb671e5758da98a2c05480c5f,1,1,7.000000
0x92a38e71caa8dc510ab883edf6fb0bc5a656fe28,1,1,26.350000
0x92a516b0b07efb0b20e8c1c6db04391b241ec022,1,1,108.850000
0x92ac65f1ac051efa57a221ffc3168b210959036d,1,1,0.100000
0x92b9d2f8f41e79a993ecbce330151bd8c68ed9f9,1,1,1154.210000
0x92df8de68bf527f9a9659a99037f665bedd8d762,1,1,0.010000
0x92f0638d5855b23f837e0279e9a8c3610a32a270,1,1,20.410000
0x92f849f8e3d434d87490ac27da566b381a7011dd,1,1,0.003000
0x92f9e49ec408f5bc46fcb23d56052d924b013073,1,1,510.000000
0x92fe48c2b3cab2a15f086970b9f04765847addc9,1,1,0.100000
0x9336c6c88dbf5aa712afb6d31f2d7a0b3c070580,1,1,199.294235
0x9343abfadce24ef1f2621972f78d99e779cc43ae,1,1,0.005000
0x93473b417941c60c5591bf08546ef43b85dc7c09,1,1,1212.000000
0x934a0a5b51e348531d479a66ab1e88866c112592,1,1,5.820000
0x934cd38c9cd1c74fcc8a50e919908f1675a56517,1,1,0.100000
0x935919e6bc90718b2fc23f6af7cc4684ac748f3c,1,1,0.004000
0x9366c07756662efb5a5fa21256db36cc1be4ac62,1,1,0.010000
0x937d974f13d26f37fbef8344aa853dc055e395ad,1,1,0.010000
0x9388d15c1c45b0af0debba25ed6595e69d5d5785,1,1,0.010000
0x938dc94e0fe77565cdafa02719f9be9db4bc3589,1,1,0.010000
0x9392fe454330046657a96a1dc316088f22c92810,1,1,0.500000
0x93963c7d334e4b50db56a962cf6d90d628dfb51f,1,1,0.100000
0x9398d9011de01d3e2f954d6aefc998602d5326d5,1,1,76.000000
0x939c0cf915b5c43857495c794c15d780dac0e92d,1,1,0.100000
0x93a414387477fc400604081816aebe4c2e636fee,1,1,0.100000
0x93a8c915a11cc91c7507b2e306f1c19627aa531b,1,1,150.000081
0x93c119bd711d0ae615508e362386a0a2e57d0b7c,1,1,0.100000
0x93c1dcc7a4a091b90e8018ec259964006c5c63e5,1,1,13.620000
0x93ca0c37817808880af6acd02ae124ea95e15ad7,1,1,0.100000
0x93cc549be89f71860f541ee06eddec57594191f8,1,1,15.800000
0x93d6dfa06203d7ae5e22ae45bdc9d4808b00e7bd,1,1,115.440000
0x93e44be74672a3cb13008973bbc787a670be395f,1,1,0.010000
0x93e85f1f31a9009dbf1058f2056924fefdfb8e08,1,1,20.510000
0x94033b8a159f627a2148940eee4b60f42131f75f,1,1,9.750000
0x940ae58469d85cffbbd3500072f6d8a8d7ef715c,1,1,202.000000
0x940fa38d5c3059ef722464fd600e1a0fe0685fc2,1,1,0.100000
0x9412ae1dc69f08c84aee23e2ccebc27dc7c8e7bd,1,1,354.690000
0x9414a8f0da666ba83a10e81ec75ab8bd94c5191f,1,1,0.010000
0x94193859552bc8933e5fb290fe92e3c63eaa57aa,1,1,0.000023
0x941bb473287b307ba7d2e17cdb6c5009489057aa,1,1,0.000150
0x942e3a5acfc8bcccfc1d0eb881ab1809c762cccc,1,1,0.012600
0x9441b6e5baf9296f80e45c855cfea93e20960773,1,1,0.010000
0x944512aad9720d0bc0dcfb7903de96860bc81e16,1,1,25.510000
0x944c1c0baac3b0443855c9516201a01ac63a9ef9,1,1,100.000000
0x9455ca67bf0a85779ad22005c546547b6aa2a185,1,1,0.100000
0x9457f721ce66836a0ce470648b6fd7277a7c86aa,1,1,51.000000
0x946a605786fcf1f9c9b81fab30624d411d9d63a4,1,1,230.640000
0x946e1ed4b7561a362d726fa26261a7c20c1ae644,1,1,0.020000
0x947cf17b7945737e4d9185d12a8cf15469984f93,1,1,20.210000
0x948160408a97a6a5b710c66b4afae938f9ba1134,1,1,0.010000
0x948a206117c86b07578cf0c8af23c6fb754f75ff,1,1,0.002000
0x94995e3798a3b501eb8f19667bdf2a853303c190,1,1,236.610000
0x949cd974f16031d3bb0ab969b9a63c7dacd99587,1,1,46.678833
0x94a0cdd3a74e628ede5a338f0d4aef0481ff062b,1,1,20.400000
0x94a3ce04826bd9fe7e7c87ce1d0bfcaa8965c144,1,1,22.160000
0x94a68e22595eb2096bbfa4643e9d2c6b762948dc,1,1,20.000000
0x94c419908cc692771c56d3e208c701c262767ef4,1,1,0.100000
0x94d8d9246e8cbcb11bee09227096e7cc6d241101,1,1,0.100000
0x94f97344f6fddabe3e497c9c00bb7a6bac5df181,1,1,55.070000
0x950738cf05c886ffd65c2e2f76e13de0bde338dc,1,1,0.500000
0x95125b38ae2e54a99abe9ccec726c1e9725bc0b6,1,1,250.000000
0x951ce7b04f79ab75a8b3dd80971d2d01009f69ef,1,1,0.100000
0x951f050739f0b2050663444a8323e6a06d05f95a,1,1,28.790000
0x9520985e4c42cab630022782277873648ad5b24d,1,1,7.300000
0x952a635148374f916f777816fc5459048abf9ff8,1,1,0.005000
0x9546c4882e2190d83e5656dcb815aa34ca73a0d9,1,1,0.010000
0x95525cff5e562ee9f87ce69f7cbcff650dc18753,1,1,0.100000
0x9558a9a11e80e9d915e0447b4a48e819826b413f,1,1,0.100000
0x955b1147f3ca42a73ecaa004ff3a027676e14356,1,1,30.000000
0x955e918550e7aef6a01c5f5189890aab137a28e2,1,1,0.100000
0x956435cb2069de6458bc99f9151b446c08fa3a18,1,1,208.100020
0x956e6e9aba84cf2f2ba7adb56500adb4cb6d896f,1,1,0.005000
0x957359135a01142df60d570b1c89d3fdf5e6df4b,1,1,0.000150
0x95898ca0886c7432d6044e123c080bc2bfed778a,1,1,23.940000
0x958a3d9724d5105755d71340ef260dbdd0428e0d,1,1,0.010000
0x958e76bdc013f16fafc8e49b810063280d5a3ada,1,1,69.380000
0x9590573962184d87138eedde54140ad60aae79f7,1,1,5.280000
0x95955c25cd2e209858d5a9b17c3b4a8d80ae0332,1,1,0.100000
0x959668e5ccc50d2f707b3835b5ec163dcc2283a2,1,1,0.005000
0x959dd92b54cad26360791d4b7d588b39068add5e,1,1,0.100000
0x95acf948580d84b0cf106dec3333f3c8528de0a4,1,1,0.010000
0x95ad68700c18379a2dc4e6d95ea85c8a27a40dad,1,1,0.010000
0x95bd4db94d9bbe206989e213892c53a09cbacc9b,1,1,0.005000
0x95c0d6ef833387dadd4b8deadf41b7aab67af8f1,1,1,50.000000
0x95c3d9378a3165183ad683a8ad567d2a22359960,1,1,0.100000
0x95ce31b8526a5f94b64c60a3c37c45f0c786b762,1,1,0.010000
0x95e11ae881d6f9f55c0012f8a1ae44e56c2f1b66,1,1,0.100000
0x960d7a4889117cc8603b1a06e9e10914667947a0,1,1,0.100000
0x960f55164ccff5eb480a57b448903ec09991bdc3,1,1,35.840000
0x962dab5ea3ce21ed82e19a33d4aaa3a4085981d3,1,1,58.870000
0x963241f30f0324278ba4e3c91b808ecf5545934e,1,1,4.510000
0x9648bf8e70ea667b27aa19720086e0e613286719,1,1,0.100000
0x964f7bcbb115eaeed69fd63a82379f940534cdc4,1,1,71.170000
0x9652d406ee2773db809dccc309a42f6f92f1594b,1,1,71.790000
0x966fede92dcbea419788be24ba1b6c4e52a704dc,1,1,0.010000
0x96719aae2cad5911730cd14d209c6bdf025bcf57,1,1,20.410000
0x96aa08eebda845d07b8721b09e8dfc569caddc80,1,1,0.100000
0x96aab4d311eb120e60d2ba4282dd7663e9774951,1,1,0.010000
0x96bcfefe06a9d02a0cf00db61f7a6189ab90d116,1,1,1.620017
0x96bd452a23af1980ffe8915c0940c033be2337e3,1,1,0.100000
0x96bd8ea83ff0b12764f3e1e292f0c7f5a7c3109d,1,1,115.420000
0x96c82ced4027b64d143f1c166aeaf63051d0afaa,1,1,0.800000
0x96ec0d58fa8c9bf84c929fb3f14c3fa2d04d3ea9,1,1,0.100000
0x96f309bc23c7f03b22185ea7cacddf3790ff8e97,1,1,0.100000
0x9701d2db3f6852b3bfe95d94ca15af849d627523,1,1,100.000000
0x97219ca2bf930b3453066dabd0eb195e3e7e83b9,1,1,0.010000
0x9734cb2746494892ca9274c08d8a68f6204a0e82,1,1,0.100000
0x97376ef2eb6fab3535cebad19b417a6b0bbe29f6,1,1,16.800000
0x9739d5bd2d14a5eb22f1e6f95c31b69f186dca22,1,1,170.350000
0x9741197925dccdd9e35699150674c0e97899e1f3,1,1,0.001000
0x9741709cf5398acaafc777294073c428d2481270,1,1,0.010000
0x97445f1aec885fe8539ed6d1d8676d213999e1f3,1,1,0.000010
0x97461fff7016ae52ee1b18c777be62b0c599e1f3,1,1,0.000150
0x97479576b00e798c27bc67594439523509664dfd,1,1,0.100000
0x9751123e020d522ec56f67249d3d3d376d9be987,1,1,55.740000
0x975f7dc725fd79ac6c9dc36694fe9d948d0b6c8a,1,1,0.100000
0x976706117dbbcb64b6b360b4d6857285655a1ef9,1,1,16.580000
0x976ed74f90773a55ff7d7ea0f11257b9f271f1f1,1,1,50.500000
0x97867bfafee3e009d5b70b5a1c41354157a4030c,1,1,0.010000
0x9787b28c5a908206cb48616cdb3af219c872f609,1,1,0.005000
0x9792fbb9d9600ebb882c0ebecb31dd6a96288207,1,1,0.100000
0x9795e7880b4ce74a20000d20e2db5ddcf2ceeb17,1,1,10.270000
0x979628f1e0accdebd7941b2e962aef7eb6da1973,1,1,0.100000
0x9798fdfd22812ecd3fca8da318baff365675c1c7,1,1,137.810000
0x97a6b1e75f14be2757a46434628b2c6b5f56aff0,1,1,8.499600
0x97b1ded05691862b5c874d3719bb5f930c10e673,1,1,0.100000
0x97bbb8d6fd8b0dc659dfbb3c33b029e127b66c81,1,1,0.100000
0x97c0b01c7e4482f240f8bfd077951e979f017857,1,1,0.750000
0x97cb665e251ea3cbde9eb433380c13d5783f2894,1,1,0.100000
0x97ccefd4e6c3f758545a875b66dc40c1d8993adb,1,1,0.100000
0x97d48ac24b8844699954307a1df4dd49728af9e6,1,1,30.600000
0x97da883d53d201845c89304bd70313ecef37d64c,1,1,0.035422
0x97de6e73ca6cf9d8831b8c736074912a09389780,1,1,0.100000
0x97efdd57ea0d174eea551f29774e8c1e93212b90,1,1,0.100000
0x97fe79c79967e9f1fc6fd8cd3a54859cbf548e10,1,1,10.000000
0x980f1ccf1379cb2bdebf97e822c25e381de554a9,1,1,0.100000
0x981735cdd45ffbec1e1c785756d0c4021d62c642,1,1,316.130000
0x981c4348d661907a0f71c8311cfa688e3ea3ca42,1,1,0.810000
0x9825808474b41483b8078ffc475158f9dc0f7f24,1,1,6.380000
0x9826c048276bf39fecc55af41283ff8a2fb44cd2,1,1,20.400000
0x98278da6c147903e67ecf4eaecb86664ca31911f,1,1,0.100000
0x982c36904820e1ac6c2c36baf86649806d19cac9,1,1,29.870000
0x9830667d751b66dca549fa6dd90e478ef2bb4ddc,1,1,25.250000
0x9838781112c4b3172584872740c5f6963ef87a25,1,1,0.100000
0x983a3394ee90754725e6eddd932563918c974965,1,1,5.670000
0x983a71d0ca71b3c4c4663ea3405ae09c351228af,1,1,0.010000
0x98484d681bffba6578d7e97ac665c1983e10b89c,1,1,10.480000
0x984f9fee7967e5a6e07f11293115fbd6bcd2107c,1,1,710.000000
0x9855eff8e58c8ac3ae967b6721493ec484963993,1,1,0.100000
0x986083e6d401dbbf2758ce88a70228e8db0dfcb5,1,1,0.100000
0x9869b8e7af28ce3c46d4499943f3ae24b4f65354,1,1,126.920000
0x987a8e46e1882a008002ef8555b2e1adf0bdf062,1,1,0.100000
0x988ae82174cd86d8d14b76c678549ee0c447bdd5,1,1,275.240000
0x988ed2c49db9b1f03143f7e5fdfcf1a46ab612bb,1,1,173.470000
0x9891586e5aba61de080ac2839bd8df340821127e,1,1,0.010000
0x989380fc41c21fe8ed59248d9d9dbeabf5760893,1,1,0.870000
0x98aa5f13293614dd493b51b2d3581027af2d4bdd,1,1,5.470000
0x98aa9db09faa2c1ae4d2a363ba9905accea32653,1,1,0.100000
0x98bd5ff00130cd3a3187d0449ec8f6a21d91d0d9,1,1,131.200059
0x98ccf54a40a4aba8499138a9dd178420b1cb33eb,1,1,0.010000
0x98d58ed1375499d7e3ec0bf038bc3828ab63f207,1,1,0.010000
0x98d6eaf17f42bf957afa131b0ded4bf054cef9f3,1,1,0.000050
0x98de54cfd2593a49a2c74b6e16dfaf671ec163ca,1,1,96.820000
0x98fe2c5164ddce158810da0d92f107dfdc37e09f,1,1,0.200000
0x990cc4f469dfe854c16c601c7b8ee6534b267f17,1,1,0.005000
0x9912981a7384b107039681ecbd0d322fd0580fe0,1,1,58.950000
0x9916c3d490af66d1cac5ba3602adfaabd006977a,1,1,0.000020
0x99191ed36f1e1ef6a1ac3665a475b577a114976a,1,1,0.100000
0x9929b0aa802a5c8491406a668fb66a00763f86bd,1,1,27.200000
0x993d47981f3afe832e1de0fdc3f1e6993e61f46e,1,1,0.100000
0x993ffed39db54ddde5522c22eb9241a9c459f93f,1,1,4.211942
0x99434bde1f24122ad001dffad2cc977585e53208,1,1,0.100000
0x9944ec6be8601287b91793a6e61e48c5abb1928f,1,1,54.200000
0x994ff224bc93dcc38cf791c51cbadea9f006e14d,1,1,747.300000
0x995eff8c6ed6750a8657d99ce224b24c18c5ed84,1,1,0.100000
0x99744e08d227b519092ec2542ea21962fb40c592,1,1,0.100000
0x997b784c3e3870f4096463d138fb21f6d61c3425,1,1,0.010000
0x9994432ac001ab41107a50119e4de5edd7734654,1,1,4.270000
0x99ba527b90c30f6e190b34413c7100f4828b4ff9,1,1,0.100000
0x99c0042f261dcfb43f9fc8f2ff9a62995867cd9f,1,1,546.690000
0x99c2cfb21899ce140e4b54f5dd819114e295f79a,1,1,31.500000
0x99d1af73788b0f7ccc9caa0b8ba733f45ec9cd16,1,1,0.100000
0x99d7140dbcd4e973534818310740352f1ccbd2b1,1,1,37.636823
0x99de05fb6393205729e50a350ac3a6ba0a870540,1,1,27.950000
0x99ebcbc76a3fb0e4763a03857b6bb280d4301f8d,1,1,22.170000
0x99f1116920231f258f501c597be6bb2d231011d2,1,1,0.100000
0x99f719e9f0eef146b1c5470a7bd70b5c1064aec7,1,1,0.100000
0x99fce493ded78e271243f17c385800d6686d238d,1,1,0.100000
0x9a131e19bab3bef4c6a824fd52d79593606cc64b,1,1,0.100000
0x9a26db6a844dbb506f104c9d111160c78aba0688,1,1,0.010000
0x9a33eedf97cfe4b27744ca2077b0067575da855a,1,1,0.010000
0x9a380e8746c7e3da286563fcfc4ae7887693e218,1,1,20.200000
0x9a3c4ac3beab3082837ae40b8e156927e18dcfd7,1,1,115.018337
0x9a45415d060853da128bcd11ee894acf663e0969,1,1,0.100000
0x9a4dfa323d0c31813bb6cca72ea416201ca2d0b2,1,1,0.100000
0x9a4e1fbb5180f2e8c728f15f71051ef7d1122085,1,1,3.810000
0x9a5f345faf996d3ccd79019a1770ce370a4cbe96,1,1,0.200000
0x9a6d8b123d72062b8d13c61c0892fbf2016c9715,1,1,0.000150
0x9a79e0c03a8788c07c353f60235da1a1770f982b,1,1,5.520000
0x9a809d763d21c49e5d02c2a76cfe041c480f1e58,1,1,232.790000
0x9a87d1e1a9c0ccc21ed14b64661c562a07b52950,1,1,0.100000
0x9aa0fd8ca2427c03d9e8d8e7892e85a066907262,1,1,0.005000
0x9abe0ae3bbbb64d77e6b5c080686f557d6947f40,1,1,1513.690000
0x9ac2d6ce47bf952d24e8fe16471b4cead8fbf639,1,1,100.000000
0x9ac7d01de14deca93f97f3b48bc4085b4ee53e5a,1,1,0.100000
0x9adc2d08441a9f8dbc772ea4ab1c738fb12e5b03,1,1,510.000000
0x9ae39c0eb6d9ee86ee5bca9f2953ddb4339c44d9,1,1,0.010000
0x9aefc139b0e4f2bb420ffb603abe6b85bd60d81e,1,1,54.200000
0x9af4226cd5580074f3e634171c5817b401fdc1be,1,1,0.010000
0x9af8a923b5a63b05f1be6664b8f700d1ad5a192b,1,1,0.002000
0x9b059d43a2386d51a4c621c7e40cbbfac3b75f10,1,1,80.560000
0x9b06fb1b08e21c2b88cd935d2d1543c007027608,1,1,11.570000
0x9b0ac27bc74b67d149da26cdffcb9060fce8c2c4,1,1,0.100000
0x9b0cf0756b59ac1b05a239916d07ff9054f734e9,1,1,233.725296
0x9b1e7a1a8e3f41f91baf2ce1ec5692f04e96acb5,1,1,0.010000
0x9b2219e00270e241fdcf1ad5ed008f4c157d7a9d,1,1,510.000000
0x9b28d194d053a7239818f2b111f80f3e3d02e9f5,1,1,0.100000
0x9b39b04a5cd6d355e6951d25347a015f5318da4e,1,1,0.100000
0x9b39df39d8370371793c2976b245b678a7f8e7f4,1,1,197.000000
0x9b3a569d42f5ecf5d98528576a2b67fcc541fbfb,1,1,29.584764
0x9b47fef358c78a9ecba03824dae0ca96a873eedf,1,1,201.058000
0x9b5200d60cd6c122f951f3e48fd5b83d42a8a293,1,1,0.010000
0x9b600f0f876651930cf7b42c63587d718297242e,1,1,0.100000
0x9b64da491d03b8dc424fe0219377c6c227d177ab,1,1,0.010000
0x9b6950a075799def207270fae99e4a0bf77009aa,1,1,153.750000
0x9b6a25e8ad69d89650591dec22cbce8344ab9a1c,1,1,0.010000
0x9b7148c67345f0fafe7f7eeeed2fd50c15c0f7c1,1,1,115.380000
0x9b73f3f80367338d18e956e7fe9c989fd95d7e9d,1,1,0.093339
0x9b771948044e095cab25bd8274330d9c8284c13e,1,1,10.880000
0x9b7f187fd4561355f0442188b506e002a7dbece5,1,1,0.100000
0x9b8272305166ef72c4e8353ae477022c92ed1357,1,1,0.100000
0x9b869ca7966a9e702c4b7cd565c06741bb333397,1,1,0.100000
0x9ba162ee0dbf2f862208e122c7905e57c5f6f471,1,1,0.010000
0x9ba7a11f5822ee26ab0313098c010020c732bcb1,1,1,20.410000
0x9ba7cdd1ea6aede20a620955b4a9bc7f7d75f46b,1,1,0.010000
0x9baa8a4a2ad3096c6ebfb2c994a93afb7a299274,1,1,0.010000
0x9bacfbdd8e5de6a0110db2dc22137da54bd2b0c3,1,1,0.000023
0x9bad027fa30d6acb4711ce44fc05d776b01db0c3,1,1,0.000150
0x9bd02f3d31d16c6bba270f276c9e5f061228ac0a,1,1,35.490000
0x9bd77d717baf679c1fc13d365293ac145b5dac49,1,1,0.100000
0x9bd8800df42ff44fa3e9a096577f53b9b4ab3a87,1,1,11.000000
0x9be072710c56d6677a1c8a1adb8b6755a53c73ea,1,1,159.400000
0x9be92841abe7d4d7e82c3192fe64cdbe5aeea377,1,1,5.000000
0x9beb4a11a0666fd0a89086a319c2cd8136dc125a,1,1,113.760000
0x9bf50833fb70ae3c03ef22740a2db00d1c253d42,1,1,9.930000
0x9c0eb2bb07eb0a09937d35165f180bfc6c0a0916,1,1,20.500000
0x9c163cdcef745fd8fa81e4bcd97175791cb44b9f,1,1,0.100000
0x9c20098bb9606c7a4a8f3a1f1b231ce49a5d9abf,1,1,2.020000
0x9c39ee1eae85035d01546e20a6c19728cc9fd6f8,1,1,100.000000
0x9c3a007a392462944b7e3e5a3e463a83640d24c3,1,1,0.100000
0x9c41610f60fda072526801abac11302ad79f88af,1,1,7.220000
0x9c41a05f757d00355e6c81440717fd8d20b8be79,1,1,0.100000
0x9c5a8eb3b14d0387e0508a34fff92b77c4eb7884,1,1,13.900000
0x9c6091af6cfbf8bb52008122641369806cf48bad,1,1,0.005000
0x9c624edb5c2094863179ce904447ee0867c04e58,1,1,71.670000
0x9c77fe60ac38a0801ae051cb815de1081e725d46,1,1,0.100000
0x9c8591d3d8292b813ab41fa950bb1121bc7b64d8,1,1,23.830000
0x9c9890b9ca8bafa6949c4c94ecdd1a81070af652,1,1,0.000010
0x9c9e70b3e86a4fb7fd8a211fff13b7836c86fc11,1,1,0.010000
0x9c9eba5fca5e9486a53e47013c6cdb01f6dbc8dd,1,1,17.490000
0x9ca8e7c9681fc9f9a0304cc77f3ff5d3e8f0bd25,1,1,200.000000
0x9caa052e21b55e5174b9868ca2e3fe20548bd08d,1,1,0.010000
0x9cacffc7cc40542aab9e71deaed954982bccefaf,1,1,29.150000
0x9cafef84c8bfc166879e5eb13fe79c538e62e401,1,1,36.030000
0x9cc075981268acb420f95c8983f3833978574d7b,1,1,347.000000
0x9cc42f3d9245b867acccd630b43f906c1665b176,1,1,0.005000
0x9cd9e5c8ec71abcdfb8eb882d345412f7cbf3bf7,1,1,0.002000
0x9ce1e9562da97b10508ca0cf2205601665854971,1,1,0.010000
0x9ce522a857f9aaeb0ba6843ed16c8f200102e56d,1,1,0.100000
0x9ce788ebb097528b4e4b5c3d28dc217a637a45a0,1,1,0.100000
0x9ceee881513dd360e60c7f56053a12f89bddb6af,1,1,0.100000
0x9cf20292470c9adff9d905fab874c9ae19192c34,1,1,0.100000
0x9cf8d29d7b611995ee46000329dbee5884f4f65f,1,1,0.100000
0x9d0618cfa38fa0199c4d74959db8d609155cfaa7,1,1,510.560000
0x9d0cfe898c62b0693f5c4c89fb26025a7c2cdfc5,1,1,0.002000
0x9d2249466b192f33c81d0acf2c98550431440a3c,1,1,0.100000
0x9d234f2fb92beb1994efa04b14d2288d10cc2a23,1,1,5.790000
0x9d2f14aa73f1110a3010391ddcc6c8c8cea6a34f,1,1,36.060000
0x9d3572fee00a18ebf18030f2f18f75eacb7d26dd,1,1,0.010000
0x9d3dafed4e5dd0e672717e96b09ce1e77955d837,1,1,0.000001
0x9d3de99c4110bacddeb48b802ed5b6dafdc3d837,1,1,0.000001
0x9d5e33b6c1f4326f73101f8f2174b0ec19d3935d,1,1,137.660000
0x9d73b2ea74d88c53ba518c5f4a606a7aee31a0f2,1,1,116.630000
0x9d78dec7cbf6fa183ab2b6372e21ada3fd184c75,1,1,0.100000
0x9d7cb58a6b9e7fe67d5476a1fb3fc336022df2d5,1,1,158.760000
0x9d945ab6d254bd3c290dc3eb6d9b9d2947b1a7c9,1,1,0.000150
0x9da702d606c6107b1ee15f91c8eb93b09936ad40,1,1,117.600000
0x9dbec0e0d6a7e0a5074d8899505e0f3a5d11aa01,1,1,79.730109
0x9dc7aa56238c353a5a2245dad19aab290af403b3,1,1,0.010000
0x9dd5fe243d69f2aa6af4965d08c08b5ee1144b6a,1,1,1.000000
0x9deccf62b97029f8e2632d33d5031b91827ebdf0,1,1,64.000000
0x9df3db9b58fb3bf5dcbefb0006ae0ca0db2fe917,1,1,0.100000
0x9e00d7e6cbe90c268fc828e2970698b706759173,1,1,30.000000
0x9e028e71ef9d4427c24b5cf5b260958d28901037,1,1,115.200000
0x9e11fd30bea0618e4a8674771283e2b9acd5569e,1,1,0.050000
0x9e121160f769e44e97ffc43758a00cf6ccd3f78d,1,1,58.110000
0x9e12fba1f8ecc8d6ad6f0cab02230c151c5924ae,1,1,0.370000
0x9e24467dcffcb565edb02ff1b6c0d3dca5a7281c,1,1,0.010000
0x9e2bfbfdd3fad9d0f8768cc4b69125856321f16b,1,1,17.000000
0x9e2cf6332993f4d5ad573bf0b3d1d5bd91b8af38,1,1,117.910000
0x9e2d8f23c68c603089224e148c3b45fcf629f666,1,1,0.100000
0x9e3c6a9cd4d07c72738f541dfe5e5f916e5eb78c,1,1,19.990000
0x9e3d6deafc942d07911523ef85133f7d8e030200,1,1,0.005000
0x9e42aacfa41c8f07506177cfd7365d6c0bbb4cf0,1,1,5.000000
0x9e431d2815f0c395035f60debbb3021b9770f50c,1,1,0.003000
0x9e4ec5508ac0240dce4077955fd2b56566f449e4,1,1,0.050000
0x9e594709d4600e27177082438a8c156c4689dee8,1,1,82.950000
0x9e6018940c91a02e4a6b7dd0a4109721a04a1cb7,1,1,0.100000
0x9e64ebeb515c759960785b60abba2148fdb21499,1,1,20.400000
0x9e69b39263456503cdc9c05c21cec53d8b08b883,1,1,30.000000
0x9e797afbf8e374841e90c7cbe15615a211bea947,1,1,0.225000
0x9e822b1d9cb3195e80d4fadb1f50e2d0779b2571,1,1,115.990000
0x9e8f9900a57dbd2ba09f41c8177686daa22587c4,1,1,12.785279
0x9e90aac9bc63f9070fb7c6068689aec4ffad5015,1,1,11.740000
0x9ea25cdc6a805ef89a81f012c15fee5dc0dafe74,1,1,115.740000
0x9ea729e85537508cf1aff5f96db2a93e4c99fbdb,1,1,0.000150
0x9ebd726a04b76eef52546ad4d866492820ae4edd,1,1,6.583864
0x9ed281de1d975fd1b1aea6bc557fff7505559b50,1,1,0.005000
0x9eda88d06d423a5d703d11f1e3d70d85f5afec22,1,1,0.100000
0x9ee9fa6ac999ef99e74c62da20faf993124aded6,1,1,0.100000
0x9ef2882a4b907b931ceaec9fca6049d2e516c2bc,1,1,0.100000
0x9ef2ea381fe92ec1d736a056f848f33b64698510,1,1,0.100000
0x9f0732ee1acfcd386913ea4fb0cf916dede401a5,1,1,0.010000
0x9f269a708e5d23e6070d6ae8c8a25cb6a8db2453,1,1,115.210000
0x9f37fd15fcdace157819c9441aa9b4d6ed509450,1,1,0.360000
0x9f46b4eb91a614f1ffc3742995693abe27312017,1,1,0.005000
0x9f4c41c6262a16a86599c8f59c5fe27e20c73178,1,1,0.010000
0x9f549530bf7471ffc079b773263f6e33bb0f5dbe,1,1,0.010000
0x9f54f6f3d5562c174d8fdeb484299ebcd30b53f8,1,1,510.052232
0x9f5b10106fd3c245940254277e6939971146341b,1,1,0.000010
0x9f5e80a4c6ec7ce4702bf0d7a4ac2dcf2039341b,1,1,0.000150
0x9f5f2763bfa1ec92463553c0cd63247c4c6ed1aa,1,1,0.001000
0x9f61a7841f7022264dd3b6e31b24cc913c77b607,1,1,22.000000
0x9f6c70c4015784edc0c154a1b713fefea082a0d4,1,1,0.100000
0x9f6e100da2a3cd7622e4e5e769efd4e419d1272b,1,1,0.010000
0x9f74fad696729801f7bec0903e46404f3ce0228c,1,1,28.700000
0x9f81185855b8b0437ffa1bb16f2340bd1b5e6300,1,1,1.850000
0x9fa24c33cf659584373d9ce194aea918754fe485,1,1,0.100000
0x9fa3c212eea70e2df3687f3d54ba5348f45b48e4,1,1,150.000000
0x9fb6d16e6a8451d3c40159d5baff11b11da56f2b,1,1,0.005000
0x9fbb37e70216490cc3d1a2f1b7988d264dbe1345,1,1,521.970000
0x9fbee29f5ff4e4b286777267f4e96ad444e07984,1,1,20.000000
0x9fc7e7756cee8c3fd0b49590415a33fb722d91b5,1,1,58.020000
0x9fef284fb25ac6f7fbb5054c1a28c2c2fdcd8e95,1,1,100.000000
0x9ff2ecb231ae1cd038900c5ceb5b618fb03f845c,1,1,30.000000
0xa001a1661f0bdbe9820dbdad7dc672452441cb2c,1,1,0.010000
0xa006b420491ad415c6cf9b5e9ad006fde72f9fe9,1,1,0.570000
0xa0173e0c9b88ae41dcb9d469e5d25a5fadf61b2e,1,1,349.580000
0xa01add0d484cd0a86cedb187d5e5a2ad9d0a64cd,1,1,11.270000
0xa0248b8dece2de10386195f8f023dea85ce54d8a,1,1,3.770000
0xa03dece408b6d3563f2561f0a22772915b8f2c1e,1,1,7.509759
0xa0491f5b4578142ca789e9c798ec755dabf9252d,1,1,17.490000
0xa04a607616e213a4055f94b93976cd4e84efeac3,1,1,270.000000
0xa04c7ab83efac30e988e1cbdbf14081ba6ceced8,1,1,161.750000
0xa058c8e9365f8d4bd9df2be36d930f19e91ba70d,1,1,118.200000
0xa05c865908ff9ed00ee36381d457351c3be36b9a,1,1,0.010000
0xa05d1e1c5830ca56e03e95ca465433dd16f82520,1,1,0.100000
0xa06e29b39c0b06f3e043c5c8ff94970475cb10d3,1,1,0.100000
0xa07b4a2e1695ce9f54c29739820fa477e1dc9b5f,1,1,0.005000
0xa086ce2f7ac0028496778ae8632bfed8536e6eac,1,1,5.980000
0xa09293f07864e8b877da62da293ab1190dea6ebe,1,1,55.280000
0xa0966c029f7ec00065e44789860d094d4991d028,1,1,0.100000
0xa0a158c01ff1994f5b604e6ffcc6889b3a75a582,1,1,25.250000
0xa0a62d176cb48f6fe4411124486b024b058b4c22,1,1,21.420000
0xa0a983b76524cac6501d32bdc46b3fb1b2b9ad49,1,1,56.880000
0xa0b91fc4b7a12fc9acbf2a73ac6115135dcdec28,1,1,1.990000
0xa0dbfd833d03392b8c1f47579bd3730f660a2907,1,1,0.010000
0xa0e492769e84db7aa96617bd151008b7d3de4546,1,1,20.020000
0xa0f598d647c1e3fab2e399b1cb338b9c8175905b,1,1,360.070000
0xa0fff0c78a8b1fb57063bf28bcfbe87b0b8037a8,1,1,55.580000
0xa10d66ec0f8ad85936948aefe05e4d67fa3189de,1,1,57.960000
0xa11691ad7648bd697c80ff2f167e7997c95884a1,1,1,38.650000
0xa11e2fd19830a37bb5bf3e2a328cb220f32083fd,1,1,0.010000
0xa124336c1df0d7d71feb88add7e4b9c00dc6d1d9,1,1,0.100000
0xa12c485ede10fdf3664669cfb73bc4efef040870,1,1,1.120000
0xa12f98e06855d81ea126c2eb55af0ae5c9c696cb,1,1,410.100000
0xa1377ceed3be662cc5cb3396f47f6a3c15d43408,1,1,0.010000
0xa13df91e641e0223dee4a4d06b6a3e2bfaf77420,1,1,287.850000
0xa14a5db9dfd56ee86c20322d8637eaa8bf092469,1,1,11.110000
0xa14a76fd68986a3f4cefad8c3174f2b7a41a5ad0,1,1,0.180000
0xa158014f69d6a31232772e39813d7b8858ce1855,1,1,29.400000
0xa1654b0f141d1519fca9a07c7406ff4834d3f3c8,1,1,5.760000
0xa17177b65f4ddcb1c8fab4be30e1a7fd9d95250a,1,1,719.270000
0xa1786fe09362d037a09be97df53141fedeaada18,1,1,0.100000
0xa17a8314c5b5cc286fd3b3daab836c24a88728a0,1,1,141.120000
0xa192046ce9a29e6d5b51a676166d547618428c66,1,1,345.519815
0xa194ae924a952b728f455126e176ba7f24cb5a76,1,1,0.010000
0xa1a26b51b79c071cf9e9a3fe9d03f760067d6088,1,1,63.810000
0xa1a2f54a9beb6186f5c58ed128b199afebcba1ef,1,1,110.385000
0xa1a6be0ffff26ae4f59c98a7d1dec5d0fe431a12,1,1,0.020000
0xa1aa549dd54152aec6b910435da43f818140aeb2,1,1,0.010000
0xa1afeedaea1a6353f318b50ad924f0c020ea2ef6,1,1,0.100000
0xa1c57fd1f37b2c69e86a20c62b708ed50e3d085d,1,1,107.220000
0xa1c7b28aee5b63baab97ce19c1a1b0ef9bb0eee7,1,1,0.003000
0xa210ab5739b7af1b25f1892d18f024778a72b0e3,1,1,0.010000
0xa21544793d7b2bfbda9651e38f5df38146dd9797,1,1,0.005000
0xa22fd44419e9182acd926ef87041348b6f7cdf7b,1,1,0.100000
0xa230cb3772a003fda77bca24db634e6bc0e5ddab,1,1,0.054501
0xa250e35f428e9efb9a990ea73ebbc7a464716a50,1,1,0.100000
0xa255d8f418249864d56dc0b2db36ffdbbe92d200,1,1,231.880000
0xa25a3b8c8712262a30da3344f267cd6ec52f32e3,1,1,0.005000
0xa278000dd0008137f6562723987f3fc69a0d0fe3,1,1,0.100000
0xa27c894fbab341839970fc6cff8862a1eb5ee626,1,1,15.542285
0xa28a99bb9bddb533fa0faceed12f437a227fb3ba,1,1,0.010000
0xa2ab7ee8be9716c22a8b1f4e7a870285d53d61bf,1,1,0.410000
0xa2af94b26825f7e3d3c6e717d8717b42e1269b0b,1,1,40.040000
0xa2b06732ba5b67a3abb33a2ec91c0bfcc35d6b22,1,1,0.010000
0xa2be7d3e89f769ca9f956636513f67f47eb7054e,1,1,0.100000
0xa2c2b39c55b3b5fc2a0bd31fe4000e5ce418ccf7,1,1,0.100000
0xa2c9f66bed2d5fe10e2ac40b26e6b3093404c3cb,1,1,20.400000
0xa2d2dc5fb55b18ad8b3f476a51c6041e85eb94a7,1,1,0.003000
0xa2dbf7f4b32ced6fb6dcf54bdb8e57270cd42ac0,1,1,0.100000
0xa2f5b67d360455be688ffd7dd60bd851ee95c959,1,1,0.100000
0xa2f5b95ee0a80e6dcf89902df2af8ed30ed9acea,1,1,0.100000
0xa2f90905c36f00e10f6dfa2349e35d32f139ae78,1,1,0.100000
0xa3025d562022fffb51dffb01d32833dedf7a9895,1,1,0.100000
0xa309c92bee418bd65a3106f273465fd1f65ad99f,1,1,0.100000
0xa3187ee8b4a2ea7bc42a1a2c88ace3891d3081ae,1,1,0.100000
0xa318f3ed908547f25635823e183d6d4481b23fd5,1,1,35.800000
0xa31ac89f91d39ba7dd36ec6c08c4a5cddf5ac13a,1,1,1.850000
0xa322fd3a4de62d9e19923a6c9017c4163f8d35bc,1,1,0.100000
0xa32f5d8f3910b908df0784724b4480e634e742ba,1,1,18.870000
0xa33382d87aa6eba0db4bd585474405d1f461a2f3,1,1,0.010000
0xa3376cc7e91c9c4e3f85a65db93fbf2ae144d699,1,1,145.000000
0xa34d90a8869c53372f02757f752e9011a3e8fde6,1,1,0.001000
0xa352bce5d4fb975d1aff869a872a724b97db4d68,1,1,1169.990000
0xa35755cf62e28e40c86713527e8457fba510a17c,1,1,0.100000
0xa3578d9134547dc0e5b8dc06aa98e71133c4ad4e,1,1,11.080000
0xa3601aa8b2786403b193e3b8edf5e2c5734bae4c,1,1,0.100000
0xa3685665291b3a52c52accd58600a0c25014265c,1,1,0.001000
0xa36dba80d52b33f817da8489edc4dc29f76af42d,1,1,0.100000
0xa3722689b5cdeae95c932e88d55cc15b9d6be4d6,1,1,0.100000
0xa37f8d42b55f09682e7c62c5eb2b89edd3f0e490,1,1,510.000000
0xa39e28ffed8a307c03756f76cb9f70d19b46d4b4,1,1,2.023093
0xa3b07c81a50914fa2fbae6b4a258f433a834f258,1,1,0.001000
0xa3bdfd167f3d3eed985cbeaab5dd32ca1921487c,1,1,50.010000
0xa3c5f2251beeba1bd75f2c93e182a4b0f6a3dcbd,1,1,58.380000
0xa3cbd68522165b5a809e1eb0b96ecfd1950d4423,1,1,2.550000
0xa3f06233e58bce189e108182d4f3d6d4c24cf1b5,1,1,0.100000
0xa3f6636a9c58fde70ce288095fd673d62eb7203e,1,1,0.010000
0xa3fa6b896063f7a232a8d93dbc726029439e866d,1,1,0.000010
0xa3fcf2b0708a058ef17964a04c2989b37c63666d,1,1,0.000150
0xa405eb1e427c4253f5ed8a26ae8b5b88d0a362e2,1,1,0.010000
0xa41765baaab776bc336b8bd16882bccfbcd69eda,1,1,0.100000
0xa418c81f11487610f8ecb83466b9947a96de8f86,1,1,26.910000
0xa41cef37d0558e35156a13a0ddc229730e37410e,1,1,0.100000
0xa42c53bc7b719f2be77aa8c722e3fff5ce835cde,1,1,33.240000
0xa4393eec9adc585d02ee572bd1c151cd3cd3028e,1,1,14.640000
0xa47826cafc26e76f0e50f1fe9311d90ed1f66c6f,1,1,0.050000
0xa47fbe135f26b88f521cce7896eef6f9b58e56ce,1,1,32.790000
0xa4838025964ba16a5cc29891d878bce3c26ff15c,1,1,66.260000
0xa487f7f58f5ce8e58446bb3e9636769cd6b75594,1,1,358.410000
0xa493e45a3450f6decd4f2b0e00ba610bdac3c1e0,1,1,0.001000
0xa4ae352b2d41c14a77546b62cea4269d1c7abef5,1,1,0.100000
0xa4b932466f1d6034c636967eea9fd54cebe804f9,1,1,0.010000
0xa4c7de299c0a305eac0c1ffb7d0a51bb0c3a34e9,1,1,31.780000
0xa4ca4e81c48d0c25dce8b094ca3ebd7abfbe54b9,1,1,0.100000
0xa4cdd37c5abb703440ec5262ce7a3d48c492f259,1,1,16.570000
0xa4d1d84d85dbda8f54312ad073e239241f55d2fa,1,1,39.000000
0xa4d2658a4e030bc77e25a2e3590675afbf87d779,1,1,0.100000
0xa4d51ffc55fb8ff12eba1478cecce5484d023bef,1,1,0.100000
0xa4d854523a4cf5f96159d120bd4aa8c2b5fcde8f,1,1,0.100000
0xa4dca224e7e457b88a981b0801cdf91e81894821,1,1,138.140000
0xa4ed81e3f0aecaf9db1812a578e317480aa0967c,1,1,1020.000000
0xa4f49d91122ab2b12b3c32acd3d3df16776fcfdd,1,1,17.000000
0xa4f9ad442c98fde39dcbc0207917389ab9da4d03,1,1,0.003000
0xa50b8e75e3a30c6a9886ab006efca0b153c24333,1,1,0.150000
0xa5103e8065e3210923f6f3a4017a50edac554970,1,1,0.100000
0xa51a98123af2c31b39bc403b0247e92891fd4384,1,1,0.010000
0xa51b6f5960d200274a247e344657f34b7412a872,1,1,132.280059
0xa52726f3567791d690a9321dcf1b57169fb5c894,1,1,57.720000
0xa52fa175a7afb709120954cc522a290acc25a816,1,1,0.010000
0xa53cfc22bcc78a28b4febf6e3a4366615083b00b,1,1,0.100000
0xa5440fc9ed54f4bb077c596ba12d577cdadc103f,1,1,11.080000
0xa545823457a97224ac1c63f20906e98368b48205,1,1,115.820000
0xa54753204cab3df4956d3e9bef1c484736bd5704,1,1,66.590000
0xa5743d4a0d5d9921862d3be27e320b1d4c9d4b83,1,1,92.420000
0xa582ea8c4797b6da312840f10234f426984bddf3,1,1,5.430000
0xa5870f14ea04e9c2fd2fdca2ed50679204cfe247,1,1,0.010000
0xa58bc66f76884a1881a7ea6eb142171f37273e81,1,1,0.020000
0xa58cab5d21e0cae2069b22b5608a8aa1e5cf2342,1,1,146.480000
0xa59a7b2e4c3c1a9d88f044460d3c2a9c846b6c5f,1,1,26.000000
0xa5a46dfedcf0588536198952770b001b2f36468f,1,1,526.110000
0xa5aaea303596e725a0ba0895142ec48233dd252b,1,1,10.100000
0xa5b6bd5af76c5ca018fd2b986fcdf8f7b7be0efa,1,1,1.000000
0xa5f92b4adb3ea1d4a292f81bfbbebc4b651fcd3b,1,1,749.710000
0xa5fcfef083d675b48e8fdc541420c77f93287191,1,1,0.000150
0xa6088566096cddfd682c1a0744bc6fe1346aaa7b,1,1,0.220000
0xa6091e59d48a2a17e83f95daf88271c84454133c,1,1,0.010000
0xa60f6b387d2dc3d617736ad01aeb58b7dd560f97,1,1,0.100000
0xa6428775a4b51d2727e958768dc759291176eb36,1,1,0.100000
0xa6446ac8ee2083431f06329e66383d16a3b61e4a,1,1,0.010000
0xa65bab77134a859ac7d4e631f6a389f140b5b658,1,1,0.010000
0xa66e57db5f17d1ac5fc25a82a97551e40a5b7bf1,1,1,214.220000
0xa673b25e9d45a4a9f41d5ff3a96f583aeadd4502,1,1,0.100000
0xa674105864fbea4cc55223790e64a83e8abe558d,1,1,9.990000
0xa67ec7d68f70665ba7a53aee83e5c4c37070441a,1,1,22.000000
0xa680de3e668ef694c3e9e3529be3aff40a593aef,1,1,58.870000
0xa682351339f2a282c4acc1a55fe7b072cabf481f,1,1,0.010000
0xa6aa84275aead0036b8dc777e28d19c1d8f9b543,1,1,23.110000
0xa6af770a8a55f60b0cec3ec5e26b571bb5648884,1,1,510.000000
0xa6bfc9ebf571c1911ca694b4ae09441d39223271,1,1,0.010000
0xa6c3301daa9d6cdafdd90eceafed93de983ea32e,1,1,5.740000
0xa6d55c2d7a54583f0a287daa9b511589ee59f4e7,1,1,0.100000
0xa6e242f1b3ac1d560ffc334e951522b22ec4d168,1,1,0.000150
0xa6f90686bc421339af5363c152f403770fda14fe,1,1,47.060000
0xa7040fc358e82f1228fe445c9f05d2d3ca7d4db9,1,1,1000.000000
0xa70877a07f50cf2e50b746ce51b0a5b737f6b68c,1,1,26.640000
0xa721b452ff4a748537652e937078040a3ecfe6e9,1,1,0.100000
0xa721e3db6e40e2a0ebeb914a46438c9e744cdc1a,1,1,230.060000
0xa73b634eb09b64053e4065ffb0c07435a5a737b7,1,1,500.000000
0xa74098e15b9043db4efe5a4b5ee92adefbe86b4e,1,1,115.450000
0xa745b4cb8644a139acce91eee45591a4639f6580,1,1,29.460000
0xa74f6d0ea56f77a8490a739b09b21208a82cd612,1,1,0.001000
0xa7540b60cc077a920e8a29b21eba63d26520abba,1,1,0.100000
0xa754e51d1974bbfa93b4e0c1b9650f75e12da088,1,1,0.010000
0xa75f33ce80b2757435972f9fb28e065831bb1b42,1,1,0.010000
0xa761513a658ad96eb693f8d88d679aa57a54c4ed,1,1,20.400000
0xa776596bd977903bf5fa640a802ec27494852279,1,1,20.500000
0xa77d36d0f3e560afb1a94f1d6ab720a95bccb5ea,1,1,0.000150
0xa78833247c10e770d1f871c7fae189921fc64f4d,1,1,0.010000
0xa78c4d74457100d51454bda0dc9bc0a51f92c18e,1,1,115.600000
0xa796c2117ef09c6152b40100143551affd7ec626,1,1,113.960000
0xa79cacf1af5409d8ef80f88d967db70a03d91e9b,1,1,18.000000
0xa7a3321c55f9224a5c00b06e99a5ca1fa111af62,1,1,1.130000
0xa7a5fbc8ff1f473f0a7fd298c3eba8a6205ac0b2,1,1,0.100000
0xa7b5db9bbef9e10d2526caf930c2f7f92230710c,1,1,5.000000
0xa7b688c76e4e1fc130339733cf3d3b224358b558,1,1,4.540000
0xa7c7e4c073263413784f24a43f465a2518419e51,1,1,0.100000
0xa7d0063220617a92af4b0bb578f5e72813c9ec3e,1,1,235.000000
0xa7d999b723211caf293ffcfd22a9864b74e69aad,1,1,3.200000
0xa7e839efa676edf958ab4a36c3780b8ba4b3414f,1,1,1.850000
0xa7eecb78c7bde175d048bf02b16fb47bb8efa9f9,1,1,157.770000
0xa7f29680e0f37bceff47ea982820b86795930a08,1,1,0.100000
0xa7f4661cd5df330ffcf6996b1f11a60259fa50a6,1,1,0.005000
0xa7f97a4940a8fe191d63cba3c0090ad96e77adae,1,1,7.100000
0xa810d6fb33df7937b40a351e194a3e24273b4d9b,1,1,27.050000
0xa810ee6671e3f3c4122ae2041e1aa709950287e5,1,1,101.000000
0xa820e795c5bfbcccbd2a7a5e0b8f56988c8c3e8c,1,1,23.190000
0xa8297fd3903b244c819388bfdd333909b4716f04,1,1,0.005000
0xa8368d412dc3d6375bffe524e7ace9b89daa6065,1,1,56.870000
0xa83a76a35daa954e7f931496ae88ad8bb60493e0,1,1,22.240000
0xa83af0b230dec3de1adcfea59d970209510126ce,1,1,0.100000
0xa84a67b0d9e222717a903500e79440391d462a73,1,1,113.670000
0xa84f82c0161d6e97ed3b1cda6b758b833bae4698,1,1,99.500000
0xa8570f6a2c457bf5acf6e0e10f29f8c237cd865a,1,1,31.310000
0xa873abc4a0efb8e956e836616b43afdf101e2326,1,1,0.000010
0xa878638167b86a33d59b3a32ecd8e6ee93a11813,1,1,0.100000
0xa8874054caa9548e5a2df8eedb7132788e812ac6,1,1,5.460000
0xa893e322360064b7de3f5075768602bc546b45da,1,1,0.010000
0xa89aa140ad76bb025fc6be34a8ff6ba6e0a256ad,1,1,58.420000
0xa8a8199855f38f8620b57d46418564aaa829efb3,1,1,20.160000
0xa8b7bda56eb1811ec77fbdb59876fa86821b4d98,1,1,0.010000
0xa8b97f7a5e3a90d256954bea4e95cbca74bd1ce4,1,1,0.100000
0xa8c9af1855c1e54d71d840ed00929ebe8adfd856,1,1,0.010000
0xa8cf38a8051f23c59565fad1d52129369253cd2a,1,1,0.100000
0xa8d8c0efd1a66589e4cd583595b6c98cd2b4f873,1,1,0.010000
0xa8e05d73b29775c214e180747712087499a74cf1,1,1,0.000015
0xa8e0fc1b841c97cf92bb28bd506cc084540c4cf1,1,1,0.500000
0xa8ee023b314e1e512e3f41291c146a7b674c4cf1,1,1,0.000150
0xa8f26415f6d54b1b5c69501643840634fc28d18f,1,1,17.350000
0xa8f309444c00e1cf989eef4680d3200165ee8306,1,1,48.300000
0xa90739afff690abcdd3f747bec9e0756ce892833,1,1,7.000000
0xa908df00ea3d69523884af83ac34679cb7526840,1,1,500.000000
0xa9211fe7eebdfbee9df433f58423697719ebd8db,1,1,0.010000
0xa921fba85eaebbed8acc1fdc84f178a24b332e39,1,1,100.000000
0xa92a6d21e861754b7dab1a6efb6f6c7c3377e574,1,1,0.010000
0xa92acd87af29db8c328b6c81e243637540c3dc0a,1,1,69.810000
0xa93e9a7ee726ba1ec38b46759db199759cc56211,1,1,0.100000
0xa942ec3b78a290ed9b4fa7418bb2f11e9e46e14e,1,1,17.579827
0xa951c71ae9374d491f40196d7ec4ace0b2698b35,1,1,107.950000
0xa9538d37ab32186551a195dcfc8e6361a9c8c1e9,1,1,0.100000
0xa956633e28a0b7f87d42985302560e4bbf8578ed,1,1,53.830000
0xa96234bdfaa29ef636a36e87b2043fb0c2822822,1,1,0.010000
0xa96bb995885aa15941490ae8e35de2e6dc6dd4d9,1,1,213.140000
0xa97d78d4831bd6a58ca6376e0d0324bb907ab2a8,1,1,54.100000
0xa9803277ede4d8b3b71c800bf367ae36f2fd17e8,1,1,0.100000
0xa9839d563142d7c485a73e55d504a5fea86ae945,1,1,0.100000
0xa986404a6fbc0c268792ba552a5778e7ccb01999,1,1,0.001000
0xa98cbf078da329363dc1306daed5f9ef54551643,1,1,26.550029
0xa995a51aab01ae4e8fe927f3ba40222eef4ae2e4,1,1,0.010000
0xa99f10045cb71d5240368407dd10b11b5fe059bb,1,1,57.660000
0xa9a47f9d5550c157652f4272df22b1cbf102f2f2,1,1,15.900000
0xa9bbebe709b0d25f029882e6b1ebb51284530b5a,1,1,0.010000
0xa9cd4018007de9b931563d4f8146ee084708c906,1,1,4.900000
0xa9da5a3d93f9d4644647fa1662ecde21d8e4b73c,1,1,0.010000
0xa9e715f11c1a5d7f50a1fe3c3e25388c5e2b8223,1,1,11.500000
0xa9ebd86bbb3db3255ca209ca7cf301198d42af34,1,1,204.000000
0xa9edd8360294cd14108025e5d5a53c079ea6df0e,1,1,133.880000
0xa9f117c48a5b49eaf5da572bc4f2e75aeeb4020e,1,1,0.100000
0xa9f9865d3c0acba6c7d4423875d80f07292ff728,1,1,30.300000
0xaa02967a389d7c4d503d059407c18fcef7097510,1,1,1.850000
0xaa02c037dffa485a792971757403bd3ebcc994f3,1,1,0.000050
0xaa26648d1890ff573a510b41d556e7af101c90bc,1,1,0.005000
0xaa2b653e210fae2c9ce7fe3b931da02d22d2b5db,1,1,55.250000
0xaa310c760f402965969b1a94849f0460fbf5aa57,1,1,0.010000
0xaa3668b102f87c7fe01a722ddef2afde7f1ab29f,1,1,0.100000
0xaa48a946cd7d77456434013708505af7df31f97b,1,1,0.010000
0xaa4fb1a598b49ddf6e9ee590cbc8b438534a76ec,1,1,0.050000
0xaa543222646eee304dd98de74588a09c3c5b5c53,1,1,0.005000
0xaa5cf238286ea8b00e1ef185baadf9f9ebfcf020,1,1,20.500000
0xaa9fd6fcb1da1753e615f814c9c341f21d1970de,1,1,53.860000
0xaaa86289ca8360959658ae452f711dd3c009425c,1,1,0.100000
0xaaafb2b8a87207f3e7e1ae4dfd51b23e72fbf044,1,1,100.000000
0xaac1b078245d5bf452a8ae26d8d1bfdda56c8a00,1,1,300.006462
0xaacad6fa8b048515b39b0541f24626371ac503a8,1,1,20.510000
0xaadf54665364ceb8151dbfa3d2eeaa080f5c235b,1,1,559.900000
0xaae25ee49dfaafbc8254d11fccc751808b441dfa,1,1,7.140000
0xaae7a86fbb32c109270d7204cc350a4d380ba2a8,1,1,0.100000
0xaafa184690585f35b2d94d1f608bd061173d25ff,1,1,0.010000
0xaafac235695033b22dca8218d3a7ed475e86d3ff,1,1,0.010000
0xaafd236abe32611e3019151566a53c2d9d642926,1,1,0.772823
0xab0966fe56be5f7d62d209d460d30396b19e213f,1,1,0.100000
0xab0b72c64c5f373d6537e42a28a5ffeac84e129b,1,1,0.001000
0xab168cfe539eb0e4e3ff60dccc2b75734096c90e,1,1,0.100000
0xab2816cf2408442ff943f9ee0745a1f404dd5df6,1,1,40.440000
0xab2971fc7d96ae0eefd6bc7bac864816eebba640,1,1,106.090000
0xab299fea9d2884a4b0321af1b79e452e464bb434,1,1,0.018044
0xab2a13aac1958bc2e3b1143daac9a66497831482,1,1,0.100000
0xab3264db9debc212ea66697450db76ba0b3d079b,1,1,28.820000
0xab332ffba00e9e60f33cda1b2a497584bed9216e,1,1,0.570000
0xab4088b42e2c923a3c0c325777cf65fb6c15d90e,1,1,287.680000
0xab47ac45c41d6263136175a8fc59761aa2f45325,1,1,0.000150
0xab4854cc7c07ecf2445e1d38a48bbe898af8d3f5,1,1,5.450000
0xab4bead80c1a7217cdfc3483ceb276490e7d5325,1,1,0.000010
0xab55ca8b8801d61accd8bc357441b9b206e49ba4,1,1,0.453536
0xab6361bb622552dbbbad5990aad70e0362393f42,1,1,57.640000
0xab65eac40b6d27c5d819761b25e226d80b734f5d,1,1,202.000000
0xab6cfc3315a74898ca3ae9bbd24ba5fbd21148d7,1,1,500.260770
0xab9f8c7094925db977dbda0d1a6fade23340b23c,1,1,20.510000
0xababf7f4541322c36dc21b38f16375867e00de94,1,1,70.240000
0xabb2d03f9ac5319fecd2d4c83bc4a7c00c6f9d36,1,1,127.510000
0xabc064442449a8de64c108e6d25ba895df0188d2,1,1,0.010000
0xabccf7980c4d46a6a36bedc3506698cd7d54971d,1,1,29.000000
0xabf38d1e054bc20f29b0a2c0ccac9bbeddc40a43,1,1,0.010000
0xabf4fabd7c416fb67202e5f9002389fc75e2a9d0,1,1,5.000000
0xac030221cff3875a160e46e7d9e95a391a9e16b1,1,1,0.570000
0xac243d63f3f792c79063b56aa71c7d0318ac8d97,1,1,0.100000
0xac2f97acfd7a008e743bb30805fc7d33d1a0dbbb,1,1,205.600000
0xac5931bb9373d5dab0790b6b63ffaff3a5fe9d89,1,1,9.900000
0xac619501403ba3432337c2098d8b5d132933b7f4,1,1,46.190000
0xac6304f6b0652e9a2ffb35b5fda65b03af9a1f18,1,1,7.010000
0xac74971fd19674aa79396e0cb81c6aec1f5c68a6,1,1,7.140000
0xac75fa751faaf786bf500b8e0d70a7b2823f4775,1,1,3.012592
0xac8608f002bc7644e1bd7b4d9b05645f9a764644,1,1,0.100000
0xac8ac7dd351d988daf17ce752f92979497d6040a,1,1,15.000000
0xac919f4a55e94a4c7399f8014a2265f5b90637be,1,1,0.005000
0xacb0fc64455f895a2c3ea66dd5fb536927b05331,1,1,0.010000
0xacbedfc97d516de11a9391d43ac42dc03b92399b,1,1,128.043216
0xacbfaabc0ae338d66e4bf2f647c140350d2ce6da,1,1,0.010000
0xace1fd71e0fbb91be9b66127960aeaabb1637323,1,1,117.750000
0xacfe2bcdd20a4a9b0f03c5f11e98576e98427e7c,1,1,0.100000
0xad05895d531ed532aedaa0267c417976422ca722,1,1,1.850000
0xad0b27ad3c77c25fb8202fc6d1457feb72057d09,1,1,0.010000
0xad34f030901fae6c47d61ce2d7c527528eabd698,1,1,0.005000
0xad45546fdd467506fe8805cdad9aa2a13e0db942,1,1,11.520000
0xad5b9bbedfda87f8ec0b29bd2b60fb4c9ba7ba4f,1,1,57.950000
0xad8b83990297f21572c7b6291e299a939cda9efb,1,1,0.010000
0xad8e9aabd00aa1da6ab58cd9b388d1758eeea593,1,1,0.100000
0xad8eacaafd1e263b1b1e0635b29d673e9c360f44,1,1,115.570000
0xada38afe7a05ab00851a1bae2b04a98f0066c3cf,1,1,0.000001
0xada3a4049afd9661f7e2631a0ca7e2bb36d3c3cf,1,1,0.000022
0xadb9a92fec8acbbb757ab2a3752478de2498fb14,1,1,1.821000
0xadc48c7022abfb1b0d21d63ac6fb1d8b59ff6324,1,1,0.042000
0xadce962a9ed941549de801bc8d30345b2018630b,1,1,0.010000
0xadd4bc8eba7f1ab205d1ae3aeee4fcc76de69d20,1,1,0.100000
0xaddfa5e416ce346e48db5858a960308ac87674a5,1,1,57.850000
0xae06ad3690613896e7ac3b77bb24d1ecebfde837,1,1,0.010000
0xae0f8381119fd4650ff70897bafc8f7ce091d6d7,1,1,0.010000
0xae168cae075ebff8716fffa83f77cf185213ba5f,1,1,202.080000
0xae1899bfc78a805a46615fc9e0eb23c07e86735b,1,1,5.390000
0xae2634e709c454f2720c65a0b2f9ba168e431842,1,1,0.100000
0xae28bf7bc3687b3d0c1af3a1c16c6b2ca7fa3283,1,1,0.100000
0xae382017f4724793ea219ea7221a095eb65eb943,1,1,10.040000
0xae548312390f5486a34b5a9ccd6d503c78afec9c,1,1,17.300000
0xae622b956e469845c5b8200ce8d5194f39f7e7e0,1,1,58.000000
0xae6e12f7e0efab76fed031363b69b9c24d0f4316,1,1,100.000000
0xae88c47e8d6fd297d4e306ca6b7dedcf51c58dbb,1,1,0.100000
0xae8bf3fdbb4f13672f7ca51f89fc8c398dcc1e17,1,1,0.010000
0xae994e3d50d5f6bfdd7ffbaf8f59b78ef7c50e03,1,1,0.100000
0xae9a6f7596c4641e64c6aa52d7659a3122385cd2,1,1,67.570000
0xaeac99ce8b31d76a2c895ce840830f11c290876f,1,1,0.005000
0xaeb5a4b4776a8edd593e5f9ed063eed51d4ce748,1,1,0.100000
0xaec3a59f52e2621766177b91432f32a79c68a08c,1,1,34.700000
0xaec4fb6972c70b414fa395a41514dc2c12fb56cf,1,1,0.100000
0xaec9bc2741e4cea8963b0108fd2a821d5ce84db4,1,1,510.120000
0xaecd3b59ccd906134460375f7b9b33f3313fddd8,1,1,0.003000
0xaed26fce45c66b7ff56935482219ca25c16661e9,1,1,14.710000
0xaed2a8de9e72a70f005309c84d80058efd1beebe,1,1,0.010000
0xaed73468126f4e992d8c701bb0047dd7f8589f5b,1,1,0.010000
0xaed85a92b2fde0a54e218eef682202cefc14941e,1,1,165.020000
0xaed94a987f348fd10f9331a2825d5475638ad3a7,1,1,0.003000
0xaeddbb254aa94fcdbdfaaa65c31c8ddd1cce49d9,1,1,1.490000
0xaee4628b33a8b6da0088bdcb6a3acd2acef007d7,1,1,0.010000
0xaefb82abd8929a06243db84372605fd0c0cccd80,1,1,0.010000
0xaf040037be9e8e85e2bcb298771b8aa340c6c4d2,1,1,0.390000
0xaf04f521fd89142bbb8a2dcd5226c63607908d0a,1,1,0.004000
0xaf078cb0ec3ea57f4230a8b0aa4c960caf38cb5e,1,1,0.010000
0xaf20f5e353103de257a3cc750510d08b87ed963f,1,1,0.100000
0xaf245fc772b7d706fedf2924ccd3f7619276523a,1,1,0.025200
0xaf266a3d6a953e818ebc446ffeeaa5f1a3d57178,1,1,0.290000
0xaf2a1bef7e2b8e7fed460fa28fb21f608bfc207c,1,1,45.120000
0xaf2b22b7155da01230d72289dcecb7c41a5a4bd8,1,1,0.050000
0xaf3ed060f7a07b152123389ab552294155e2a165,1,1,23.510000
0xaf3f90eb1782203b6464e50f8951c6e48c8dcbd5,1,1,0.002000
0xaf41c9981ea0bed956e98dda75d8c49066e58a82,1,1,0.100000
0xaf42ebcc1ff86b198cc5a65d8415b66eff34c4e9,1,1,0.100000
0xaf47799861e329447c6d13c0b00ed371a6332203,1,1,0.010000
0xaf54b8271adbe9d22c4b236c784b78e4259369d8,1,1,11.330000
0xaf5b0ab1b013e8b00989853b01379965f479b1ed,1,1,20.410000
0xaf7abbdf116e62ab885692073616a37a0bd9607b,1,1,714.500000
0xaf7e3acb8fb7162d40bad2d8277e9f5645336127,1,1,1.850000
0xaf842496dbc1769b6ce30e6c20a22014e47a29d8,1,1,115.550000
0xaf850f4d3fea412affca208078f71ce3f56cd13c,1,1,34.920001
0xaf8662425b9860be19fdf97f364089352eda383e,1,1,0.010000
0xaf8a95b991c204b4bb5f1e7a492d469f02aeedfe,1,1,28.830000
0xaf9a774191206d02abdc21bb0af5badfe4c94dfd,1,1,0.010000
0xaf9af5c2528e272a157d2e26b0af139f09271493,1,1,0.010000
0xafaff6d0c02239964e34c5ee7291c94b06dab2a0,1,1,20.000000
0xafbe8c987f78a4156a30701a2ecba41525b0426c,1,1,510.000000
0xafc16c9b11db09c2d0ea464ce6c9b773baeda87c,1,1,284.750000
0xafc445c6178c6a6eeacb3862f538c4d0405d7bfd,1,1,28.868306
0xafc76becf787916276834cd13f4ff5c9e9610425,1,1,10.100000
0xafcdbb44a093ad1ad6bf694d2321a34af5b1796c,1,1,141.600000
0xafcf754a75b527531a7f7cff0b9b2394419857e7,1,1,0.010000
0xafd57ce114cc0c57227fb6c314cca4f72cd3ee27,1,1,230.050000
0xaffae6c8b89e3d4365fd9a71852d28b835a218d3,1,1,137.340000
0xb000a685f86aec8c5bfe9bf0e664acb037061b05,1,1,0.010000
0xb02e95b0172dfaeff97b1cf8056587d528f9f4b2,1,1,0.003000
0xb05c2e3b21f0bc3a08f4750102bd712565f9ea18,1,1,0.230000
0xb05e7873eff124073ea9463116c0d2838d08e4a1,1,1,0.100000
0xb069efd9dfb5eb751327bd8714764a5da82c3cd3,1,1,0.010000
0xb06f67252da247ffa1b788ec5672fdf60f839178,1,1,85.000000
0xb0747e1fd363c92951a91bcf70b54c590e2f82cf,1,1,0.100000
0xb077a727fe6033a84510ef68715b4fb1f95dae4d,1,1,0.100000
0xb0860d8973e20a3143a89def14bb5d44b13c039e,1,1,0.100000
0xb09845f4e7be2e14f9f68d56b73a7bc1bc1718c5,1,1,11.600000
0xb099da16be0579be7f6d814b1d5f8449e3fb7518,1,1,0.100000
0xb09ef88105c7d6c51431acc3164e886e4f9148da,1,1,6.712000
0xb0a7ec5c970b1c5af42132610d493fce0fc1b45a,1,1,3.000000
0xb0ad21d49c15c5ae06a40735a06efe2f26b82790,1,1,36.040000
0xb0b9103c54d3c1a477e9f9c5b8a5411f7a5b39bd,1,1,0.100000
0xb0c5fdd8da1238dfb926eb923795f4bf2b29d057,1,1,0.010000
0xb0c9284f3ae2bade602863170b324c822aac2c48,1,1,15.200000
0xb0cb1e862437b98df874e4095a67d423e7d656ec,1,1,0.010000
0xb0d3ff562a5620d4c8c79d97f865c62f4cd2d566,1,1,115.423025
0xb0daa1daf3ba9f46134029ea641c84fabd7609c7,1,1,0.100000
0xb0e8addfbc51c9e86a59bc8d8cf870621f89e5fd,1,1,0.100000
0xb0f6bee9194b73875d0508014fe825288779fdfa,1,1,328.450000
0xb0f7d0b6bc6a628dc282db3e8eece47b8924b655,1,1,70.480000
0xb0f837188be5a40beda9f3b5f9f54783cb7a3ce2,1,1,0.100000
0xb0f8eed612d9e7b3783cd135757a2964707e5d7e,1,1,0.005000
0xb0ff556d5e953610a8d911c3703383b95f8b61ab,1,1,25.000000
0xb11c16095dc39cc25b3d3cbf9750444e9a123420,1,1,0.010000
0xb11e304058e509790cf0d836235a810f7a4459f1,1,1,0.100000
0xb11e6ebb9dd6dfc8c2d7d137dde199dabc60324d,1,1,22.000000
0xb12b63ac726ab00af69a617686cfc6d91aa9bdda,1,1,0.100000
0xb1458c3f709f241225be3887596efb1f6b64bb27,1,1,0.010000
0xb14ef88b872951c753a5da9abc96e6cb3de700e3,1,1,0.100000
0xb15b47b4ed72289ee54251c26f6f8af8a498d6f3,1,1,0.005000
0xb1739274371149b0f893f2210bc1209934ffe9e9,1,1,20.500000
0xb177f21fc3c5b5b369efa93dfe9ed7e99d3dd67b,1,1,0.010000
0xb181ed4f67a7e4bc2910336debe7441d7aa6fe7a,1,1,0.010000
0xb1823d3fe61c735f97df59ee3da473ec846a410b,1,1,0.010000
0xb18843b86f80f6f1c1565a0dd400fa2c2f1365ad,1,1,57.660000
0xb18a629f67f7b7fe6d969eea3f4ede1c136c9010,1,1,23.060000
0xb1981947b31fc3241e60ca3dabdb2d61ff14857e,1,1,22.590000
0xb19bb89c225b97dd5c331dd937f4c8417d021ee0,1,1,12.730000
0xb1a62fb72e0fe48144b8f1babc360dc5214897d6,1,1,0.010000
0xb1afe17c7c36e561d02c5175bc54db8c48fa01f7,1,1,0.100000
0xb1ba1ea5be67ff95d0b657c7bd3c0ae971dfbce8,1,1,0.100000
0xb1c5a634052a4e9fc97efaf97a581eb7fe7ac67f,1,1,0.005000
0xb1dbdb502909c08ae9fb892881bbbbd9186bab91,1,1,99.980000
0xb1dd1f24619ff8241230a09809cb68c50d966451,1,1,0.010000
0xb1ee07b9e218d6d7eec15051dbd1d46138a7f49b,1,1,49.904524
0xb1f601e46813e6aa70e8301771ba9976f9f60f5a,1,1,182.260000
0xb1fec0c8ee8d0371ebfd937abab293bbc4a8ae05,1,1,25.630000
0xb1ff1a64a7df3179183356cd5388c942af3f2896,1,1,161.680000
0xb200ad9d41b874fb38034a1b864dc560f82d4b61,1,1,6.020000
0xb2033d40d5c3c9e5d73384f04660dcfecd39052f,1,1,12.200000
0xb21ad4d8c8aa3b0c9f4fee2a30d72784fcc2d9bc,1,1,0.100000
0xb21df25cb42bc0a8fff562d0cc84602e4be7fedd,1,1,20.200000
0xb22339a583239bc6d5c6655e2febe1109506c61f,1,1,16.651895
0xb22d01eb5ef017af1ca08d82288849339b48f506,1,1,0.100000
0xb22f41196230452ef90a072935d6ed439d848ae5,1,1,0.100000
0xb2324bf5b34e14a57fcfdebcf5b2d4532df542aa,1,1,0.010000
0xb2362fc8d4193af38ee7d87cd6d0c364b99ac180,1,1,0.002000
0xb245b12f3fe347fc35413a774e25686b5d59f9b3,1,1,0.100000
0xb24626341777bf6ee5c197642729ccc9a314aacc,1,1,82.000000
0xb24e8398a7c1ed6945e1b8e4ca262773469faf5a,1,1,1020.000000
0xb257b7c8f549615e9c62f8293955e05d92f060d0,1,1,0.100000
0xb25bf948dd6ccc1715eaacbd3b4a93cf5f85ab55,1,1,0.010000
0xb294a4f8841d9745f4077581d18c4ee1f6765ef3,1,1,0.100000
0xb2966149f785a955bbb7b7d2b0d4f28bb6fbee46,1,1,0.001000
0xb29e260a03e20161e3088cd00113eff9849f4b47,1,1,0.010000
0xb2a7d77d5bdd4f9febc8a5a366e14eab6158d08e,1,1,0.005000
0xb2a8edcb18615438ad44385155fcb963dda99bac,1,1,0.010000
0xb2a9ed904abd8eb686949b04fde25fa0860c8525,1,1,0.003000
0xb2c5fd01314f13359218ad2097d434ca70782b74,1,1,0.100000
0xb2c8a9b338e2f028d84640c73eccd9c0871e8581,1,1,20.000000
0xb2c97352d75f2ecd1fc66b01ebbbbefb94a63901,1,1,116.260000
0xb2d643902c528d3c3a8a55aa9256a5b39eb03ae4,1,1,0.100000
0xb2dd978e925997ab2b9c0616ef17708360b0ce74,1,1,20.400000
0xb2ff6cb84b14bd14c47dafe82e5f8b14f2f5bca4,1,1,0.002000
0xb30199c7404157e0e7abdfda689a1a6b7e423dff,1,1,5.490000
0xb312a4d05cf38939fc0040f9dfa25157e3a8ec57,1,1,0.100000
0xb32533392a8d520515f59d57bf034ce658fb920a,1,1,0.100000
0xb33102a2b090fa65062c2717463778532463cf4a,1,1,0.050000
0xb34083e1e0b6afcd514f19a8f90ae26f2a704127,1,1,0.290000
0xb348f3225f40a9c1f75752e54edafc9d43dd145f,1,1,0.005000
0xb34eba588d6cca0d7ca2549c7f6c919e8cace24f,1,1,0.010000
0xb3505ab4e0884e8b74e9efacd9cac29583183eee,1,1,0.003000
0xb35649155017283f40008200f979222197285872,1,1,351.903947
0xb356ca679e1c05b771eba935dc8b1aaf18975c7e,1,1,0.100000
0xb37369b9207a9d91b8231343223319a4db93161b,1,1,0.100000
0xb384d2039af5ddcc40a469f3b5b26eeb67d9e3f7,1,1,0.100000
0xb3911477bb0fcc92ced394cac128ea05e53342bc,1,1,13.000000
0xb39a716c2b7f57cff72c9d76385ac511bb5df7db,1,1,0.650000
0xb3b10583c499fbe64e6f7f182ccffcdc9f314875,1,1,102.000000
0xb3badd8ec61df1a125c82abc80609fc22bf4bcdd,1,1,2.010000
0xb3bd4e9b16790812f1a688142b141f88c0ce7ba9,1,1,510.090000
0xb3c2d5cce5be625fcb51cb199a6d5e6841599e00,1,1,15.100000
0xb3c474b51a7675d68529a08f3af8ceb50f3b249f,1,1,0.010000
0xb3cc83ca5a8c5e335322a6275160def36ff6d982,1,1,27.493556
0xb3cef2c726ffeddf09650e6e6f9ae7a9df5c45e4,1,1,13.470000
0xb3d97374c3f6f147082b90bc5a39fbf98c3f76c4,1,1,1435.249124
0xb3ed81f3d2d8a3ec61676d0cf4e338173da2fba6,1,1,35.160000
0xb411c6d80d3a234728c6579a0c87f36ac3a7350d,1,1,6.550000
0xb41dbb6184f8878a3cdaaf027c0b27093f79899f,1,1,0.010000
0xb41f28d5346d5d640970219527a8b0a88712259e,1,1,9.758551
0xb42a182b510bbd9b21dbfa7f3a08a9835cc33573,1,1,0.100000
0xb439706efeebc1539050223d67027e78dc72c7ba,1,1,0.100000
0xb43a029d0e0c850163841606f65d84be5b14e16f,1,1,0.100000
0xb43ea1d85cfd5ac7ad8607ab85bdf90921010a72,1,1,0.100000
0xb43f71d1442c922fb17295a14eaed555367f60e4,1,1,0.010000
0xb44f2a7a52ffc7c87951170cd090d26978d122c0,1,1,210.000000
0xb4541deb738be89bb94fcb496e95a61513925963,1,1,0.100000
0xb4606abe0a1d04d1a9aefd0a0e1a80b9a2c57170,1,1,40.000000
0xb46a582eb0f1a12bacfd088fc9eb77521a2ed482,1,1,7.660000
0xb470bd7db574828c4426c60a55d45ba726de044b,1,1,0.100000
0xb47214480ba20b5d6973b08c8dc3b3872f48351b,1,1,0.010000
0xb47322a6545df05bb6576aa59dfe786fe87a71c6,1,1,0.100000
0xb47e531bd24b3332fac5f0a80ce47f3120a0ec5d,1,1,12.140000
0xb48ad9cc0d7ed79eb186ccc2ecb1b7eaa17950eb,1,1,1331.960000
0xb4a35d1e7e51e63461631598f5348a340dc8a433,1,1,0.010000
0xb4a98f0ac21b4ae3a878ed69777e6fdee36ec89e,1,1,48.990000
0xb4bb36e8b5ef92b912868aa235a6822f008d9664,1,1,102.016825
0xb4bd4585b2fa41cfe6d75e698cac72d2431aab3c,1,1,224.070000
0xb4bf364c04320215a24a9e74a6d54f49088fbae3,1,1,0.010000
0xb4c913287d8b90701aa9ba401d20dfea0f838391,1,1,0.010000
0xb4cc02bf453d96a08c6b9ea46602a13d8fd4a98d,1,1,0.003000
0xb4d49e4a9b55ad06570f022c38821972dcddfe3e,1,1,0.010000
0xb4d65c796c8d66722cfdea119e2aec7c3515bb68,1,1,0.100000
0xb4d7ce0abddaa44677fcda219e3041e41ee0db6b,1,1,0.100000
0xb4e90dd6babff7f3e7527ccf535be0ae63baa56e,1,1,108.060000
0xb4eba69aaf2a19b4bd53dcae8d22366a50e99236,1,1,69.460000
0xb4f5699854992ffb4e418867571581872034249e,1,1,0.100000
0xb509a8e6e7fa2296a35a65d239873df0bc15008b,1,1,1.000000
0xb50da496076c16ab4d2471ca7feee5d2c366357b,1,1,785.810000
0xb50e5d0964517b32b02521c986d92f1c0f6592f2,1,1,0.100000
0xb51e3dc54080ccd5a55a29ed336d62f5a59d7be9,1,1,112.460000
0xb531d6a0ef48086920113e229c949ed00b4869d6,1,1,0.100000
0xb54ed2188091da1796a6495e508531c96b27ee96,1,1,0.010000
0xb5506231d769a13f210463d50d4f74dcadb54394,1,1,0.100000
0xb552e255eee809aa931139c808c8a8e71c06cc48,1,1,0.010000
0xb55348172326a1f2ebd64420e3bb710138f14a62,1,1,0.003000
0xb5549e1de412c9572134b93c340b095d126376b7,1,1,18.578414
0xb55506cc431fd727232191f5fcfbe7642ec2a567,1,1,20.200000
0xb55927a1731a744e8eb5e83f4c8919754f8b4913,1,1,26.840000
0xb55e82caf1ff38191e6746995d1640fa7e70a0e3,1,1,0.010000
0xb56d83924d75e69e36dae5816bbaaeabdb8cc630,1,1,23.250000
0xb57bebfeca9494ea315127abd47cfb8bf856ae2f,1,1,0.250000
0xb5836ca6962612c180043249697b0a1cab9f8f7f,1,1,0.005000
0xb584601be7505e7fb80c1ddc75818cf8d75c705a,1,1,0.100000
0xb59ea0415dd373bf7c1f9a35f215e8a9ce33a2e2,1,1,0.100000
0xb59ecb9ba7c010d0061efa6b3467466f44e83d86,1,1,586.790000
0xb5b303491bdb742045e4c7a2be1bf5d29b227e36,1,1,0.100000
0xb5cb54bf47fbaddf94fe9140536694f2cd1eff7a,1,1,0.000009
0xb5d3777b79157d209fc7ab1a5230b424669f8f87,1,1,0.100000
0xb5d4a4d7c66805f23d40f66437f12ad19f61715d,1,1,0.010000
0xb5d6538e3808803a5b674235c52e213f9f1ae6e6,1,1,0.100000
0xb5fd8e265a512fc48511477e6d33df8c45fa1593,1,1,0.655867
0xb5fd9d0c108063588fd424d1706ca45f74231e24,1,1,0.010000
0xb60647ac299e3d0227913cb455debb49d949b140,1,1,230.470000
0xb60e5e23337f74067becbba537b829b68f0c33c1,1,1,0.100000
0xb6116348b3ac62d0f513d6c2cf1ddfd723e70578,1,1,0.010000
0xb6183aa424399bd897d849ae19f00a394e1f1e32,1,1,29.000000
0xb618ea560db950f1d464a0b4cb5036e3431754ed,1,1,68.670000
0xb620d19344c031aa403e4d1e550bdfbca5ca71dc,1,1,0.100000
0xb63c46a17245b3f8d6eed26a4d8669e831f7d6ae,1,1,0.100000
0xb643fa207b080876ef2864e661bfee99b548cf46,1,1,0.010000
0xb647b80486ff32717b6c6d7afc9888a9431bf409,1,1,0.010000
0xb64f83a91790e04446c4e51da8a8827f82cf8680,1,1,0.010000
0xb6520e8e85078a3dd89bb176bfc9550da0c80421,1,1,0.100000
0xb652fe635e7ae3f7ea6a1e688cc80941e588ebd8,1,1,131.320000
0xb657b9d8ccd6adcc3977abcff4fcaab440765f59,1,1,0.100000
0xb65e36fa5cbe722d5782e7c4b2ca27869ae48f32,1,1,22.750000
0xb661ff3c7535631443a44db090cd2c0134eba896,1,1,0.010000
0xb6668c29019f76e6aecc1d01ea344ed5fb0fce6c,1,1,11.480000
0xb6737534e6124f15fcbc77b45ca601c31b8aae21,1,1,0.100000
0xb67b0fe50e8ec0fe3d199d685cd9f049c6f1bd56,1,1,23.210000
0xb67b715990cfe934e9064f726d35faa2c0e8041e,1,1,0.010000
0xb680cc0b0fcb6a45b58498be867d35aff311a2cf,1,1,200.000000
0xb68a88fe836ef3aac60416910b42a2cf6ccdef24,1,1,0.100000
0xb68de4c127710807596182bcf8b98f1de784eb46,1,1,20.000000
0xb6a63f5b3dbbcda7f3293bff75ac1a0c30264043,1,1,0.100000
0xb6cfa0330161ff4c5f244e48ad0f735c3b286765,1,1,81.000000
0xb6d47d89b8e348e4045f13eac8d5084cc49d8294,1,1,0.100000
0xb6da7b04fb6009de20ee9404aa0f86090f08efa5,1,1,0.010000
0xb6da9c1490dfe8697a161134b33c239965045c86,1,1,0.010000
0xb6e262936d979cd854f9d9c8cd18ecc1c5cbb1da,1,1,1.840000
0xb6e8f7023c4ac28bcb7ac01f1b7e8aee2864ad5c,1,1,227.700000
0xb6e923f1e5913b74ec3973953ff4d3c692d5d914,1,1,0.036564
0xb6ee407f435f6965924385279f48cf51ff48ac2b,1,1,105.190000
0xb6ef78c6fd14246f85e16d6c5b18abc57f0508b2,1,1,1.360000
0xb70996abca3ea43e5a6169f2f06ed0a91ee91230,1,1,0.100000
0xb7167d54d31ea488dd9aee0bf24f162bcd460a3c,1,1,0.100000
0xb71e2a216f7a7994035422642c3d8b7c64ee8a61,1,1,0.100000
0xb71ef7e0c72c8ae03b98201d0bfc413d221f4fc2,1,1,200.000000
0xb72ef1803c071c109f8ded5bcc1c3b73729c157e,1,1,5.620000
0xb732f1de41786ef7e5d7b085b7b40886a35029bc,1,1,232.880000
0xb741e6eff28e8c9e5cb6920e8eee5695bfae6614,1,1,0.010000
0xb75277f45c178f3ff5e304a6387d7a8fd184eb8a,1,1,53.720000
0xb758948102b7d61893c31726d756460847bd3fbc,1,1,140.000000
0xb759b1afaca6cbb80288c7939aaa9f9070293c12,1,1,0.003000
0xb77401745c1102d4bea3fbb54f8de54fa0c4b927,1,1,60.000000
0xb775320a6ef209441a5f08f04052f11552b613a5,1,1,0.100000
0xb78235fb9c30857f437d8e20d92f5fd0838e51c0,1,1,21.660000
0xb78b13b57e4b6fe4c3ae6c21a4662a1bb8728378,1,1,0.100000
0xb78fd3390cdcefb624a2caa8677dcc6d7e2a18b7,1,1,0.100000
0xb7a84a39f072cabce86b0cb382fd75877526c09b,1,1,33.415658
0xb7afa0c785d4ebcb59c9a2ee0fa520b315cd440a,1,1,0.100000
0xb7b587d3fd11aafdf4cb0b2e071e84722d4a3f14,1,1,0.010000
0xb7befe1a9db7adfbcf5dae86933145727e183251,1,1,109.010000
0xb7c4f4cd7c636a1ebac5bafd26f9e913ee54e54a,1,1,19.170000
0xb7ca405d9702782111ec4c54d0dfb47496542353,1,1,0.100000
0xb7cc1ff6eea0475887e725c9ddda3ef234687fc0,1,1,1.070000
0xb7d46769d070bd114581a45fc21c5ee7c67ee2a5,1,1,0.010000
0xb7d57978f1a1c07c77f720307752da510798e8c6,1,1,32.810000
0xb7d8135e277c38e076d6647dec748d07bb64a953,1,1,35.250000
0xb7d949d1b3449b9add7e7bb0c8bebbea11b5657a,1,1,57.660000
0xb7e3859c291ac3c6ffa6c2c2373405b00bb7c83a,1,1,510.000000
0xb7ef097dc38be8f8ffba63ada912bf0e127f6009,1,1,0.010000
0xb7f1f2889cf792c664dcbe44e12c02199c1562b6,1,1,181.820000
0xb7f61aabbbc287615ccf13c8ed1a84676e31a682,1,1,0.010000
0xb7f647fb23d1650ba8705e1fb235947c45099db2,1,1,36.430000
0xb7fc402b89d20403903d4863e8cdeab8a765bcc5,1,1,0.100000
0xb7fc8726a0599161ad2f5ac2511ef8fb7b0566d6,1,1,0.100000
0xb7fdf6f31971eb7a985cde161b54966c2c4aa3e6,1,1,0.005000
0xb802e18b8f229c7436c1cd2398a10f2dfaa3ed4a,1,1,108.420000
0xb8093852223dfdac63439e15356491af9aa54418,1,1,92.180000
0xb80dacf64cf6870eeacc8bb80ff2598949d9c72f,1,1,20.510000
0xb80dd1e710c0741b81678970d83d0620eac21026,1,1,57.800000
0xb811b8f03153ce13fdbb4c1a35d1951f7734045c,1,1,500.000000
0xb8246d683a8529b883b3fca4c65948a90b550d01,1,1,4.760000
0xb8515a5636f1807a0bcc8c1756d3afbf0aab320d,1,1,5.980000
0xb867c28a3206770f3212e085ef9ac6f15ab1a8c8,1,1,204.000000
0xb86f46055fe9cc9991b9b9aeac9311781d4efbc9,1,1,0.025200
0xb87ba8388f15901693ecd4ec7bb0fb8f0d1cad5c,1,1,141.900000
0xb87dbd8d469037f808522cf33b0f14c8ea580ea7,1,1,0.100000
0xb87eaa1dd177b809e6edfc29d6bf2e003ad6fd96,1,1,51.000000
0xb88d9dd8e613772b363198f65a702486c41b9c84,1,1,134.750000
0xb88ff6ae6e05f0990d419e964c4f58f3bd019be4,1,1,0.010000
0xb8b44426d544c3e49e8646ef626a499a0262335d,1,1,117.630000
0xb8ba754ef70a74ce90779096de5b906c3ab85eee,1,1,0.180000
0xb8c9edbc8568042d98d1404d8594b80e7ae4b622,1,1,0.100000
0xb8dac43edcbd210f073feb7441cfd1e8c5255cde,1,1,0.100000
0xb8dbba77d69cd75b9238ee51649f2c21d7999bb3,1,1,21.960000
0xb8e4e5fe6b8905d053ec4f4835fd07f40d84369f,1,1,0.100000
0xb8e8ad638a61876f93119f26e3ee62596f1430c0,1,1,0.100000
0xb8ffcc66d497154494b2fe8682f1af3380de48f5,1,1,50.000000
0xb90dbe43110dd1b23adb2e09052bc82ae135792b,1,1,0.010000
0xb915f441923ea698d46528f4105a2aabe01f2dab,1,1,648.810000
0xb91fe0027f6bad94c3e06ac5c96e373e71e20cd9,1,1,0.100000
0xb92bff5c5fb1ae4bb5ef8a5c9455b800b7d62207,1,1,0.100000
0xb92dd2ecbb05fe0333267c2e428dee72983d2d3e,1,1,5.520000
0xb931bdcd24c4388798254ea24a6d41569232fd06,1,1,0.100000
0xb949c0c4c0750992e6eac7a54b03a9d8bb3a4f21,1,1,118.250000
0xb94cef2635c6f09c64da90aec0326d25bfb101ca,1,1,2.560000
0xb9526a7a405e8d43f91872575b146a0bcc23e4af,1,1,20.000000
0xb95416c7f12d33da4293f598be8c9fe7d9731533,1,1,0.010000
0xb95a31ce2fbe69f67cb1266841f3126717644a45,1,1,173.530000
0xb963b9b267ef972419c88e15ea98437b9a1fa2bf,1,1,22.190000
0xb9676474cf98538092b9eed0dd28063b1bc39384,1,1,0.100000
0xb98394f20523b8c492dc47bcdac47960223c6a55,1,1,0.100000
0xb98647c156a86923b3dddc4fd2d6e6a3d4f145d5,1,1,512.510000
0xb9a063595f6c25c7b874c562297891bcad34953c,1,1,0.000036
0xb9bd92aa771b676db8c7e63e13e5755bef1c5155,1,1,0.100000
0xb9c1e584c54470e10001df13631d292f1f845c1b,1,1,0.010000
0xb9c7cb54ffc7906353c308e5e8edccb395f488c5,1,1,0.100000
0xb9dfff2e3eedbde75f27a68faad47ba77c71baf7,1,1,5.025001
0xb9e13a458ccf969935b1c31dfc65e8b3612d07d9,1,1,0.100000
0xb9ebc7d6ca105c8358891b09d9d7a211aac716c5,1,1,10.900000
0xba01e71a13fd113cb39322fa6c1dc5bd66e7111a,1,1,39.200000
0xba086d90aa912289fbe09d4fa0f07d6028a570b8,1,1,0.010000
0xba08897ac5aaf8f81801876fb599766e8b273fbd,1,1,0.100000
0xba1821e504cfad7a88cf116cb842af802a0e098f,1,1,21.820000
0xba2804dbf99e902dbc5f926b5c3c37ccce8993a5,1,1,25.000000
0xba29ef8dc4cfb026609fced7d0376087f903dcad,1,1,0.010000
0xba2f990a87c61efd91ba1b37436ec6fb792a10ed,1,1,0.010000
0xba46747a199c88189b5d03b281c52b5d542d1083,1,1,58.900000
0xba4e7526dd85b3cb663def1737bbcaa2acbd7ce5,1,1,0.100000
0xba62dbb76a89d037f2fb814e651db4972a090a29,1,1,0.100000
0xba6682ffd038d3375b7ef11394a904372fc9fd91,1,1,0.100000
0xba67dd82675754609cfc78643feda475ed003c27,1,1,0.010000
0xba753aeb2944fd8ee31c6087b42fa19d5ecb7cb5,1,1,52.030000
0xba89b752f35d0230a27224c7d63d2829c6111587,1,1,0.100000
0xba97a907e10912ca81f0e16dd0767d8e7ec0fcf1,1,1,0.100000
0xbaa67517524a837f0fe6eb5cb530d0a01d56e5ac,1,1,0.010000
0xbaa90eb97c5ddaa61786cdef8c03ddbcfa878ccd,1,1,288.870000
0xbabf5f86c52b4c24636eb3c38664533911d1e5bb,1,1,17.200000
0xbac19d17b74c6ed4c64cbfc53d49bbf00ade1523,1,1,11.120000
0xbac4cdb108e33a63c1413e009a571d875e8946bb,1,1,10.000000
0xbac746ce313b8210d1fc54f8a43bf02ff8a56075,1,1,0.010000
0xbad94ee97ce7f9a34d24ecf8a6d311c272a8b0f6,1,1,150.000000
0xbae0b43a94ad909fe3ff42acb54b4678e4e3d652,1,1,1.070000
0xbaf1c20996cea94f6f4b4b24a6c98bcd83dc1e63,1,1,0.100000
0xbaf1da80dd5226cca7a35cb27535b8287322ff97,1,1,0.100000
0xbb108a76b14afb7a710036719ba07fe5c68bd0bd,1,1,0.010000
0xbb170911f071a242d39fd3ed744227c8454f76e1,1,1,0.010000
0xbb1ace9127ff7e7bc0981336012094399454a065,1,1,22.760000
0xbb1b343356dddbe46eeb6919f076564f39220f96,1,1,135.060000
0xbb297496296f12302bbdf3ffcfe68fecf5fc0f97,1,1,0.010000
0xbb36a2be93fec337bb82984d8ebc90db7cc85fa3,1,1,0.010000
0xbb436095241959eea590e160ba0492738cfa78fa,1,1,0.100000
0xbb4d9211df1d24c3d04f2196e3df1f891ad14d02,1,1,0.004000
0xbb5323de45ca69d16118f1a2ec979a49c4906f77,1,1,4.750000
0xbb693faa902e3e815688266bf77a9675b2ffc0ab,1,1,4.100000
0xbb80567414bb7c8a71f3f4aecba9b00c437ec169,1,1,64.190000
0xbb8287216bff75c72af2bebe3dbb2c57fdfc570c,1,1,115.522027
0xbb850c9d245452ab00de64df51d16a588d126536,1,1,29.130000
0xbb859533389177a9ebd5e91d2f7cd68a9a8f45af,1,1,0.010000
0xbb9b487d422b45037c563be420031269d0ed3bd7,1,1,0.100000
0xbba6534dc8bbc7b2a4ca89579fb9bf44bc32326d,1,1,72.020000
0xbbaafe69fe81fcc21639547a64b66e5f6a43b2b0,1,1,0.010000
0xbbb069124e54e32fb1c8fea5ad105cf5e8abdf69,1,1,1.120000
0xbbb2ef625e71a3806ee950a4ff02ac87b48223fd,1,1,3.800000
0xbbba2f0e046a9549ecac70e6dbcb00e14c01a3f1,1,1,0.180000
0xbbbf3d04efeff8afec5400623ad5a1b1e363a549,1,1,0.100000
0xbbc2881efcc027560ec07e6d04cb5647a0338dbf,1,1,41.780000
0xbbcebdd6bbce5283d0356b0db59cb214a8633eea,1,1,200.000000
0xbbdf6a35ebe9ec0bbc2504336ad2a8a848578fd7,1,1,0.002000
0xbbe6f0574514b8823024466ece5be1d0f7d521af,1,1,106.365052
0xbbec3aa3b63c36a91b652c67d29de7aeba69e31f,1,1,0.010000
0xbbf353c776368a67089ed222ca1cb493784484d0,1,1,57.680000
0xbbf9f3d0bc7b195e2f3ba71b5234118dce8d62ba,1,1,0.010000
0xbbfc0a3972d802a772e55389c3875a708fa8ed2f,1,1,0.100000
0xbbfc24fd15a9c0654030599602da4a540b60a3cc,1,1,0.100000
0xbc018ab8354a1eb4ab5e372bf2a64501466198e5,1,1,1438.050000
0xbc0f54d12f4abc3b92cbad4977197e1d284b61c6,1,1,6.220000
0xbc1a4b87f7f5e2268e2733d8f66ccdbbc87175fe,1,1,0.100000
0xbc25e1316bfeb8680267a1a53ac65095a2021d9c,1,1,35.910000
0xbc3909be573525cc0e893bf34ef83938d6e15381,1,1,0.002000
0xbc44078be9822469cdae25f020f5066add8e1024,1,1,1.933922
0xbc55e63ca294fedd72d798b772c3ce3a7ae26e92,1,1,72.840000
0xbc5de46e0f29a5d9ea02574d8cacda4fdff10761,1,1,17.300000
0xbc655de5fe093afabc50b2a0715d45bafba61f7a,1,1,0.010000
0xbc6ed4772d17778eefdd1c9e3a7a2f6bdb39c0c7,1,1,0.002000
0xbc99f3a4ceb9c0e90cc08ea60a08430047799f8d,1,1,0.100000
0xbc9c574849552e29e517b9f5af6370268b1f35e6,1,1,17.380000
0xbca917cdf27ea9a78fab14bf7eda2b60e3e0a442,1,1,0.005000
0xbcaa947b1b8cb1e616c2cb5c810b1a64f9105611,1,1,54.100000
0xbcb0af539e8f1beb597917dfab80df9eecf6bbb7,1,1,0.100000
0xbcb3556f1e3bd317feadc0e6747605b3bbc8c8c5,1,1,0.100000
0xbcb4dba5cbe79fbd1e530080a974fcb94781e715,1,1,0.100000
0xbcbf3568baa8c3bb416dbb09451f02d49b97c5bc,1,1,0.100000
0xbcc64b0ce793235b1edbc627e3bce6018bc14825,1,1,0.003000
0xbcc88f6d5884fbd2f9d16c3dd70e2c9e9e687be4,1,1,1.920000
0xbcdeae7db9baac2c6435ece7783ae22225fb0336,1,1,0.010000
0xbcdf10ea82a4faa9374604047d1bffab2702b5b6,1,1,40.200000
0xbcf86b3e603d6c50b80b4bb99d12e9c60a698042,1,1,0.010000
0xbcf93a4eff43edc93c14564e5a63d55ba4681e80,1,1,20.402864
0xbd0a40e581a5c856660b38e5b79abecfcc142af2,1,1,22.200000
0xbd10281c082c9cb0d964cea1dddd474704413334,1,1,20.520000
0xbd18e78eda2e327f318868e3efb83216828ee65b,1,1,0.005000
0xbd1bd13f322e530611e7d76928f5de53238cc4e2,1,1,0.001000
0xbd23f4b1aeef67dac9542a72b6ed0a95751d95a7,1,1,5.764974
0xbd27d99207d80b851012a001c086b1b9d33eacc2,1,1,0.100000
0xbd2fb48a1a12722fd730e07c470066cdbbd3dc51,1,1,0.100000
0xbd3ab91be45f535e8af5d5081f664518a18a8c32,1,1,0.010000
0xbd3b5571abd6727545a140896f361177327404f0,1,1,0.100000
0xbd44874c65c90397790b9ae46fa30d4501684a17,1,1,47.040000
0xbd498e063352afebc2c1d72763582f49522a8ff7,1,1,22.150000
0xbd4a1bf5a0b1a1f346a03f8f60c6ea415c1e3a8c,1,1,0.100000
0xbd80e005df91a2abc45036ae2c4fdecab412e2c3,1,1,0.100000
0xbd82ebf0f495dd528c1b3e40da5365b87b1c6baa,1,1,301.167000
0xbdb0239f711c1162cc0385bb179cdbb62355f542,1,1,0.005000
0xbdb55f8f5b018cfb99474fa5b2f4ea199aaa7f1a,1,1,0.100000
0xbdd3a848ca80f4ca1ec52be321a2d3edb5288dcc,1,1,11.097187
0xbdd7e2238e26cbc626e4b686f8ea96ac254f6dbf,1,1,0.010000
0xbded94686c500d7609b0812a8b0a7dcd36de5eb0,1,1,1.000000
0xbdf9405fe253225e95744e2fd603ec6ad19b099f,1,1,3.480000
0xbe188305266005a85942129526ec837bca7c01a6,1,1,0.100000
0xbe20a4c050a3dc1604552556c5f224ccc48c63e9,1,1,0.100000
0xbe3ad6394aa80ea1686bd7479a0ac05be45a7fc2,1,1,67.320000
0xbe3afc65ecedc62971e76b94d7b1174f8a04ac94,1,1,34.680000
0xbe48eef52de5eb8343dc8a6ec40781d5aa6a001c,1,1,32.380000
0xbe48f912c0212bbbc35f2f5a3ae1b6d038654fec,1,1,0.010000
0xbe4c86d2dc37e9f40ccdc72bb68f99c93ddf9437,1,1,343.500000
0xbe5a12c0c112887e0f260f73dba07bdca7bd4a1b,1,1,0.000150
0xbe65d73542d126f7a52cd45eb889311aba042118,1,1,0.010000
0xbe6b581bc07e73dbed965a34a62f4827148548f6,1,1,0.100000
0xbe77cb01eaa5eb8be55f50697ffee6b94c24dab7,1,1,242.570000
0xbe83c10a7eab7731dce1ed28554072f2defabdbd,1,1,72.950000
0xbe85757638a197c11a7ad35a5c1db1c417b2a8a0,1,1,22.170000
0xbe9c306ea1e62009b255370c3ec6534113b3c932,1,1,0.010000
0xbea10891498cebb46cd9382de098fcfd0ecbade8,1,1,100.000000
0xbeb0a61f0473415eba756975653a4a865d9953b0,1,1,0.100000
0xbec4051b5eca7fad55cdf325c29b84894f14abea,1,1,59.880000
0xbecc6858a2ba4fc820c1e9cd65bcc0c7646cabe1,1,1,0.100000
0xbee840a17b648afbaf7aaf2df5572b8e95e401e9,1,1,0.010000
0xbef6f3d14219d2edea91927543e8375e71243edc,1,1,510.000000
0xbef7bb568d77ea32aa07c04ddffa40c7e1c8f7c8,1,1,0.010000
0xbeffbde0e4daff189e64b67d9c611369e2bcfcf5,1,1,20.410000
0xbf044be8b4bece11951ee5c27e3219dfb027d3b1,1,1,0.100000
0xbf1665ec85a47f805bbc5052030574478b7d0023,1,1,40.390000
0xbf167796c3ad881474973c3fb16e98e708027660,1,1,0.100000
0xbf237a727bcb5ab7180f8533fc64c3dfa0f1355c,1,1,1.000000
0xbf2aa7c564096f71989ebecad9d8d972c11b7837,1,1,0.100000
0xbf30f44f2fa0c3c093bfa5f4280b357f78837702,1,1,0.005000
0xbf3a47343115106e79afb6f49949f5cffb16ca51,1,1,0.010000
0xbf5d38a41471fadeea238fb10e3b5a01248f450c,1,1,588.957423
0xbf617d1a3a37658ed6e599f3c2f2d906a35fa4d7,1,1,0.100000
0xbf68581a80e6fcdb6782d6056c4ed8ae4133eb59,1,1,0.100000
0xbf6f3a47402f0d5559c26a21c42406c261eec965,1,1,0.100000
0xbf739cbf38dcf3cbc1cc767cd473b767a010ded0,1,1,176.720000
0xbf73e52ba35657b3067b18afc358c73fc489aa3c,1,1,0.010000
0xbf82c54f40224a756acd1d024137d75cacd8aa39,1,1,154.770000
0xbf8baaa45e347049b3ebe29f50b6cf7aedca8092,1,1,0.025735
0xbf95b1419bba9e09628a5b41693ee4399df8604a,1,1,111.910000
0xbf973fa69285299e1d9564df9e0cf516b2cd0f91,1,1,177.450000
0xbf9852398d422543715a4eb3af75c9fada787d4b,1,1,0.010000
0xbfaff6d34fc2609df575ec38e0e1ce6f48080c4e,1,1,3.940000
0xbfcfdd301a9290f1427201837477f483bd9e1914,1,1,180.981678
0xc013a1e3903f127a05becf1a722734d7902840c9,1,1,90.000000
0xc02036cc142198503f549a77862e718d0364e2ba,1,1,173.050000
0xc022ca4598a9761ab5c62eecb223cd996be25250,1,1,0.100000
0xc02990f1604679659f4b1177b6a8b2310fb6bf4b,1,1,0.010000
0xc036d9c8f1b94394a60fbd3cf90d0df2940cc75f,1,1,8.400000
0xc03df5ead6a1a0905860a018a209bcc9a90fa328,1,1,0.005000
0xc04efb4c1f88ff40c1540b7ce0422b96d33db2f8,1,1,24.480000
0xc05d9d930558a9870690d1ee9db97b029432eabe,1,1,0.100000
0xc087a3d4ad89fb457716feedb955db1a6143d848,1,1,0.100000
0xc08abd3331cefd2a42f0a0ff4a59e6b63f994a13,1,1,5.000000
0xc093bd3491698ff4f388a71e05ed7cc5a4913076,1,1,0.003000
0xc09a77e59f1068c2009d1e93da7f45fc7f0d34a1,1,1,15.000000
0xc0a0bc54823f37f9efde1a2c0b24789fc7e40e72,1,1,0.000005
0xc0a707f63df3120e018f119ddf44fc8eaab40e72,1,1,0.050000
0xc0a77d4df73e567f5b3b90e027bdd22f48e90a94,1,1,0.010000
0xc0a7ac4a1533c255c9e45f83eb56f4184985af4a,1,1,4.100000
0xc0c276314f2de8d13992b03557b51e0ff7f9e0f7,1,1,749.020000
0xc0c7511f0faaf43ce89960f02da360ec102ee4b8,1,1,0.000018
0xc0cb5c6ac36774a6f6ceb8f352f3eba5ff17660e,1,1,0.010000
0xc0e4e22641e1b1c392f136923c9736729831798f,1,1,199.920000
0xc0e5cbf0210f7697ff4f72f5efa1bb084076072d,1,1,21.860000
0xc0ed3de9cef3206933b17c8d6356466842f9322d,1,1,0.010000
0xc1040eade25c62f8a439a0a42147d3334408fe70,1,1,0.100000
0xc1132811f60343f9c4f745ccb60c0fa4ed494396,1,1,15.000000
0xc12aa1bca7b5e205487ce39534b14ac96dcac56e,1,1,5.450000
0xc13c5866ddee9ce0c5b33c0940bf65e61c71ebfc,1,1,53.180000
0xc14756660f3af9246bf5c05c152536f97414289f,1,1,187.900000
0xc14ced8293ea78e74f7e84a6ec6189a6221699cb,1,1,54.380000
0xc15f16b1b1b4fb64ab261b340fdba4be244276f4,1,1,0.100000
0xc1603218f0bc925297d39a5ad48d53857f3c8079,1,1,0.010000
0xc16c80d8f58ebfd7507ab5ac599463172dcd1e27,1,1,0.010000
0xc17ea1765bbe839e266881a62794dda751585735,1,1,0.100000
0xc1858b015d70c81836b8eada54e8ba6087a48f1d,1,1,110.760000
0xc185e9cf76fd51af1cba7623b1d133bed0fd1ce5,1,1,21.648351
0xc18919171865e7b7470497924aaf940832c672e2,1,1,23.620000
0xc19157db3551d952801ef0705cb40e73e9acec2e,1,1,125.420000
0xc19a4e03d1a1c35ef43f8376bad11f871ea74157,1,1,115.690000
0xc1c2359ed5e807334edd96b4123f051a589c9c62,1,1,44.970000
0xc1c29b2648583c90419f1c4aa4bd4f962d223df5,1,1,0.100000
0xc1d0f17e04fe0e29554b175766acffccc8fad73f,1,1,0.010000
0xc1d37e688129caaf7dee1c4f3adb6d1525fc1e5e,1,1,20.200000
0xc1d7857399fb94f39aa2407c3d0bdcbb71b79434,1,1,0.010000
0xc1e5a44e95698d432234812df10174464732c927,1,1,0.010000
0xc1f106ea14f8550021c7fcf959686393fb42c316,1,1,0.010000
0xc1f592215950e6b1503ff0e299050bcfb999d995,1,1,135.290000
0xc1fc9a94eb77e28503641cb1e9918c2ffc3221b1,1,1,0.003000
0xc1ff71f8c92c37e145e0bc8f3c8d972486374811,1,1,50.000000
0xc20540774151739248d6e075002a8a046cb27a2f,1,1,0.010000
0xc2093eb753ce174e129f88017740caeebdbb3830,1,1,0.100000
0xc2257533004a4ef20dd9d5ecc72a8776f965d2eb,1,1,0.005000
0xc227bdfbb13ab42b13b59ce4222a5f8e3768056d,1,1,28.830000
0xc2298ed673bc26de7800e5d401a37acda1b113a6,1,1,115.690000
0xc24d95979a944310539e69fa9dbc1266521fac4e,1,1,5.450000
0xc257bd98d9f70fa067b01fe7f7eb5712cc3eb2c8,1,1,0.100000
0xc2590fefa56749cb5ac4940f43017c0fb3ae5811,1,1,0.100000
0xc259140f7e6bbcdb8e27b30b1390c47774da205c,1,1,0.010000
0xc265d81c87a767c98bbd82a036e1e759bdd7c443,1,1,0.005000
0xc26768ce251ee0004c86cb8e4e5345eaaf3b1cec,1,1,58.880000
0xc26850207405216bf8a29098036c545af059a1eb,1,1,0.100000
0xc26b0d287dd0622f63cf15e83e49b3536cbe9a7e,1,1,0.005000
0xc272d9b1f00a2003dbee9f556c1c66d84941e267,1,1,0.010000
0xc2777e38a77702c50cdde49fcad34ce301b3cfc7,1,1,683.120000
0xc28b7c055b436ec08556197da3ef292e00205fd2,1,1,204.000000
0xc2b24b357d6c2e461e5cbabeca130d601d01ad3f,1,1,274.580000
0xc2b413002930534d5606ebfa0e93fb8ef03b2baf,1,1,242.570000
0xc2b5b43b38bf8c60c459d57353edcbbfaf5c543d,1,1,173.960000
0xc2bed22c3b25e5f764a4c4e5d2277af3d39c7542,1,1,0.010000
0xc2c1c1ffff438aa0a2f6060af001619f4418ca84,1,1,0.100000
0xc2c8ecb3e423fa42f5a42b2d0bb656e8e57a9622,1,1,1.970000
0xc2cbc831401d91483d6c66bebf86e79fa5f63020,1,1,0.100000
0xc2d4b276736ec12288970db1a1c000e244c7f996,1,1,29.730000
0xc2d567e21872066e8c4a3f10cd06fe9ccb5224cf,1,1,0.100000
0xc2e90d54c7e178efb1d1309e5653eb2ba2f0586d,1,1,15.000000
0xc2f5d41b50ff8b9324157270218c53a966aaeab0,1,1,50.000000
0xc2f970a9418f9c722134a32890a77eeac14d0718,1,1,118.000000
0xc3017b3d74f86b5334366b1fbe8ea3f73f4f8199,1,1,0.100000
0xc3032775432664c4adc8256d394d128be1b6f39c,1,1,0.010000
0xc3244a5601c550eb9be72a681a59ae7f0fd0602b,1,1,0.010000
0xc326887a0aab8843ee3638bff56e433b0f3b58b5,1,1,0.005000
0xc32f2980f4286d1692919b8ce2b11b5ecdc54a06,1,1,0.100000
0xc33dcca389dec2ec1e353854b3646937a3539152,1,1,0.100000
0xc347c7675ee6a00677d1a3080407de4fbba96a69,1,1,29.280000
0xc347fe4a5552ff1c7c182c1ab79cd1c60cf1a700,1,1,0.100000
0xc34d18276e720d0bfbd931611608a28322890909,1,1,0.100000
0xc3523a1e783b44c42b9a6b252328d81b0238c92c,1,1,0.100000
0xc369fa47126691386793949fba9e6707858acd35,1,1,0.100000
0xc372cef4abac852cba120445a254db96421cf6db,1,1,0.010000
0xc37e76c8b24b9c398cd2242548eb87a81ca987e1,1,1,0.010000
0xc384469b54c37034a8007bbcf753142457d1784c,1,1,173.420000
0xc3880b8c8aa087c52ccab4ee296375a1939cf586,1,1,35.700000
0xc3901362bbad160a33fb9eafb172f76704b5a5a9,1,1,230.730000
0xc390f6952e8cd85292f8e73027cc9b0a2375a5ca,1,1,0.003000
0xc3973214b2f4530897a4968b91ea688fe3d17ebd,1,1,0.002000
0xc397b44efd2191d55301ed4cfb67abf9280eeb53,1,1,5.450000
0xc3b0f2fbccec7355fc816c5a1d257e7e3a73df87,1,1,0.010000
0xc3b49d909fa80a768516810aa321a16ec8149b04,1,1,0.100000
0xc3d366c13e8b11715144d59662667282276304e7,1,1,0.180000
0xc3d5ca23bd3610928b201039e75ce3486a268f67,1,1,76.500000
0xc3e847aefb224b541d552f6128c828128b844aaf,1,1,0.050000
0xc3f7d3a286ae0e334c5219d7540f3c01c251fb1f,1,1,200.000000
0xc3ff526e231db910efd1d8d1ee83bd35d2b3be01,1,1,1.850000
0xc400047222996c20e17294bb6cd9ea09c06fde73,1,1,0.010000
0xc408188606fbb3ff2a998152b41569025b504c30,1,1,0.100000
0xc410861f605afa9113d954761dd2748df859cb6c,1,1,13.540000
0xc4195e47a41af6434c4afb63e8adbab98059064a,1,1,0.100000
0xc41d04b24600b50d75918b20a100041645c88b2f,1,1,200.000000
0xc42580711513de7b143f69811675a4b959ae9b11,1,1,0.100000
0xc435a813f8356bb44b0d45fb57384ec601a5953e,1,1,149.390000
0xc43f537dc10fabc5f08ce4bae59312aca3a749ab,1,1,0.005000
0xc4590988138f2cd6b70a289cda603673ff8a5798,1,1,11.230000
0xc45b47cce5cbd1f026b68bba5bad55e5145064b9,1,1,100.000000
0xc462048821a1ddd5733cfd7a3f2bb44966c5ee4f,1,1,0.100000
0xc465b07f299573962ed632adfc75fa4fc3a81616,1,1,0.005000
0xc4711d14610feb584af258529906ffa3fd6dfbed,1,1,0.010000
0xc4718ef1ea9cdc560635468893d1f13ed46ce535,1,1,726.840000
0xc4726be51e2c202a0f7ccb206efbc814fc81a757,1,1,649.340000
0xc479562155e9d3c29cd805ece448a40c16b66f53,1,1,135.600000
0xc48444e5d8bfa7b86ad469e8ccf647d7e732cff9,1,1,2.800000
0xc484d4903aca2a48e8e5a666758144f06d102d1e,1,1,0.000020
0xc4896f061f34fac87168e56f9b83ee2f5bfc809f,1,1,26.970000
0xc49cb8ec0c603e093e34a678f65ec65cb076e8b1,1,1,23.390000
0xc4ae489af3444a7ae29e37743b0cef252045539f,1,1,0.100000
0xc4afab0de48d927a2f6cec51be315fdd6a45b551,1,1,13.350000
0xc4b0a5ce8258cbd146c2fdba8d2bee0bdcf90f67,1,1,0.000028
0xc4c39daf7350eacc5b9911a09675c641bd9fc2c2,1,1,0.010000
0xc4cc9c646274421c2b480569277c1756e6c4cc3a,1,1,0.100000
0xc4dfdad878a7d8a86fbac29d730c333de0cc6d14,1,1,0.010000
0xc4e6c61938e37aebc21a41a4552c0fbd6aa63e2e,1,1,0.100000
0xc4ecbb4c4436f4dda894d4d8f3031adbc5d3d5be,1,1,0.100000
0xc50ed66550ecbb347d68dfb92234086e1365dee9,1,1,0.100000
0xc513f0ea800b9cae53dccd1dbe2d7ef601307721,1,1,0.010000
0xc5176af105473defaa3100eb094f30d8de4a53f4,1,1,0.005000
0xc51d51687b3691eb2e3dc5bd2161ca6c6833da3a,1,1,0.100000
0xc5273e1795a4d8fdc5b941b1495923a30a422721,1,1,200.000000
0xc52d2f265aaf520ec2837ce62f20df0e8ddfccf3,1,1,0.010000
0xc549d753c49b0c154e4ff4f3bfcb2c15a7f27ab8,1,1,2.300000
0xc54e9690d56c6e9ffc7d136f11c5d4f93d73a158,1,1,0.010000
0xc5534bb31bd514bf371ac1a7e4d7022c4e859d3f,1,1,0.010000
0xc56692eeb12f8b9f0fc5eeee5c952ec251e26626,1,1,22.000000
0xc5680a7cc9260b4edf06b0c507b90ff1b1924dd4,1,1,332.770000
0xc569470f333ace0fd92c82a5f61464592a62db7b,1,1,0.003000
0xc57dccea63621a83d719b81d027b51b613a7b178,1,1,316.160000
0xc586f8adc058d081c4ae83aba29d5a547cbe53d2,1,1,0.010000
0xc5899c6cb9e42e3ff4bfb79e14d7cba59f43f698,1,1,826.460000
0xc5a10bb9e7fb23c434d7cfb49cad0e1fd6e3f5c3,1,1,30.130000
0xc5a2306b7fb94d61e60c87769be8cd9cb210bbc6,1,1,23.350000
0xc5a68fb0599033f24c44b4572bae92ed96d9a507,1,1,0.100000
0xc5a9cde35839971470119529b303d49ddcdab0f5,1,1,0.100000
0xc5b0a16b9749df6474138f47d54df582d9f332e7,1,1,0.100000
0xc5bceac580223bc3b4fed9abfa86e02ecd262be4,1,1,0.100000
0xc5d4c2937c775ffe8d1cdc15f372838466618d4a,1,1,0.100000
0xc5e835746238e532bd5ad5fe55d42ec25b7f48c8,1,1,0.010000
0xc5fd1aad3804b9d3dd353363f5713f57ca8649d8,1,1,0.100000
0xc604882c0bbbab4f86b378bad4a4898b96525e09,1,1,697.780000
0xc607a562b417ec5f3c70318761823c2de3761a2c,1,1,6.390000
0xc60f7214d85f24b5c7fab74e49c980c618994232,1,1,0.010000
0xc617abd756a75d04f57d90763dea5b779eb48162,1,1,0.005000
0xc62d9c5d3a6563896eeb5aac7664235e7b1efd6c,1,1,0.100000
0xc638391be54f6060a9652781e2c2d03124b997a8,1,1,174.940000
0xc64363eefd83e4470466b6a70449c2d081972a8b,1,1,176.850000
0xc643cea545244023ff1db21f6489357668f5857b,1,1,0.010000
0xc6586a6d7e7d0177758b1ff889775e1cbc927162,1,1,301.280000
0xc66d0fbbcbd2857cb00e59032e7f37eabd4d07a4,1,1,176.510000
0xc67979351231b9c400f462df1b99b1ca8cfb7581,1,1,115.490000
0xc67a75a5bf84a0d609ba668f7a54adab7cb86bbe,1,1,0.010000
0xc67e47f22f4611f0ca44f091ba7427d98d93497a,1,1,57.710000
0xc67e58053f2dcbdeaa31996f0aa6f656252039b9,1,1,0.100000
0xc681a6c6b468e3c0787e556e0449c15aafbe97fc,1,1,75.017515
0xc696eba0057c1424307e7eb2e347736dd01422d6,1,1,0.100000
0xc6a277184f5d212d0906fbc54318b4044d60d069,1,1,20.840000
0xc6d554b36ced43366628adc89e9172fe91444358,1,1,0.100000
0xc6dd6739c7536921ff4587eec08b67b6a325f542,1,1,0.010000
0xc6dd9f27ba2f9eab8cc88ff71bb7dc12bf2a8ff6,1,1,303.000000
0xc6eb459d9f9063bb806e317ab9d432ecd5156e92,1,1,13.500000
0xc70052bc2f7d849c3a25d7c0785f0af2f198512b,1,1,29.000000
0xc7035c5590f75bd99013a7544ecf519eed1f2891,1,1,0.100000
0xc704c808bab0b8db1f8bfb796458f4a484eba4c8,1,1,57.840000
0xc70f99204eec701b3f5f398a30c95ba0e8f6d5f4,1,1,1.000000
0xc7183d66ad162e25ec20d16a19ea360856a8b932,1,1,0.100000
0xc73988e127854b8d7108a7f7e8653ae1ab865e96,1,1,0.003000
0xc7490d0173c6c254e3c09f49e56be07faa7340e2,1,1,287.000000
0xc74a730995d7339e1405d1677b65ffe4abe41ef7,1,1,0.010000
0xc750a7d5dbf7fc246489a06716ede01d2592c298,1,1,0.050000
0xc75e745f4eb22c6cb2ac949f2ef4da8917b4636a,1,1,0.010000
0xc769f05c7bd653a4bf07fb3e3995354b6b74179d,1,1,0.010000
0xc771bec9eb78bfb7a9225ec2264227a48814da51,1,1,20.400000
0xc77845cff710cbc56e7246cc4a5bc91da28686df,1,1,22.980000
0xc78a9ea59ba77cf4f0cf7e452dc6dd1de0c79582,1,1,473.790000
0xc79abbaee9d5140b97cc783c063e1711113ee824,1,1,0.100000
0xc79b2d95ea0adbf61dd15bca1cf0f32e469343b7,1,1,20.400000
0xc7ba7bdbc81c034715454ec501e3206e44d09287,1,1,35.000000
0xc7d1f8389d7ee5dd9f9d0999ee0a587a1f0a3092,1,1,0.005000
0xc7def02f5e9ab090d259ab5eb047dd763dc31407,1,1,0.010000
0xc7f0e2324192a76c2a1026790c71423a3ca85f45,1,1,114.100000
0xc80b0e2aad85f0378465b4b954021a37ff1c40fd,1,1,5.640000
0xc815f4440bc1caab2cfc9e43120e808f66801006,1,1,10.470000
0xc81839b99b481306a7c8c6981382825af2ce70ab,1,1,0.010000
0xc81f80aa9c4fe06a0a69b9b09cfc2a9a59bb82e4,1,1,1026.700000
0xc835867dab8bedcd180e4c0165173a89f44e1787,1,1,70.000000
0xc8379856474a295b7c5613c554d562c0f4148233,1,1,1.000000
0xc83b60a5e1b75ebdfbac79d5339f557bca8ff53e,1,1,0.100000
0xc83bf41748783c0a466ee46f1f2ee4b8d6d3fa01,1,1,0.100000
0xc83d68cc60f874793c7edf3bb06027a2cd605569,1,1,0.100000
0xc840a6339cd0fa178e7a592095896f3a1443c72e,1,1,172.870000
0xc8439b2f00e406871f9810181543362d951d6f14,1,1,0.100000
0xc84455ee0a171e726d87c24d762f4ffd64e37ba3,1,1,0.100000
0xc846b059ec3a960f6edc1b169cde77a91c168ba7,1,1,1.860000
0xc852dc9b299d7a927278095eb74297c256a8afca,1,1,5.550000
0xc85339d5849798f40e7be90e899ba4edddc2a8fd,1,1,1.990000
0xc85ba2cd5fb25146c97c16434e5ea02d719fa900,1,1,83.120000
0xc8784f015d72d5e2ed6948bbaf86d0f7f37ad8c9,1,1,0.001000
0xc88c92e2e5823c32be0221e1530a60cc92465da2,1,1,0.005000
0xc897f9aa9a9c035e3a2e252b715ac0516ba4475a,1,1,0.100000
0xc8abc34f44c1e74fadc4782f603c1deb5fd5467a,1,1,0.100000
0xc8b30a0e37dda704344541d62158c17baedcc063,1,1,22.060000
0xc8b55f40199f5002b29d9a5b1521987a15ee6016,1,1,0.100000
0xc8b7f078bd9876bfd54d76329d983c7db4da91e9,1,1,0.100000
0xc8bdf9f3139ffdbafad6f7943a741746ab4b49fd,1,1,0.005000
0xc8ce5891c2d39123cbfbe96ad1c0b3dff5fc44ce,1,1,0.010000
0xc8cf70ebb2345856f8603398a7472d6b2529e93c,1,1,17.290000
0xc8de930b7778ab56bf68ad6c8f4b1d2488778be7,1,1,70.550000
0xc8e462d4fc1990a73fac50ff8083a25dd51aab72,1,1,286.960000
0xc8e5178a09f27d5577a4b6a2108af20d3d506f19,1,1,3.100000
0xc8f6b8ba0dc0f175b568b99440b0867f69a29265,1,1,0.990032
0xc90645574ab839b76828c87e497d9ca10c16211b,1,1,0.100000
0xc92ee82796064a852b2d88e12d8253286d16f397,1,1,9.730000
0xc92fcf51a420fd3395ac95e2ca8b0b424363fbad,1,1,0.100000
0xc93bd0915441a31ac8f24bc2321c40a005131c2c,1,1,126.940000
0xc93f84490fd4f0dbbb1899313d7facca7ce0e081,1,1,0.010000
0xc944d6a26baaa036b21b4fa85c0bd827cf3bec3a,1,1,24.140000
0xc950eb1b98f6eb9fb67f613f1930fb9cb6debcfa,1,1,0.100000
0xc958a69ea2bcf2a82852271a492c0de2d1b423a0,1,1,1.200000
0xc96a4cfc138be0af5c77300973d56dfd57aebeb5,1,1,10.860000
0xc96b7cc26ceb9e4def2e67820c7cd7fde276890a,1,1,0.100000
0xc96f20f6617f51e7707ad26fa590638f8b353901,1,1,6.390000
0xc988d68707d1b439ee581a9cb3986e5a13802f93,1,1,0.010000
0xc98e1f0ef8c501bc7c69d87c1f72afffcbecc284,1,1,0.100000
0xc997e3b4d8f4177c3300a32d479cd6501039e668,1,1,0.000020
0xc99bbda0defe32bed047156ab60f1469b82ce668,1,1,0.000150
0xc9aa3c60d76054176f155dfa45deb17cf22c3dd3,1,1,115.270950
0xc9b1135cd1bb6f4c117f914fde60c111699381cb,1,1,0.010000
0xc9b9da9009a70042eb9493cb7205b78256ef06fc,1,1,100.000000
0xc9bd7a8d6179eee7a8616a15402772fd1b132c6f,1,1,170.550000
0xc9c1d25c2f34767d663e15c07f3a5203e902aa83,1,1,0.003000
0xc9c3968a2feed0d31bc9c16ecf05fe2df14f0ac9,1,1,0.100000
0xc9e0999512cf8ebfe23811e9f84d482e174804e8,1,1,53.450000
0xc9fb8bd2a4e5238d2f2d92c2f5e5af8ce05b0c02,1,1,0.010000
0xca0899fcc8779dd038886d1d7eb345c0eaefdf6d,1,1,0.010000
0xca0b26016926f0e64bed30c8645cf8898863ea4d,1,1,5.390000
0xca10294adfc76141b57573c8f4a829975e579503,1,1,58.040000
0xca1f1191c079c689db4130069c42f25dc9cb85b7,1,1,240.000000
0xca2187144616570d871e899af9f9ea5a48db817b,1,1,0.000010
0xca36846976541bbeaf36c2a9abdbf6cdd56e9c06,1,1,23.760000
0xca39b2be6498aae6c1297120ec62e96eb91dd44e,1,1,0.100000
0xca51f7e719a93599971e79e11d32dc7d497f8c2d,1,1,0.100000
0xca5dcbbf3913b0c92457972f4a613e33e3e19e4c,1,1,227.530000
0xca66824dbee38ef3f7b5567eb1db436043863c49,1,1,581.150000
0xca6c564c16539360717c7494048175e920264d7e,1,1,0.010000
0xca76466c961d984d71aaebffa1703c3c57ea3ca2,1,1,0.010000
0xca7b514ec3e765dbe12a8d0fe8eefec7076cbaa5,1,1,18.000000
0xca84dcab57d96b4c9a0e471161527b6336348ccb,1,1,0.053545
0xca8fdc583d6018e11b3fb8911dc661d3294d9267,1,1,0.110000
0xca932cd31c1dac60e792542681eeec27ea7c520e,1,1,100.000000
0xca9433a637893bd486c63b67e96fbb580622933a,1,1,283.318715
0xca9e8d05c9284bdb3b40fdd813c7bcf6beaf6da4,1,1,568.620000
0xcaa019c5c24d19688111a4fd7ba0e06b498439a5,1,1,1020.000000
0xcab520e76dd60351e9606b4caa8d344c96ea008f,1,1,71.412872
0xcabbb92e7edebe10b21e8daaedb800a8cf2fb25c,1,1,113.740000
0xcac12bf2bf66565a8b3983cc6970a8899c9bd1d8,1,1,1.797827
0xcac4a867b313eb76fc2b2f83385409b90791cef3,1,1,0.010000
0xcaca8f5a62379911d4b281702edd1e4b1eb72f58,1,1,38.090000
0xcad9bf1626a5843353b056341905f6c9ed61c5ed,1,1,1500.000000
0xcae120bab55c69e61ce7293ea70b49e6263fd256,1,1,71.880000
0xcae8060e649bbfb0eb4024dc8f98faac2704d1f4,1,1,10.602000
0xcae9e885623e120b166bdee984a71ff82175f035,1,1,202.000000
0xcafd5971ae7ebe458f6d22f60ae229f6496e3adb,1,1,516.840000
0xcafe9425a7f564180fdeb15afce2f5bb578af5cd,1,1,0.010000
0xcb0a92ad5954e8c8e61a7c96cb5ca7a7931e1666,1,1,0.100000
0xcb168ab5ceba7d65a1c062e61beb5b1daad89512,1,1,0.100000
0xcb1afdeadc8c6ce72c1ee08a74be5fe7f216b840,1,1,50.000000
0xcb2055186137c8129606afdf8aaafa7f12505730,1,1,0.100000
0xcb2c378de6cb2f04cccee0e6b4aa91889f453617,1,1,0.010000
0xcb34ef69f47dd01b12622923bb8a68a23f1225f4,1,1,0.010000
0xcb4e2d0e3514d481da872941501b08bdab05b9e1,1,1,55.450000
0xcb56bf170cee3a4648c08a0ef83d1e11841e24e8,1,1,0.100000
0xcb56f49d341c8e7312555315476023cbca1a67f0,1,1,0.001000
0xcb58801f18ccf0b37680466d12240c2255c80731,1,1,353.010000
0xcb6aefb4415105908c1bbe5f3f2c04446747368e,1,1,157.789410
0xcb73bb2105cd5137eb2c1ae909575b6317211f75,1,1,22.240000
0xcb864f7c19fbadf1f9fcba23611666ab3c618e48,1,1,0.040000
0xcb9e8c09e61d51196e3ef1087a3cf18ea035f6ab,1,1,0.003000
0xcba9b57e02727ab2b5eda0ea9a3749862c9bd580,1,1,332.040000
0xcbb1894601c1e33d57e681fb80811e9d592d0236,1,1,1.560000
0xcbd5cfa5efe9c55e32059eb6aec24f6e3a914f16,1,1,0.100000
0xcbd6f85c2007bb54980f5b652d653ba10b0ed69e,1,1,0.100000
0xcbe02179539bdcf5403dd7d0c1949d9f2f88c9f2,1,1,0.010000
0xcbe63881ae362fe006e115c06298b3d7f96e5634,1,1,0.100000
0xcbe664a95988fcee192da748472a3d9b9f7ce95c,1,1,0.030000
0xcbf9e4be43a2837309dafce6c0898cbaa114f24d,1,1,0.010000
0xcbfa5841ea24aca122ff23b0bf03a6b67422ae1e,1,1,5.440000
0xcc04649a9649cb91e5ec10fd66a28891a60d6680,1,1,49.230000
0xcc223a4147c95ed07a8b8c62851ee5b0f2246fa5,1,1,65.990000
0xcc22a85617861a0b917fb61cf905f6a4e263148b,1,1,0.100000
0xcc22c6b818a953651cd9331af186dac95c3e4284,1,1,21.620000
0xcc4777bef05fc3509a9cc9aff84ece6d2cb8df33,1,1,0.000150
0xcc48a8dd64e638431810bfd849c6c272b2a5aad0,1,1,0.005000
0xcc507c0ce9a011cfd4cac40a350fc6220ac3de13,1,1,202.000000
0xcc56644a78cfbd511bc9041a14e50251b234d220,1,1,7.130000
0xcc5ae0f649615f3d6e6bfb2933be28b948b0f79a,1,1,0.100000
0xcc5f3efec33fc203bcfc90c7ce666061f03231fe,1,1,116.320000
0xcc642e1cc69e10eaf2175ffc229c919d7462f8c6,1,1,0.010000
0xcc66b0ed211b119c2494b62c19722e3f24493e75,1,1,0.005000
0xcc6bdd9e264efad25d80a42b87e5c9f99295ced8,1,1,26.950000
0xcc6d2a03f3ed0733e0d090a0f0973390cdaa5cfa,1,1,0.010000
0xcc6db4f10ad1e5d357ce7bfe55baa878e6a5408a,1,1,0.100000
0xcc8416fe82ebb872b3a9ea186b07b818a663ef36,1,1,45.180000
0xcc8774f274e9ddc226f3c477a8c27e1beb54c2b6,1,1,245.640000
0xcc878354e5c03f49e963a19782703ef6a71885b1,1,1,75.000000
0xcc90f2ca6c693d64a07ec5b5c7ae7b5651eec0a6,1,1,500.000000
0xcc912b2ec9874b4771af2fa7c488f429d9d09905,1,1,65.720000
0xcc94181db5c42b80e5f97eab46ce4f9535decd05,1,1,0.100000
0xcc9704dd33f7d412153e5bb6a13f5e5a973142d6,1,1,3.750000
0xccab575958149b6d3857a88631b96359d4cbe800,1,1,587.030000
0xccabf611e0749a23037235631ebc051b94584a5c,1,1,0.100000
0xccaf00f33f1c3bef82f86751aed9be3fc388d4a8,1,1,0.010000
0xccb2d43d493e74f0aeea02afcc2b7555738fcb9a,1,1,109.190000
0xccc0c1c06f05a719b0036bb2ca19b14a699498ca,1,1,0.000150
0xcce8356a05639852cefe9c981dc167f06df5654c,1,1,0.050000
0xccf1414cd2a77141a77830bd46bc6a7e2031a01a,1,1,0.100000
0xccfdf8a9cbe048d0750a490a61eafd2b35e654df,1,1,0.010000
0xccff97948a6be3f9dce672649513a1d2998bac51,1,1,0.010000
0xcd047ebe9acab36a8e0e9c79cf8d69e2ac8a8124,1,1,0.100000
0xcd136d0aa62598bf5f74fe9e1876ed5a085755c4,1,1,0.100000
0xcd2ca85af740ba5d5cb64795a5f46721fd0bf6d5,1,1,510.090000
0xcd31846fea98ee91eae3b0804f06f6a067b5b541,1,1,0.010000
0xcd361720a3a5dec1dec673bb250e977bced85e95,1,1,11.540000
0xcd38008fb7716e72d9f7fa586d90809ed6301a9e,1,1,0.100000
0xcd3b623c2baa9477ea882d77a3b98d8d5dfefcf8,1,1,0.100000
0xcd3f223da164045b07b2a6221011d9ecd5c3f3ef,1,1,23.530000
0xcd429ff35ccf7635a02d794cf559e5df2b87c575,1,1,0.001000
0xcd484740e3244624c56f3c27fca1a7b97daa8b6e,1,1,29.000000
0xcd4a56adeaa26bcdcb1f8a262cc9688b07b25f75,1,1,115.260000
0xcd5b8926d8cedc62b1ccd3fa2f6dd53e7a4aac0e,1,1,153.780000
0xcd664fe4bbc087968de73246054611d6fff0956f,1,1,355.930000
0xcd724a9f37d0e91d0cb32eb164076b34da32c4eb,1,1,13.480000
0xcd82954f15c7143800e327749119b8ee84fcc680,1,1,0.100000
0xcd886eb98205679a2b473b55ac1ec2cf4b82b0b5,1,1,0.100000
0xcd8e4f67c04a57d2e1250b9bb206e19176e816ca,1,1,0.010000
0xcd9eedc09258c0f1b829d1953ab18fd914f5a1fb,1,1,0.100000
0xcdac0d6c6c59727a65f871236188350531885c43,1,1,4.503638
0xcdafa08690c9a3b20a1ca324c9433a0e6abd1613,1,1,209.110000
0xcdbea407424fd97d596abb25360fbaab1464860d,1,1,60.580000
0xcdcf68b282f31c58fc7fa9baab4440dc5f294dbb,1,1,10.100000
0xcdd6d7d869a4852b87044a2884d38ff7952641bf,1,1,6.060000
0xcdd72e724d8173ca0d31e9e415172eec0a9a6266,1,1,4.990000
0xcddfcdd97d35bbd17e9af079c4f22485784e3a5f,1,1,22.080000
0xcded7f447b02b88a5f4847238b8c1c2285f36fa1,1,1,0.005000
0xcdf1f3def5bbc763bf3402a0c1dbfe32e57403ef,1,1,0.100000
0xcdf7959d8425b8b9b16beceb8da9e77ee15ba991,1,1,49.978509
0xcdfc7a23e27793c9c44335835ac41dfff6f4045e,1,1,0.100000
0xce0016f1c4807a834505b8e21caf94e83e8e2ab2,1,1,28.490000
0xce17f91e42186c655581dbd3ae32983b04a4a6fe,1,1,0.200000
0xce2311f14caf031bb3153e101b6af01602b176c1,1,1,16.000000
0xce2b63c59597a2518265cf72cc12b603ad20c7a4,1,1,0.005000
0xce2bfbe8b10d0814a345210e99605aef13e5c53a,1,1,202.030000
0xce311875a1e29c825c07a48811e6cc7891256e72,1,1,0.050000
0xce43b9fe2ef616cb19093fde7c6616146230c7af,1,1,0.000072
0xce4b2094bcbe31f011cdbbd00fe9d749221a1b37,1,1,6.690000
0xce5334c9aa3d18a3d9558e84ec3dab117d85759d,1,1,0.001000
0xce5dc68cac6a91d66a20020fc3935987bcfb7a4b,1,1,174.160000
0xce76b35c63a059e19afd51739e0ac23a00a8ddc5,1,1,0.010000
0xce7bb987a7601ca37b4e517d4ce6fabcf8806858,1,1,0.010000
0xce87eb0e50c004543f824e8123f1b8a5bf683411,1,1,0.005000
0xce8b06edea8eb01a4a43b841b497817f59c9a1c4,1,1,1.850000
0xce9c9b6a0055deb61837519041e8c05c8d5e9d1b,1,1,0.100000
0xcea122d1b53454cfc89789299f100904631c4394,1,1,0.010000
0xceb4db1b5c0f602d1a4ed48f014c43c66ff2efcf,1,1,0.010000
0xceb7338ec44fbb000b7ad541bb33098e0738f16c,1,1,0.010000
0xceba766da822cfc84dcd0fb9ce5c94e07630a310,1,1,0.050000
0xcec3557ecf9bc75693ea66e0e1df88e2a9541f04,1,1,0.010000
0xcedf207a0f8cd30ba422596c4a68749462db6893,1,1,0.010000
0xcee2f9edb36223293143bf77d61b5708eec57ae4,1,1,0.010000
0xceeaf13ddaf3766fe2ebae7873ca58efb6def8b1,1,1,0.010000
0xcef6e6639e0c60d5c0805670f4363a6698081fab,1,1,1.288853
0xcf00f2c89c3f86092f3b5d836dabe081c6c434ac,1,1,21.220000
0xcf11acbadb84c4f9b20b11d7a3fd9e2a70f97eb0,1,1,6.640000
0xcf1e68bc1c278a448af0cf65b62449f3b1524a26,1,1,0.560000
0xcf3407dac7423ceaf94b24199b93ee509a919bee,1,1,101.000000
0xcf5a6b2cc4f9311b67049a0fdf620577ca91732d,1,1,0.100000
0xcf675b80b1db4963e751db6085a6cc4d27f88994,1,1,57.920000
0xcf6c8c1ed15ff474f849bc8506413a874b824f44,1,1,0.010000
0xcf72499deab4ccfa3697b943f19e18f8d1b40bdd,1,1,0.100000
0xcf800736776209362144257d57cb040cfcfe873f,1,1,108.180000
0xcf8744e4126f36722783dbb2672c8ec463ac0d3f,1,1,21.610000
0xcf9b2e847b92d2dfd5be0cc8042f74f0084e4864,1,1,21.630000
0xcf9eb1d66d9e28144560010fb5d7f73aa100c826,1,1,0.003000
0xcfb71707f9513d8ba49e1ca55ca30aa0f6343e8d,1,1,0.100000
0xcfb934b0f302bd99a398338e529d86d307e86dd6,1,1,0.100000
0xcfbadcbb75953593a167888c804b01f5141c51bf,1,1,0.005000
0xcfea68d2842edd164133b9a68555673fead4223f,1,1,0.100000
0xcfeae653cb780f7806232a148912a3d15f7145cc,1,1,355.130000
0xd0021daf6ea1fd76280b475ff935c254fb8a63ba,1,1,115.550000
0xd005094784f0569b3d3f836f0bf998685543be5c,1,1,198.150000
0xd00720ffec8ea0c12e2e9c747af6d9ff3ce93007,1,1,28.000000
0xd007d2eda8f1011c156e2319c632ebaa588477b0,1,1,510.000000
0xd01269851c4a7cb42ba9f3a5e558367061b8efbc,1,1,0.100000
0xd01d3f69ecfa808d5e36b2b252119905d34e1238,1,1,0.100000
0xd021e7e24b797a09d8e5eb6a076b7e2cbad12008,1,1,0.650000
0xd021e9287717d5874d6abc93f379c8006c330461,1,1,289.080000
0xd0263ef841296da3f729fde7d685001963ac8cd0,1,1,76.100000
0xd039e12c72a747c93b75c7c205bebc8715cbf423,1,1,9.629000
0xd03cebe2203dd6624328a4a5a315e9b10767c992,1,1,0.010000
0xd044003eb909f15268b0dbb91ecdb33791eac20e,1,1,0.100000
0xd0459d5250b86b8b671980b9c61c5eeb7859b6fb,1,1,0.010000
0xd0462de7cb8d9a7ff7c9fc27efa5157883d54cee,1,1,0.010000
0xd046e7b91d19b2e80920b10411e856567fe5d111,1,1,0.100000
0xd0530aea5cd084b6faa047a161e9785d010df272,1,1,21.900000
0xd070c61799fe9425d56aadcee18aa076235f59a0,1,1,22.460000
0xd072a2745ecd5a785b8d6c49ea1678d93f172d71,1,1,23.070000
0xd082a9d07826ae0ea6ce09e65d299973b532d064,1,1,0.100000
0xd087607776d64fafa6f3058536434319c51978bd,1,1,0.010000
0xd08af8a092f23ff6c68705c4a0464cafe3d2aded,1,1,0.000030
0xd09f32a9a9a8695d84aa3e054efb44bdade2a3ce,1,1,0.010000
0xd0b27051fc72d865a985b377860b9adc356dd117,1,1,200.000000
0xd0b695fe7c22a94a3834fc51e091b8ba24b67e47,1,1,0.100000
0xd0bed6a4629376101b00e9b376f7a5b36a077a9a,1,1,0.010000
0xd0c708456a8ff8cf0435f40f2eabc1cb9b1864f0,1,1,0.010000
0xd0e460e48a9bfe00410a557c8c000713390ffa40,1,1,0.005000
0xd0e710dd371bc6a0eb06f7c6e407ad0662a27dd3,1,1,117.660000
0xd0e9d4c1a3a0a2e16538ce27572e64ef7b0617ec,1,1,55.160000
0xd0f290870da0d7607ee21281e2d9ef21b44168e0,1,1,15.540000
0xd0f634e1638eaab7046ed5730f5b0ec5811fcd29,1,1,250.000000
0xd0f79ad538a7fcc2d32c818c27e901d8a388df24,1,1,0.100000
0xd0fe6ccd84ae2eed1dc5a8b81052103a61f1cabe,1,1,40.000000
0xd10e992efc400efc261beb9f18c5232eb06e071c,1,1,0.010000
0xd12a9000de9e93502309715a2ab0c82a4b0577c6,1,1,0.010000
0xd12bc57f3ec75c2af12b062701c4511dde9e0e0e,1,1,295.406131
0xd1345c090f20ce927c6465d733bfc7f5256aaff3,1,1,5.550000
0xd135e5b4f9ff3138804f1e63f22051752ec5d258,1,1,200.000000
0xd1530600b58b62fd1ab110f6cfc4ccc9d7c0e29c,1,1,0.003000
0xd15f10e0e905089006e16d98f5ab3134eb8e9a45,1,1,0.005000
0xd1635d05e52365fc8d9c1325eae4b3c408815c6c,1,1,89.010000
0xd16716edff95a63f2ad4fac4c332691729a95e07,1,1,0.100000
0xd1694cb66a365a916cf46b5f7fc79261025f6e3f,1,1,0.100000
0xd1698463e8e77bd9a3c7c4563dfb2b6c439ef4c4,1,1,0.100000
0xd191f3a334675bbbefa58b99f87f4cc1e87f821d,1,1,57.960000
0xd1aedaedf6bce023728713afcfe214368b3fc94b,1,1,739.450000
0xd1b3e031daf5da5c6b391621857836543cc14ff1,1,1,0.100000
0xd1bb84a8aabb9d0cb64d6f78477634c1b33d1064,1,1,53.450000
0xd1bbefc48dcb3ef476d68593eb36c1e239829657,1,1,10.900000
0xd1c59c1fa92dd75971775a2fe62f6ff1b098aa0f,1,1,219.840000
0xd1e40f884381eaeae87d1d287abeacda65d033b5,1,1,0.010000
0xd1e55cd52d9316be0cf8968c293ed4930e14c63c,1,1,0.100000
0xd1e6b5ef74eec27b0af64447a4cc49550a01b901,1,1,0.010000
0xd1eafb2b90770fa23b76b12b4d8d7d6ac579680f,1,1,0.010000
0xd1fedb414de2acb710db1178ed5aea8eeefdbdd8,1,1,2.011860
0xd20137b304e62f7b2ae27144de64e36fa57fbf9a,1,1,15.000000
0xd23a44f270d17225c2a735ae73848b68ceb364ad,1,1,115.779318
0xd23e88a6eceec4b2ece6059058590fde588c8b78,1,1,181.680000
0xd244e137111ad9c616458cfc5467a4bc252828a6,1,1,4.000387
0xd250910719f36967b02722714bcb5add83b0ac4f,1,1,0.010000
0xd2570d45f5c894d503cc5f9ecc9bab96cc53c3c1,1,1,0.100000
0xd276d05bc6a065cb968d07eb6c92d067a64f48b3,1,1,786.200000
0xd27ef6f1fdf4ba2e2992ea4e3c587f4af3387a5d,1,1,5.540000
0xd29271f26de1d2d15c241004325c8557be2445e2,1,1,0.010000
0xd293df1bcc9dacb9b298e55da89ba6ce32761ec0,1,1,0.010000
0xd2a050b7ab3ec3e4da317a899de2b65abad31580,1,1,115.630000
0xd2adb6f89725abed149be0dba0880127e437c833,1,1,510.000000
0xd2ba013679dba62b3c6e612a92e400ab2efcf557,1,1,10.900000
0xd2c3ab5908513ff5c78e933f7d7372d302f89700,1,1,0.560000
0xd2c94b8c2e47ffe90eeee579ed81bf426447894c,1,1,0.020000
0xd2d4f1867091a0d13d5de648a3b7933c9b5f111a,1,1,6.000000
0xd2d69763bb7fd0ec3de7d3267674ea3e2c86f294,1,1,57.540000
0xd2db7d7fd720addec9e2aec4d96e17cb56ed5a87,1,1,0.590000
0xd2e9e82d71041b16a1326b87baa4c7b0b1434c0e,1,1,1.500000
0xd2fa2a5001ef6ec3a03af7f5c1bad73b3b2684d3,1,1,100.000000
0xd3024d883647af3eaa86534cd647204aeffd3688,1,1,0.010000
0xd30a94462b595eb33c3dd5fcd46d832b575ad815,1,1,204.027857
0xd318d91756577a8befabf020b73432d78ff495d0,1,1,57.730000
0xd31e1ceaf1f1402390242dba8b89536356927a04,1,1,115.370000
0xd320db98b27793100f4b0e25c4e1d63e53b84e05,1,1,56.860000
0xd32a09fc51a4313474b9cffdb4204cace69da850,1,1,22.992840
0xd3328f065922aa6493521c6014abadda0ce2272a,1,1,0.100000
0xd334e9a5864635d019a99633b4d0845b6b594e24,1,1,0.100000
0xd353d69cb67df8ef5857ae36acaaf5af5e53b222,1,1,100.015286
0xd360eca60f9cbaf83de02299163fb33becfd1949,1,1,45.010000
0xd36fa111453d5bd8df179e3f6ab05e3d310d7656,1,1,0.003000
0xd37423ba9dd76c23fe3c485238cb2a2cd58b997c,1,1,0.100000
0xd386a9d3eba4222bef91fa1db6f37ccf4f2be96e,1,1,510.000000
0xd389187931a39253451dd02318f2024826fbe673,1,1,22.110000
0xd38f1684d53ffe852f67980546c08e0259795927,1,1,235.610000
0xd394bb2dbdf6d898b3810664968202f41e2f8b5c,1,1,0.043662
0xd399cdf7a0ddd5bb2e5b6dabd20b755dd109c448,1,1,0.100000
0xd39d4d784cb116131d30d942c2afa82d4fc719c7,1,1,0.100000
0xd39e9d46c5dcfa01598356fc5eee569690c529fc,1,1,5.660000
0xd3a217df87dae415319b6759636ef16f1a87d28b,1,1,10.950000
0xd3b82ab315cf4c3581675fe44fdcf50b3aa674ce,1,1,0.010000
0xd3bb42843592ffb34012cf5cd31d116dea2dbaec,1,1,29.110000
0xd3c038c04e8c703d40d92d76a2401d7e47287d46,1,1,52.010000
0xd3d5f82dcab633fdb685b0dc79ce8a88716ee975,1,1,0.010000
0xd3dfde43054c5bec286855984abe0bc23d85c5b2,1,1,26.980000
0xd3e23b718e795bcbfb33d683f88b8e58c28fa209,1,1,0.010000
0xd3f399f1ed006bfdd81ee042772bc79f396aedc0,1,1,4.950000
0xd3f7465180f0454f473d8bb57f2b58246ebd439d,1,1,0.003000
0xd3fd3014ba3aa7c4a269821b39dc406161286272,1,1,0.010000
0xd405fdf5863f1bbcb460f62b483d84bc11f96682,1,1,0.010000
0xd4234ca677c5f090d8ec8b273650e922b9f46dad,1,1,0.100000
0xd4336d41d11264f4d45c9633d0238f2cf6b1e843,1,1,107.630000
0xd436005b99f18b9012e544a988d62b091e815c39,1,1,0.005000
0xd447b88004c7a548ee08296da059c9157955be0f,1,1,0.100000
0xd4542f2991cd0b35532340ebad073077f553ffa7,1,1,0.010000
0xd4543fcf525a7a21b196251d9b875cbc3f138927,1,1,0.100000
0xd46e4efccc3b7c4199ace333cc7f67817166ba4d,1,1,0.010000
0xd476bb04043f46851fde3a39f730e53926e70f03,1,1,231.960000
0xd490dae161bbfefd398b98992372061ecea48286,1,1,60.000000
0xd498bf978fc0c851102365896fa418a5e7782e23,1,1,0.050000
0xd4995e21c8fd3ec6a83a0a5b5dbde28220803d2f,1,1,0.010000
0xd49cec5e6e2eb0fc5d0e987c65fd020dff5cc513,1,1,0.010000
0xd4b6688f37e5abf14a6e92d6f6d5b27f2d9caefe,1,1,0.100000
0xd4c55c36dfd162d5c5da85c0427339df2dd27df7,1,1,0.010000
0xd4cc406606129cb5f4649a21bfb2b5324a40d195,1,1,0.100000
0xd4ccd6618ca510dd76a50ec4de5d5525d5483dda,1,1,0.100000
0xd4ce98f5e68bfe33fc8ac2a295ad285b6d2384b3,1,1,116.520000
0xd4cfb39fa3a845fc0957a7e87c760224758bdd7a,1,1,23.290000
0xd4d1c91c67f2569fde2ad114b637a685279bd835,1,1,0.000150
0xd4d67ccdad8e32ae44c023db670988e8e9bfadc6,1,1,25.000000
0xd4f2ddec512efbaf5dd3dc671f7fdc07e604fe7a,1,1,135.250000
0xd4f77bbec3d32ed9e31e8a9304b8af9f2ee47cfd,1,1,0.010000
0xd5017892d4b7b2475d859d4cfbafd17606914c18,1,1,26.630000
0xd5030542cfb6462133bc8586b44a6373ab7cfbb5,1,1,0.000010
0xd503e928fade8b567b0f20b2e33650ae1fe8ec37,1,1,1.000000
0xd503ed78b37d24051fa74037122d9a9ecf26fbb5,1,1,0.100000
0xd505b382e9beb3cdf34361982d29e5e817c829af,1,1,0.000150
0xd50929c93b1f4d87baa89f1a1e6e65c2318fc968,1,1,23.580000
0xd50bc0708273b2e790f026c249cb795962763205,1,1,235.920000
0xd50d5ee8af52abba8d5a2e30c2053ffbf0d529af,1,1,0.000023
0xd511e7d0def58484bfca6670ce4b05c3abb11f30,1,1,0.100000
0xd521b4891ad1e62813cd402ab4ae83c6558c3729,1,1,0.100000
0xd528b9c2cbc42da607885a6d15053516d5352aaf,1,1,0.100000
0xd53ad61141d29fa8444422e803a879bc6436bfbb,1,1,420.000000
0xd541563f8913236957d29b770a5a208c44de158d,1,1,32.720000
0xd549927763a1e3ab42918e215e7f0773f92e71d0,1,1,298.360000
0xd54f797da6dc2482de3ef40a81f411dd3224ceeb,1,1,55.814164
0xd55434d249b2ea200b6069f3849356d4fed2b764,1,1,0.000001
0xd554e49226fa4146478148b2220722cf620fb764,1,1,0.000001
0xd556c4123f148224929a1c9b27bbb11bcfcd8368,1,1,0.100000
0xd5572da1a33f23dd1a74ad626df3e043c9317230,1,1,0.810000
0xd562f26e7c14663e5dc8db27f9795f1989b1b10c,1,1,9.293922
0xd568d57d710e35f8c8833ebb87070c4234ef63b9,1,1,55.710000
0xd568e5c587c9ee8b38ced5744c68d0ce24468de7,1,1,0.100000
0xd56907d49b43799866010b5b0c79f776e5d6e2d5,1,1,102.010000
0xd56bc5a93e935ba6e68b99a3e4d4e5426459633f,1,1,0.100000
0xd57693af1726c6bd1fe5113e3ee5caa4fd59a278,1,1,0.100000
0xd57bd291f371729e552ade0f928bcfd8d96d8b32,1,1,2312.000000
0xd58b0671163782099369d418d8b4c2ba58029883,1,1,50.000000
0xd59378b6bbcf205dbbebc8b4fe48216c3de03bf5,1,1,0.100000
0xd5a5eca05e712c39a3f8373e214d04d7914119ce,1,1,0.001000
0xd5a93336fe55ada4788dfa2cadc4c421c48a8869,1,1,0.100000
0xd5ac14061065aeec3f4337d7145ac40fae420efa,1,1,0.100000
0xd5b65c71b45e446ba355e81893716a088813f3a7,1,1,0.100000
0xd5b69117e29689f531e533163f8bf6b3c6ecaf81,1,1,0.100000
0xd5cd6707faae341eb6f07f4d74d5c799b9edd467,1,1,0.100000
0xd5cf4b5c87b042deb8f8bf462b4fd1c44d5eac26,1,1,0.010000
0xd5ddb14a8848ec9480ec3e36651bcbe184773741,1,1,0.010000
0xd5f27099e6e07af3cbfd81b4182f170cdbd46b6a,1,1,0.100000
0xd5f9412bb42772196b25e64b59dc1e3fe348e884,1,1,0.003000
0xd605b974117fb59ad3159cba16df7d57e5b3fe5f,1,1,0.010000
0xd60ccd885d835add59923ef31681f35337c802b8,1,1,26.730000
0xd63390409dd5eb9a5cce681df4d18575228e5f58,1,1,799.740000
0xd650f578b6ad6502b760d4864523231b1cb8437a,1,1,22.100000
0xd65a8553349b5d96c22ecd605a2484887ac61519,1,1,0.100000
0xd66dd498afe8d77e68d03416404bf9c4cc3078a9,1,1,0.010000
0xd67226ce9dde92b1314be538435a3bb000ebfcbb,1,1,83.680000
0xd6745a82ad2a02cd368a04fed87252a9b552f6f2,1,1,20.410000
0xd6769e561b85a4592cef31b827d6e4a7c8f3eaad,1,1,0.100000
0xd67b53858a72f454b3fa52d5e99fb01fd35e931f,1,1,54.480000
0xd691df8755ee516acf1b6993c87ccfbc4a3f3418,1,1,59.950983
0xd6a6910c2296341c2906681112bf8fa3c58c39ad,1,1,0.010000
0xd6b283ed3183f142c6656d70818b19c299e043b5,1,1,276.280000
0xd6c9813dc468c84ac533d792c22a229ac596bc87,1,1,363.380000
0xd6c9bddde006706da48c4ac3d6d340710783649b,1,1,0.010000
0xd6d2ca1ad528387ec178e4dab2a3593eef9ec468,1,1,2.840000
0xd6dce0bd2c593ba026c8d1a7198c4d5797d8f06b,1,1,5.460000
0xd6f3c95142a8a2a2f63012b7e1e001067448678a,1,1,0.100000
0xd6fcef38daeaece0eea68049b48db602b2520180,1,1,13.300000
0xd6feaa98f78611b98e7c5205f49c90f87a4fef59,1,1,0.100000
0xd704d47bd46e3b18a983aa2c0c532b181c10916e,1,1,0.100000
0xd70bb9463d0cc38512b821915823ce9a539eb45c,1,1,0.100000
0xd70e23a3dd2cc9b5d82274f847bc1ba8dd63198a,1,1,7.910000
0xd70fb076c095326f34928d73545fb3ef0af6b34b,1,1,0.100000
0xd72b16fe46b893b85b00653bcb0a15b5473530e4,1,1,0.003000
0xd7388e81a6551185b5c268ad977fe7b66d50b15e,1,1,0.010000
0xd73f40e527e3d53474c10b153a42482bb01d9699,1,1,349.190000
0xd73f52ddbd9be23ef781aaa8b1a6a46da8c1a315,1,1,100.000000
0xd7446f556badcae4f73c3d65a2b7f7b314b1531f,1,1,0.010000
0xd75afbaea1146ef2e4d7dc57bad1f28b68239b51,1,1,0.900000
0xd762a2501ade3f260b2c56b729334c66c1586f03,1,1,11.300000
0xd76e070659cbd41b7238eb6c3199775e561f7d02,1,1,0.003000
0xd76ff095376694aa739757b3086a462005de8a3e,1,1,57.760000
0xd772592d04f4860ade8ce0372be8eeaf9077751e,1,1,2.400000
0xd7762902cf9c701aecde51ca3a2406445e9ecd88,1,1,0.010000
0xd7870399cffe4754b301cb96e0434c94c8eed57a,1,1,113.850000
0xd79bd163ae45684ce5bd42510a0604e9d0c6d404,1,1,0.100000
0xd79df8c93598c0b8020faed128f73a801830a6cb,1,1,42.670000
0xd7a21dd313ffae73380d111a3391330f4dc3c50c,1,1,28.440000
0xd7aec7b0abc5f4eaec9e362d35cbe2ee4b660762,1,1,0.100000
0xd7b94065747ff927b90b27bb334a2ed0ee2c39af,1,1,0.100000
0xd7ca4b6b48eb9f5967a9647338c1e089fbc6d1c1,1,1,6.360000
0xd7dc837894be47d29290a18cf27db814ab6cb6bb,1,1,5.640000
0xd7e2e432e579120a9bc3204878485dd649b1397f,1,1,287.740000
0xd7e37e48014c353d75c62ae396872dd6391d1c8a,1,1,0.003000
0xd7efa9da284185dd78e23b2dce7ee0bf23f30bd8,1,1,200.000000
0xd7f2156670b02d39edf4b190725ffa89f7b63f38,1,1,0.100000
0xd801722724eb5766b85c28f468cf7128ca1c43ec,1,1,0.200000
0xd81c1353b9ac35692f1745c58fcfdbb291f5b624,1,1,0.015000
0xd822ee8f5ed1172f5aa82037618d5e64119121f2,1,1,0.005000
0xd8260dd69b58dbaf39cc9cc53d2a82a2786ac3ed,1,1,0.010000
0xd835c299089e1bb777643d70c02324f5ddd54bc0,1,1,200.000000
0xd8542e3db5dc76468a6164dcbda927a602b36f1c,1,1,0.005000
0xd85e1b5c6d41ebcc55120eba1fd9d24881a9549b,1,1,266.380000
0xd871c68a9db286ee500cbc5cd4401564454fdab8,1,1,0.003011
0xd895f9c680e75b5e96d4709aa2238f73ee60e646,1,1,0.010000
0xd8b39e768b892d7f109272c0de902239ce2b8589,1,1,0.100000
0xd8b6cd044f8d79a265b576c3ecff7d308a5b7347,1,1,70.140000
0xd8bc2bb51757ac4425c7291e49f8a3f2416e4f3c,1,1,115.600000
0xd8bf674fdad4db5a2a75127c4d9c491ce5b121da,1,1,100.000000
0xd8d3e19a624f9cf08da06dfd21b2b024eeb8b63c,1,1,0.000030
0xd8d8c9c11235388181fcc53f55832ebca522b794,1,1,0.100000
0xd8dd7b3da9fea1fc2e66091a578dfb18ba20b63c,1,1,0.000150
0xd8f5617c095c070020f8ee8b969087e4db620de2,1,1,0.100000
0xd90363e105cd4c76acadaaacaf54dde9b4317a0d,1,1,137.970000
0xd919a0b6ceaf006ffc967e0fcba939a8bb3fb795,1,1,0.100000
0xd91a2184b4aaea738da8e8c4bb9019d895de8857,1,1,0.003000
0xd9338686b605d3f0a2a99a43710071fa0d8402f5,1,1,110.740000
0xd94417250bacebeb60ac219a02dd70c8d6e2bddb,1,1,0.100000
0xd94b903fa4a34ebd3c5635cf5881d29c7d22cd40,1,1,0.010000
0xd95325861106783e8f558e909e491797fb02410c,1,1,0.100000
0xd9581c579a2eb35fb1bfe7a5a0efc3b690a3f078,1,1,141.960000
0xd95ca7fd5c2c25d1a240b2859c21166c9d1b64ab,1,1,48.000000
0xd963e65ec242dbde3192755a7482f45a867af22b,1,1,72.520000
0xd9667ebaf7c34b79aaf0bfafa1ce852e8721ceca,1,1,0.100000
0xd96d5f0c27dd564cebc5774a8ba94224061c8fc0,1,1,0.100000
0xd97ffae57cbe8058061b9eb3c32e4f3b66a37d4e,1,1,0.020000
0xd995278195d949ee0b28695c91c6a6bc24fc4158,1,1,53.840000
0xd99a79b34c766a29a206babacbe84e5937007fcf,1,1,0.100000
0xd99c5cc6ec67e99db623ec573e545e78107b45f9,1,1,0.010000
0xd9a937001c8685a903bced57bc80b2ea4a40f6a7,1,1,202.049000
0xd9aa9b0b20f92b65dc5b027a125dd453c6ebea75,1,1,61.928111
0xd9aea6266ed9f06b01743ae7edc87694c1b376ac,1,1,0.055000
0xd9b930b6c022f9a1c03ee2e2fe55f99d8c546fb1,1,1,0.010000
0xd9c0599bfc1cc63448882f3ea7ae24dd0a54e5ee,1,1,50.500000
0xd9d13a6f7937066d542dab62b0937f3f98ee50c1,1,1,0.100000
0xd9e9e8168ad8ba436782f61d1a84d5229bfa6e8e,1,1,0.100000
0xd9f73ec1687b6b55caf7b075ac6f58381980d60b,1,1,0.010000
0xd9fd46e0a0c86616a683e19b04b6397def26d09e,1,1,0.100000
0xda02cbc54cdf65b9210cbc84de8c810cdf8ecb42,1,1,30.600000
0xda0cf1706bfd2773f53570d551b0c50eb259b1f2,1,1,0.010000
0xda21a04138e65c5ee7df46aca10510b00d503b65,1,1,55.570000
0xda2ea8bc7cd339ca0477fcbba46e986faebf2768,1,1,25.500000
0xda333aa75569b3b6c86cbcfccb4728c4b46cfdbe,1,1,0.100000
0xda4212b9187c7771619efb3217bf0364c45be6ff,1,1,2.730000
0xda46c0cc34ec4e9310bc1bfae9a4ec7f9611b515,1,1,20.400000
0xda4ba33338e5b64b9b9b8c3da9ab521a58cbe1ab,1,1,0.010000
0xda50b433f4fa84a58e0005230830b7739bd9168a,1,1,15.000000
0xda514a9f8554410fbdc18a5bc994a3ca5f0e2301,1,1,22.450000
0xda5338ad88f4ec449bc15b3216717f47cbaf6d3a,1,1,4.010000
0xda549a178eb47edab10ade8a4002b453df2511ef,1,1,116.020000
0xda5f2a0f665d1f642e59fc04063a9aace3c587f5,1,1,13.740000
0xda5f9283d819f00ae73d03d0efa6479af245afe3,1,1,50.100000
0xda649971cdf2602424b9a4b6dbed295fcb34ca12,1,1,0.100000
0xda6be7e05037979fd8984bc4a172cb80b5e13d63,1,1,0.005000
0xda76a0f93dfbb91f2361364db0592bcbcb6e417d,1,1,6.220000
0xda7f64d10bd7dfa90f7d94ec9d05208395554266,1,1,45.880000
0xda96fbb0c6de26984eb0a30555c92753ba8175cb,1,1,0.100000
0xda9e9fbe9874c6a7c59b9579bb26ac0aba699b5f,1,1,1030.420000
0xdaa8705dc1d934286ff9fd247cc20558338d09d8,1,1,0.010000
0xdaa9d9ea01ca21cf93a3f134740c6598763ec93a,1,1,0.010000
0xdab75ce2cd4999e5095b8f7a9e6cee7f5fe36cc8,1,1,200.000000
0xdac27c08517b906b8cc71bb79b959e78da8ee3b3,1,1,4.010000
0xdac51644c6909857eea632e8e174db2b5b12dc44,1,1,500.000000
0xdad8ce43018d4cabb649c315edb67338892605a1,1,1,0.100000
0xdadd6169d81919290b0893826c449f0bf268e672,1,1,25.000000
0xdade24adb575ff1aadba1233b583406d6ecf327f,1,1,491.680000
0xdaf6cb6d915b19e02e45938a39b068b9fd9c59d5,1,1,300.000000
0xdaff381c9d75a7ebf809e8dd0888b51ff0edc12f,1,1,9.000000
0xdb0f20eed31b6f8886df3afb646f5252f5621d9c,1,1,400.000000
0xdb22907217fb3b82bb2ae4af385dd248c6982cb2,1,1,1.090000
0xdb3a4a08b8d97f55a6f4a87bdc23faf679dda701,1,1,0.010000
0xdb3d0c2419ef15a970aee895c6d9dbec6c6ab1e5,1,1,0.010000
0xdb3f213e317ab5efa8daa12a8f68fa33737d0e5b,1,1,106.754960
0xdb42980760bf2801cec0a78afcb4d82fcc67903f,1,1,57.250000
0xdb455f628de1a47dcc228da4314f03edee18c170,1,1,1.090000
0xdb47774aed92bd5dce5fcd15e59505e27784def4,1,1,404.960000
0xdb5b143c0f48014e0786a3cd0464c1b3d300b816,1,1,287.710000
0xdb5ce0d91e54a72285228cfbec33d8ebd372eea3,1,1,1.850000
0xdb60f619c639a61a035919b7f57318a263bc3fc1,1,1,120.000089
0xdb61321fd0c75c5ce90f1fe8d440db957dda0a2a,1,1,1.800000
0xdb84e37757e2542fe81c3af916add1f05b5026cc,1,1,70.000000
0xdb8fa975ed44899ab27cd925844d4d043aff0102,1,1,0.100000
0xdb947b1a6ff04e453e4c8b2aa83acdd0b682f288,1,1,0.000010
0xdb9e26e8e36371ffe33f975fbf5208f929bbf288,1,1,0.000150
0xdba99bc472ed045d6facc3c29be97c66c15dfe87,1,1,0.005000
0xdbae58e575b9f0ed24efd1292b5b2d33dcd1ff9f,1,1,0.100000
0xdbb0708a4792c6a0bcc6243a7c1633779dcb1894,1,1,99.990000
0xdbbe6b0bbd47e6c88db012f4f01d4b64e7b0fe35,1,1,0.005000
0xdbc5bf5d27a5ec7193beb545d2742f8f37c60c64,1,1,0.100000
0xdbcb43234af615b6509eec1ceefde478ba353dd5,1,1,101.180000
0xdbd40dda1bb70af16a8685af7f578d6e1cd7039c,1,1,0.100000
0xdc068029d8650aa9c1682f9dcffc40e18e7a19af,1,1,20.410000
0xdc07924a796a9e0dd67d5baf093911421f9da97a,1,1,0.100000
0xdc0b10f697fdf29bebe17d7dbc7cce834953818d,1,1,494.880000
0xdc1557d2f3f153a2f791981c521cfa38618e7124,1,1,0.100000
0xdc1ac996b8a7144e494c3771db866046c62f344e,1,1,0.100000
0xdc20e45d8006710ac2c56ca68990c6d2be0687cd,1,1,25.000000
0xdc27c1f0cb68ee68085b1923c71cc7410a584d0f,1,1,1.990000
0xdc31145aa86e4e5fc0d2716bfad8866dce0100f2,1,1,0.100000
0xdc3e013d6c0e01d0f6889cf3064c28b3db2428de,1,1,16.760000
0xdc4911d9969b0223eaefe525017f984ab535e116,1,1,20.510000
0xdc52e7e35696c37edbca94a775850f5993ca44c9,1,1,0.100000
0xdc5471cb3134e0b1eaac57ba79a6f26826c8f06a,1,1,0.500000
0xdc5be33ac8e8e2513d212955502bd8499eaa3f3f,1,1,0.100000
0xdc6f3a56a8e2002d58d6e610b7c7dcef1afeaf39,1,1,56.950000
0xdc7983d4a4d7f98315e3407da691eaf18e2d18a3,1,1,125.440000
0xdc8b1b3a6f59c391908f3597e6e30d1e6c2170a5,1,1,63.471199
0xdca8872486d73b89621581689605f44e2f20a309,1,1,0.010000
0xdcadb5232ae2b75d587b6ce48f7e1518b71a2023,1,1,0.010000
0xdcbd108d37dd17961434589232e29d88cec227f9,1,1,0.010000
0xdcbfd3eae70c16c4d30e33c601f7705da9722008,1,1,23.600000
0xdcbfea539199ed43894fd19fe8546ffb885d7f9c,1,1,270.000000
0xdcc19f90438a4de7b9a1e0384240b2896e464229,1,1,0.010000
0xdcd2cd0c60e97ab8e8c143671daf1cf1ab92a20f,1,1,13.504381
0xdce625a780ca400103a20ac15be42c933d12964f,1,1,106.680000
0xdd086903e7dffcf8b930996753918bc6b403042c,1,1,0.100000
0xdd0d72883b2d28d5ea1bdeadd1cf089cca6a9aef,1,1,0.100000
0xdd1306213d15511ef52b2153379f3cf7149cc945,1,1,0.100000
0xdd22f434e7ca8c8058ae0819330fcd2fef1b62e8,1,1,0.010000
0xdd26a9c768cab64b9aeaf08d4fe320a05f62b28a,1,1,136.670000
0xdd4318ea71e6848ffb32eb3ad2ea3d39b4fc3f33,1,1,200.030000
0xdd4dcf8b9b26862691e267dcc758a68b17bd8f92,1,1,580.090000
0xdd50caf0d62c257929e3dbcc914b418c138a053e,1,1,0.060000
0xdd5a81398ba38a546e556105ef1f4da282f3ca44,1,1,0.000020
0xdd5dc685be10058bf4d1e86ddc3b81ccebcf5d85,1,1,0.100000
0xdd5f130355bd44d5b34f574cac26033c16dc374c,1,1,0.010000
0xdd6770c0ba8910f9518401f0bc3f28248830d737,1,1,0.100000
0xdd80213a239328fa533c3d49be56c91b41877874,1,1,353.950000
0xdd80fa8f95dee007815fdc21282a73540570a01e,1,1,102.000000
0xdd882982b817c86c5a088ba7ea4c6d3598ea6ffb,1,1,2.610000
0xdd9003767cec30fa5da52f6aa0e42be853fcb345,1,1,11.777785
0xddae89990e7e3edb0d8d6cced737278ed8d95e0d,1,1,0.100000
0xddbcd554f3053b60054ffc36115b1b7a1b5d0787,1,1,231.890000
0xddc2e39563ae88c764ae4aaaaeb935c5bd4ac7f7,1,1,0.003000
0xddcf80ab843ea0ca3f4a20885be9c422e6bbed6a,1,1,0.100000
0xdde82db3eeea4c9efb229cba23a209acfe04a713,1,1,0.100000
0xddee83ce78c39008bc1eaee57ae2eccd60c9dc5f,1,1,0.010000
0xddf0f145243de63554b9cd8902ca773fa489191a,1,1,0.010000
0xddfb8864fecbc09e0967d533cb410d3d5f4087ad,1,1,29.130000
0xde00ede6e6288d068c87590b3968378f62ad396d,1,1,0.010000
0xde01e4dd950cfd19e91849aa3c578eb70e16f2ce,1,1,0.005000
0xde03f51b8fcd64e11f45e2c2b4b2c4919c0c474e,1,1,0.010000
0xde15c65e25c74b264d18d69ab43616f1ea8f6041,1,1,0.003000
0xde2705821eaab47ff3be2d3870e105bb6e9721bf,1,1,0.100000
0xde2f1da097d411072666948fc9e7cdb0f46fa11a,1,1,0.004000
0xde345b7fc55a804723640bcad11964dafea0c823,1,1,10.000000
0xde37c799cf394d9d21c199d99a5dc553042d73e3,1,1,114.930000
0xde3d2e25be6d7fa6fa1ebb69fb9868ee50efa170,1,1,0.010000
0xde46633c021177311efd294eafdca77d94142bd6,1,1,0.010000
0xde49b0c6d42c082c3ee8d856dfe05a57eab169a8,1,1,58.890000
0xde4c62265d06e82f56a783b83e0618e6a6fd11d7,1,1,20.500000
0xde664c39c3a6acb95c5e30cd5bc3fed63e88c173,1,1,0.010000
0xde7367a9fbdb330d20b2c0ebae3c40247098e6e1,1,1,37.330000
0xde796cdff16c853f1c2ed853b9edee6f3e96e7a5,1,1,23.660000
0xde8b5b7e75e66904e259e61ceff7792625d0c87a,1,1,0.100000
0xde91aca2cfd6ab03daf86a193f103829976e78d9,1,1,115.740000
0xde9e45805a494ee8b276ff2ca23002884b299b92,1,1,2.270000
0xdeb1bcdf890739894434ca2e7dd7996fa8cf75a2,1,1,41.100000
0xdec0c6a7b9a3b93e3cf7b787f3fcaa90dedf8f47,1,1,0.010000
0xdecf876f22186a7b30779bccd7946caddef17951,1,1,43.820000
0xded0843bb58cd88f63924c5e42af47063095f64c,1,1,0.100000
0xded086a2835b458805f51eae4e5a66d15a5af662,1,1,0.012600
0xded8c30fb97ecedac16b6c0a75081c5259beed11,1,1,0.010000
0xded9f9c25e1370a4dd756a03583dc0c1bf1b0b13,1,1,100.000000
0xdee5eefee2774846c6f0f2592aac6fc4458c7835,1,1,12.160000
0xdee7675a22c4eb3eb9189d2cdc3fea5a93cd5d50,1,1,0.100000
0xdf01bb7e812cd30d43c707659b896d5776e724fc,1,1,0.003000
0xdf1a9a33e61fb02fecee90eb18b6bde08c77f460,1,1,100.000000
0xdf1f780584fe63f610feb36c38427bae9bfac74c,1,1,58.760000
0xdf332440abf2ec43e37f951eff1f7995d3b9fff5,1,1,50.000000
0xdf37cf98042063e369ba1315dc18ec21535be214,1,1,110.600000
0xdf388797d8a6b9e577fd8ff604757ec4180ece1c,1,1,0.010000
0xdf43cda0a613446ff9fb2724a2b9579864a83507,1,1,186.240000
0xdf4be59de1e4ca40a3a8d440d2f1de788dc609ed,1,1,10.930000
0xdf4dd9596dc02bd766cbb246b9bec170c1b56d18,1,1,0.100000
0xdf52fbde7f41278c81c654be56c203085755698e,1,1,0.100000
0xdf6e61cd68010ed317f4cdb68ed7c834ef4ca444,1,1,250.000000
0xdf6f638f75e0ab625487673279cdaaae2cf90616,1,1,314.670000
0xdf8047bdcb80f5e41b5ce9594919c13a758d4c70,1,1,0.100000
0xdf89ce311c6c8e357b1964bdc69861cd680d9a3b,1,1,50.000000
0xdf8ae8074f582e92bc32d5e2f82230f7ab590ca1,1,1,686.520000
0xdf8e44b18bc5db643a6d8d5ab2c84d932054e95a,1,1,0.003000
0xdf916aeab4fe18f8d1b2040634bbd34b7a4775ae,1,1,0.100000
0xdfa2621dc4215847675b6e5cb490d5a9e870d6a6,1,1,36.050000
0xdfb0ee7360b3def847c961e92670b968b03b5f6b,1,1,116.000000
0xdfb8dffa38cd0c412cebb00123dd302147b2bc94,1,1,0.100000
0xdfb965d3dfca13e6af158ea0d7356e48a26d4ce5,1,1,0.100000
0xdfbb70372739bb54b54dda6dbbcd35f490b05352,1,1,40.848120
0xdfbbb4ea282f186540ed7ee538f09b6c8ecf69d0,1,1,115.150000
0xdfc2b302f0bef9b0c6f53934c1ba9ad4a5548fbc,1,1,5.760000
0xdfcad9cd9ca5cd2b67f0f20ec64ac17f249d7807,1,1,113.670000
0xdfcfb2a918bc89089a0487290631ec19948c47be,1,1,216.160000
0xdfd9eabc0d65e42cc56208e36658867587096447,1,1,0.010000
0xdfef158e80e7a575a7fcecc70093e2baa18e9a49,1,1,0.100000
0xdff61759cbd6b595a2474a83db61eaa22c406a6e,1,1,2.000000
0xdffea4859aed961c43542a1f897ae35a4c7c79cf,1,1,0.100000
0xe0049e444f5f03d957e32a6fc586d668e93f8e2c,1,1,0.020000
0xe021c99c6f3bd4986b094326741e0db2fc76d780,1,1,0.100000
0xe02329357058e1c31d813ca040b4f313a1000cd2,1,1,20.500000
0xe02bb14a0efc6f13001d2788518b799a68053e35,1,1,0.010000
0xe03b542dfa5b01e6b393769629dd00254632414d,1,1,0.100000
0xe03ce3a34913f1a2245854fca79e4fbba789e10c,1,1,0.006000
0xe045f89d9258bbb82dbae053f101f9d9649314e6,1,1,0.100000
0xe0485e8bf04f47f74029ca9cef5990191ec1b5d8,1,1,0.100000
0xe053c40840bd678f1dc2f8c40fbaae267badaa31,1,1,0.100000
0xe056075accfe9d431b4d2e4700683f0f66bf9c99,1,1,0.010000
0xe05b2a92353fb9dc2525007d11f33d798b35b9a6,1,1,25.300000
0xe0850cf8ebabe35faa50981e94c4298e96035690,1,1,0.010000
0xe09857bac69546f226dff860f5b985a11c5d2353,1,1,0.100000
0xe0b0adefea56500e65408eaf7d92a19aa88e5e20,1,1,15.000000
0xe0b394155fe503f1630357e5c85ca166c6a9b537,1,1,6.840000
0xe0b6938c38d3eeea9b62532c4847ae10763c9901,1,1,15.000000
0xe0beb7022732b6c4491f375988ce85e45208918e,1,1,0.003000
0xe0c52e312714fe6c947289bc1bd7dfbc08ff1276,1,1,0.100000
0xe0cb21f57feb3658a115b6470f432b5d0b711ea1,1,1,0.010000
0xe0d17a5b4f23a83f20a106be197c071105eddb8d,1,1,0.010000
0xe0e4d8ea43e4cec3a853cddd1a6e935ee4155573,1,1,0.010000
0xe0f3bd86a5e55be9f0a11d219b795ae8fa942322,1,1,0.010000
0xe0f4dac2f18b4c62a568171af9b0d7ea6f305c81,1,1,0.100000
0xe0f7ccf2dcda25c15e424fa6963352f140820f71,1,1,0.100000
0xe1020006a77fd16eeae3a39c5642d997afc0708d,1,1,0.010000
0xe10b656f769fce594b8c9e2189db0c08d55f4ea9,1,1,0.005000
0xe1164624199af89dec0c20a8f3c500527266396d,1,1,11.150000
0xe117dc512a06059ea58fa46af75cb3ff5c7dbb9b,1,1,5.000000
0xe117e1b28407dc882aa59faec94c35411c9f7bf3,1,1,0.010000
0xe11c39a83b56d9ef04c3692ed566c115afb07bc5,1,1,0.010000
0xe126720371ecf4ad2a9606dede0d92d497774aab,1,1,1.850000
0xe12cdc844a4bb90bb2478e26b69e42ae75b1bb41,1,1,0.010000
0xe145db6b1f3c2c2eff081a84ba60d6ebcd2b8231,1,1,0.010000
0xe14728982bc31e7c8a996c3ab0b501155d1d17cc,1,1,750.000000
0xe14d5f443640d619e63cdfce1d4fdd1f1271457c,1,1,51.010000
0xe14dea393910058b7c0f358b2cf632e28d88317c,1,1,300.000000
0xe15ad85556b56e020a7e05b0b9646ac57014de29,1,1,373.100000
0xe15b4429d9d7e3462845357bc83c606aa853a258,1,1,51.000000
0xe169f3443b47444e35c598ecd89f0bd93c8f08c2,1,1,0.100000
0xe172aae00188d48ae629a8780b165600793930e1,1,1,0.100000
0xe1845dcf9c03d09d3c9e1c705e30a5fec82434bc,1,1,112.380000
0xe190d091c036c6a3e2ce0e15fc84f4ed4568d56b,1,1,1.110000
0xe19d249c2fc31157179c89aaf1ea3e6fd2d9a099,1,1,2.499625
0xe1a5d53e12c7426acf9ddbe680a9402ab51c8131,1,1,2.010000
0xe1a82416d509a1517fe389515a6578dffe833ee8,1,1,582.000000
0xe1a9f2e2b0271d1c3832d77602145b243a58010c,1,1,0.100000
0xe1abc651912ca9d33d8d763fac53443074c4e751,1,1,0.010000
0xe1ac9965cc6da1f48e55e9acb75af515e895535e,1,1,0.100000
0xe1c160ac5f1b11a5b3e1020a9f91fc3c963b434d,1,1,11.070000
0xe1c7e57a409391e237b387b784e50bac28e51e70,1,1,0.100000
0xe1d138acece0e9d3fa763ee7b015bdc1b0bcf991,1,1,231.090000
0xe1d195157a3a53330ec51a8dbf9afd46e6ce212e,1,1,112.430000
0xe1d335dfbce66e1340e1c356fc9509ee93e68a3b,1,1,461.380000
0xe1d7afcc4f93cef9515bfbed5a7c9154f87c6f7c,1,1,110.380000
0xe1d927e460c4b7b6040494c37812a6828d9fdbe0,1,1,53.260000
0xe1e49e7ce501909f2becbaadd22ad299ef10cfe8,1,1,0.010000
0xe20ee32a60d6d6459c8b60d0ae2f28b00d287d5b,1,1,0.005000
0xe22003b8227617880ee13b8399b23d96f6cab857,1,1,0.100000
0xe22b429b16f0026e7962c384bdfaccb8d4ca57ff,1,1,0.003000
0xe22ee8691af2d8892cb3f6f5ea0dae3fa71cfcfe,1,1,0.010000
0xe230fa07fa4e08e08bc44229f50a0828e8ec49f0,1,1,0.100000
0xe232718f4ae73ec0ef3430e52813400bead3c549,1,1,346.060000
0xe2343d57739c843e73e091879b0d7deeb5c33061,1,1,0.100000
0xe237cd761394ae0c1351fe1ca2c8f7b3868184c9,1,1,0.100000
0xe23eac69e77790a683e65536a30613776fa27685,1,1,0.005000
0xe24258c89b80691606007bcf9336bc5b08038c1f,1,1,0.100000
0xe267af55f0856ff0c43e60e8f24cccbc0f381abc,1,1,23.550000
0xe27e5b1f3a5dadda5e06b404d4e0e18f3b17a97b,1,1,0.010000
0xe285e78caa14a6709175ef4425578ce103253cb5,1,1,0.001000
0xe28f08e74ccd796c60213e1045f3c9bd6ab83ccf,1,1,1.150000
0xe29a25e1dbfabb74602a6143cc9907485e5cf3a5,1,1,0.100000
0xe29c14f054ae38ecc2ad6b6e3e5656f3cf91525e,1,1,0.005000
0xe29c572e6423c6597c1d53c418a91b37f45fa91f,1,1,205.400000
0xe2a56dbb44058290531da54e6c25432198402d2b,1,1,0.100000
0xe2b79e3a3fb1d063c35febf9afdc806f6df249d4,1,1,20.520000
0xe2ca543502ff8945b44bb82de84865e4f5b9e359,1,1,0.100000
0xe2d16826ffa1c580a09104e4850b1990464593d8,1,1,10.940000
0xe2f2c2672330f280182482a63999f50d97747baf,1,1,115.190000
0xe30566a52b565d96425d921d658eefd0e887e486,1,1,0.002000
0xe30d2886d74ea6a1305bb65c50fad7a0cf277166,1,1,58.710000
0xe33ed0cab4b8798e2bb07a89548c57d00d2eb5d6,1,1,0.100000
0xe34231873072c5747c337fff2159a4e833da6434,1,1,0.056320
0xe351f46fc3cc2a0c717d4b8d2a70f244e40adde3,1,1,6.290000
0xe35bbc404d5ad0c4da6d17ebc61d2ad5625ae9e0,1,1,203.060000
0xe36340781d7cd3c9e475c26510d23851015c7368,1,1,0.100000
0xe36fc5ea5ce0b88a098141b5bc9b0c8308279b74,1,1,510.010000
0xe376d929745ca7419826e376ffd9a805571c2ff5,1,1,1.000000
0xe3844a0847329e9eb1b9df7b57aedc1ebe83efce,1,1,0.010000
0xe3922ce818c41a53030d90addc3707c129c917e7,1,1,1.120000
0xe3954804f15429dc69002f2c1d6dc1f2de1bb242,1,1,0.100000
0xe3963338651dbf9c10caebcf0becf5a5f9130ae5,1,1,13.660000
0xe39afff0852533fa18004e696eeae67a7bd8cefa,1,1,0.100000
0xe3ad27a902f0adbcee158b1939c593c507777084,1,1,129.550000
0xe3af3987edd1e068e3637d5d9a462faa4b09fcbd,1,1,99.970984
0xe3b205da6d47989538f03553bc394d941677ffd3,1,1,0.388206
0xe3b557f4449dd46d680b2a475f4268370fe25ba9,1,1,31.000000
0xe3be9b68c56981d98063db16756707344ddffede,1,1,0.100000
0xe3ccedb6f777daaa95b697c5234009c717bc070b,1,1,0.010000
0xe3cd16958e269442715d54f01095c1297986b035,1,1,0.100000
0xe3d6b2d26d33166eb44f4c2c231d396734cccc16,1,1,50.490000
0xe3fc7f606ef0129f9925e6e65333f2bcc42c6989,1,1,0.100000
0xe40c21d93e50e1729fb3441c48885d1ba7782c6a,1,1,0.100000
0xe41f06537b7bf28fb291238832512cee9cbcb64d,1,1,113.780000
0xe41f678d4966aba009b44e91c73fb8900230ad2c,1,1,2.000000
0xe42129ab24d48694b39c8bf506f592bbb02d93b1,1,1,284.410000
0xe42b038ec1c5652b1a17ab87c4912cdc5eba0d7f,1,1,23.741787
0xe42b46ea00d5d7d4a85b74be32adc60a1cd92f60,1,1,0.360000
0xe44df091febec309f7ba3f9ea08b4e9a56b7fb18,1,1,0.010000
0xe45220439c6214ef9a6c17b06aa850f9d9e204f5,1,1,0.010000
0xe45f8c02fc04da2c0c0bebc2ead8a2b9b6db285f,1,1,0.010000
0xe46039714f7f94d190469434313e69bc5665d3fa,1,1,0.010000
0xe463a5efd8a503036f8c6e365c7ba969bd5d684e,1,1,0.100000
0xe47c58f1af55e809fbe5a944da61c3b778b5e71a,1,1,56.880000
0xe47e0e965feba79721c65483c093cd8c329ae21c,1,1,60.000000
0xe483ba2dcc1a945feaf4012beecf7c4859be1779,1,1,0.100000
0xe48573ac28ad8a6649eb96c2426c287d07aa1eaf,1,1,0.100000
0xe48d6926df7d5b30fcc9eb6c0cffce30c3335898,1,1,0.100000
0xe499567d1dd564b512ee4262296b2acd18acb50e,1,1,0.100000
0xe49a827fa5eb8c01f7b7e74946ade699ab71dd83,1,1,0.100000
0xe49b68f63bd79b1530a1e191de9ca65f3146c82b,1,1,0.100000
0xe4b45141bc8361398ba741e9e3da903a8ff6813a,1,1,0.100000
0xe4b66955991f5e6ffefbb6b1187fee543e5e8894,1,1,23.970000
0xe4bdd346d179d57786117f92dcdad94e3032985d,1,1,15.000000
0xe4be2193dbfc0ad0aa8c804d0c56b3f5543380dc,1,1,0.100000
0xe4c5d2db7e860d16fb2eefc3c58d10212bc5d8da,1,1,10.000000
0xe4e4c038b2ae7acc73c64dba880d19086af13317,1,1,0.100000
0xe4f3c8059db3f1e2575f96ca7be91a05fa6a8869,1,1,2.930000
0xe4f456e25a946e8beeff2c9fc428a60beacd98e0,1,1,0.010000
0xe4fa6325dcdca65f0fb79aea3f2a5a12e98a06dd,1,1,14.240000
0xe4fae8a23bd7a9dbfb9ec81cdbf125e09b3175fa,1,1,0.010000
0xe50608124fd2a40c1dca4468d334ecd395ad17a1,1,1,0.005000
0xe5075ee99f76706222e95d8a7375b32b676090c4,1,1,0.100000
0xe514d1d479d2ebf3c3f6e808e9899acf58d422e3,1,1,5.150000
0xe51f1bc0092797a8700eb3d4ff9a57a290b230ac,1,1,117.500000
0xe52598367aa628ac46b33cfbd9f45b1efd7d4769,1,1,95.760000
0xe527c3e9f5dd73f5d915cfc1fbbfdb8d01d55195,1,1,0.100000
0xe52c33a6d422d05b232ac3c1e3cd64b853eeccc2,1,1,71.460000
0xe530074abaa8ba93abb0ea121b737896aa416242,1,1,25.000000
0xe536a7b5ecca091bf6c7662738b7156fff079e6b,1,1,0.005000
0xe54035474ddf1fd093751833a2c021f4338f7587,1,1,0.010000
0xe547072269dac7e52678fd6bdbdf243e9f34eeb8,1,1,0.010000
0xe54aff176fb15fdf06bb9afda62697c8a8f7ea6f,1,1,3.460000
0xe551388b683bb1e34e27e5a7b00eabe79b080bf7,1,1,5.000000
0xe558b3db86a9d8bcc6dddba61ff927bd205293cf,1,1,22.920000
0xe55a7157b184c39fa9b95a5130b59f0c594969ea,1,1,116.480000
0xe55aaae04c43258d1281c7cf8769abe563b187ac,1,1,0.100000
0xe55fa72002a7e73d22fff2942f90bb82bb8dffb8,1,1,0.100000
0xe564ddf8181c7f58fc064a10ee83aadc6773adb7,1,1,23.000000
0xe5769dca83c244714418cbd51972aea171f0bc1a,1,1,115.580000
0xe5785dc0b99176a33999479e5c51234bf7d7c245,1,1,150.000000
0xe58156892a002a9ee7713bc026d4ccf52a693912,1,1,292.780000
0xe585ce73cc1a0de619138faf93d7dd8aae5650c8,1,1,0.001000
0xe585cfe652bfd919e0985fb4066cc33793d3bf4c,1,1,0.320000
0xe5941849f882cbe70e8725083aa06e6a2c360624,1,1,171.080000
0xe59f15c49d6aaf068e6c49d63f75b6da9e8c3d5a,1,1,3.810000
0xe5ab8ba9317d5f6388ec6dd2c1e9214a68ef037a,1,1,0.100000
0xe5add53c7f99e083435d4aad239fbad722012679,1,1,162.413406
0xe5ae2201901ee85dd3a8a5aecc4e05482639e297,1,1,1.850000
0xe5b52843ec819a9b26e393adb18f30ef672cdd72,1,1,0.005000
0xe5c11655454d2d3b187119dd08ed67f027a62a52,1,1,288.330000
0xe5c9ed375ad8d9a645a489469816acf2bc146e8b,1,1,128.016620
0xe5cf293fc026b1940e2234ea22bff4637b8b5b35,1,1,106.840000
0xe5d439a9a5532cbd7e46b62ada36ff8590fcca81,1,1,138.060000
0xe5d9ba335b3ed6ac977f7efbbbb97aee3bcf7012,1,1,0.100000
0xe5fd4810baa049f63bc780fbbec4322af0661104,1,1,170.650000
0xe5ffabca0ed1c2972361dda828ca50a58ffd8e70,1,1,0.720000
0xe6021a3d10b6a7f4c8179ad3248faa551b589397,1,1,29.000000
0xe606ae66542d4f1a56aa551841db41e3ecd26816,1,1,0.100000
0xe60f0001df9985e7ead78875ac1846f5e5f83d2d,1,1,0.020000
0xe61bd34fcedf14e0b41b582166eed69e3a6def89,1,1,0.050000
0xe63589c83c97e362a63970070a726175c7139aa2,1,1,34.000000
0xe63be5b2f97403125b8d8fad03c079881b898091,1,1,0.400000
0xe64dd3fca28cca942834f298d99b486cf7886242,1,1,2.700000
0xe65e64322a16d5671bb829105effa18e0df74fd6,1,1,15.000000
0xe6694e5129f467808f5fc1ca2072cdb7b0910df9,1,1,20.660000
0xe66e05d3493a6abd75679518f2e154fd0d9aa938,1,1,0.010000
0xe66e36b5066bd2105f72ef4f4e222124d31616a9,1,1,0.004000
0xe6768741d47b26b4660b31c7e604cf720d89adc0,1,1,36.060000
0xe680012e9ca4d08e207eb33a748e22c978272b85,1,1,0.100000
0xe686bf73246fb669004c12067381b6af22be2ead,1,1,23.310000
0xe6875737ca58dc0d29edebc305bc5ca85bd38895,1,1,0.010000
0xe6893994238b516b50fbecc3946d17b548eae4b6,1,1,118.070000
0xe68a1a6935b661ebbf13142f74b91e4fed004e3d,1,1,0.100000
0xe69649b3fb2ce6822044ac09e8555dbd3e2c1b3b,1,1,0.010000
0xe69856311a02230d84881ad830e6184f6a6fc474,1,1,11.610000
0xe6d7f75d2384482e5513fd47c5a513d82335de30,1,1,312.536177
0xe6e0b87f4ce01cbbb2064f7da83e2dcd5ba6e7c2,1,1,0.100000
0xe6fe4fa04f4353de12ce0c841ca2aa5321aba9f6,1,1,0.100000
0xe72a8a323295edb32a6fdc6885eb175e0b9e76fd,1,1,170.520000
0xe734149bdde100964e2f35422ebe6e769f5e6e23,1,1,14.240000
0xe736e8e8af4720e379b399b3323e42b0c44cdc8f,1,1,0.010000
0xe73b26a55cfd0cc2f9bd41eaab215f1195d63fa2,1,1,0.003000
0xe750ffea0615220ad32a0dbe7455531fa4567f19,1,1,0.100000
0xe75e872ce31b6344f9aba963c8c23297f1cdd90b,1,1,1.000000
0xe76cdae8ce6f032038c10efffc8f202fe22555c3,1,1,170.550000
0xe77249ec6ff0a86416c14fa74235d514a17ebca3,1,1,1.090000
0xe7740363cef95585a5c658e8cca984d2475b09d9,1,1,0.100000
0xe77828176acb7884a83d816aafdce7462a04b980,1,1,0.100000
0xe781b0d5bfbe835b62b736f56d2fdb9e632b6e0e,1,1,3.260000
0xe785f12c419c083d50326bd1811ea1b86228f3dd,1,1,0.010000
0xe79f49a847ec0d05c12e3515823f17733ed0342c,1,1,5.776678
0xe7a3153d0ac956091d3b4b70eb8190e312e066b8,1,1,188.760000
0xe7a37cd77d7f53286ce32d66b4555d7c2488bf1f,1,1,0.050000
0xe7a8b780a039242237f3066f425d88f982e44d0f,1,1,0.100000
0xe7c2ad32be8033b08697e5751aaf8e36241fdc55,1,1,0.100000
0xe7c2afc99dadbffe24a7b35d4c66d8c662cd4833,1,1,39.969972
0xe7d2b3af7103cb61351cf8924cf07cadb046e844,1,1,51.000000
0xe7f63ff647c9f8b1c434498ab02af9ff163ff0f1,1,1,0.005000
0xe805d8545589dc279e013812e53984b97a27621f,1,1,66.460000
0xe809443ba2f76937ae688de709fd4d1dd9a3b75a,1,1,46.340000
0xe80bf9535ae4506e3985e758379487d71c7f439c,1,1,38.563432
0xe80c19cdbacd42d2e3acdae6fba08adc58a3522f,1,1,23.270000
0xe815958b7d3692ea49263d3a57e0f8f0bcfd4546,1,1,32.000000
0xe825b3a26caac9a24da8bc5034d2e702f689fce9,1,1,58.230000
0xe82ea420a87f9daeca716295f564d1da99637e8e,1,1,0.010000
0xe83783eaf62b6e88f773dc270924927843e7b237,1,1,171.810000
0xe84994282add68ca01dc8793a1ab15eac2355924,1,1,0.950000
0xe85a564e7f5166fdb599e91d2e3139e86d241c2c,1,1,115.600000
0xe85e5ebf44a322d704c93e66fbc05ab1bd8c7cca,1,1,0.010000
0xe85ee5d3ba51f1b5fc7ed0026cbe412f54fba5e4,1,1,587.330000
0xe86c476666ffaa8df24708153494479652ee03a2,1,1,0.010000
0xe879f8362bc008facce63bb5e82fad98cc3e8e1a,1,1,0.100000
0xe87c294e1139c31770727193e3be0cced73d6aa3,1,1,20.000000
0xe87c9e192df8dedcc2389260b15427c38a4a0ba6,1,1,0.100000
0xe889c49c9f3d68c4f29795cf13ce60b7189c377e,1,1,0.010000
0xe8951ecff84e632ac90016134e82183aa3e78fa6,1,1,100.000000
0xe8a1b3525984d55b95d3a9aa26f32bab60d5fac8,1,1,6.189756
0xe8a4d985b56f879457a123a10417073fff7a3505,1,1,173.300000
0xe8b6633810dbe28d51ffddd697c21eb1c76b9a7d,1,1,358.380000
0xe8bee97a648462c49dd3aad69e7fef14b86cd9f3,1,1,22.480089
0xe8d037f01612071189d765a9abd7a97c4fed58bc,1,1,24.000000
0xe8d06bca881ba2f86eb154e1236ab526e3751fac,1,1,355.300000
0xe8d3dca3a48508aa29e5e518089c58ec2a8bb88c,1,1,0.002000
0xe8d6e37e49c1efe016c997775daee1652ae3e1a2,1,1,0.010000
0xe8df1ae7e5fee2de4e2f19a1b3935cf7f8d80950,1,1,28.800000
0xe8dfa1963e95a2a5b16fdba442103a06e0c3f98d,1,1,9.550000
0xe8e68ffe833d86b0d1e0511d8baaadecba567a9b,1,1,234.810000
0xe8f18370bcfe30a106329226b7d5a74f4e459c91,1,1,11.050000
0xe8feb942124bafacd94f57c57c003ae636a9cce4,1,1,57.540000
0xe8fff927b026cb7830da91f1e67ac4f4c5eb7631,1,1,0.100000
0xe9043766fe4699a9b38f8ae6d0158ce2b20913e6,1,1,115.280000
0xe906d4e1992ab4b1a37b74b5d1528773ee3dd990,1,1,0.100000
0xe922b8adabf95dd47565c9829f2570e70b817b34,1,1,20.000055
0xe926ff83450c8490b532413b7615a21c6b90a9d9,1,1,0.100000
0xe938e0da6c48052d1ed13ae0a23f63bda2e0e67c,1,1,0.100000
0xe9498ce2735dcc526cc99fccff08552bfb559f51,1,1,20.510000
0xe949d47a48211ccc57b808e5c96ef2c7df0f8485,1,1,0.010000
0xe94c01a34dcb25daf17dce3f354ec39ddb24b6f1,1,1,0.010000
0xe951aa2e48a075aee5954d938d021c3f0ffa9aad,1,1,100.000000
0xe951fd860d293d6ae6786b82caee25f7e03676f3,1,1,24.420000
0xe955641a7251ea9e6b6213d63ed2f7e91e182916,1,1,0.590000
0xe96a230f69c208f5d87b4ed2bcba2ecb641f38e6,1,1,1.510000
0xe972fac2088dd4c3dd795231a6fa9a22a3108c15,1,1,0.100000
0xe9759020f096b9266022c84967eb18a854f65f32,1,1,5.460000
0xe97a20eac685274321a672f1f3bcbc0dee1e033e,1,1,204.000000
0xe97e159cddabae0d95c51a02237108b06f8ea49f,1,1,0.100000
0xe98218c8395f6bf7518b62935a383f033f3d9978,1,1,0.100000
0xe989fdc033b1e3554bce5e4c72f47e1e10addd27,1,1,0.010000
0xe99532714df5aa87baf95d6aa18dd7e90ac51299,1,1,31.930000
0xe9980484f3b8728e43f68344743352e9ff759765,1,1,353.150000
0xe99b47b6e9b222801337a027ddab97299851665e,1,1,0.100000
0xe9bf6b1458bf62bc724dc2a48101bcb841dae05a,1,1,0.010000
0xe9d5582b92363e6270aeed0de31f2d1a38ca9897,1,1,20.000000
0xe9eabc880e17d45e1fb2c0b75ed3b369b4cdb353,1,1,0.003000
0xe9f334a092ba516fd202ad018c91d45de81a29b1,1,1,23.590000
0xe9f8cc9ae92dafd7750a7f1f6b2304eb7755575d,1,1,0.010000
0xe9f9d7c36f5c08cb2a992b4494e8aa25494fbb08,1,1,6.390000
0xe9fb8c70af1b99f2baaa07aa926fcf3d237348dd,1,1,5.329952
0xea040a177c51576b4f9edb8e17fba32a45b4fff8,1,1,510.010000
0xea05111d596ef483500964f27c092cfa6012c621,1,1,0.100000
0xea09e00ca624e79cb674f1527e2a0580d758e99d,1,1,179.744405
0xea0bcc76d5ecb908a5f365b7135498f74c091490,1,1,80.590000
0xea11794cc830a50a48729e1ddaa251fb9b910c33,1,1,510.110000
0xea3081f055e277b05c8c2e397163b8a3e6795b5c,1,1,1020.000000
